dataset_id,frame_id,timestamp,width,height,num_objects,output_frame
cao_qiao_001,0,0.000000,3840,2160,26,0
cao_qiao_001,1,0.033367,3840,2160,25,1
cao_qiao_001,2,0.066733,3840,2160,26,2
cao_qiao_001,3,0.100100,3840,2160,23,3
cao_qiao_001,4,0.133467,3840,2160,25,4
cao_qiao_001,5,0.166834,3840,2160,23,5
cao_qiao_001,6,0.200200,3840,2160,23,6
cao_qiao_001,7,0.233567,3840,2160,22,7
cao_qiao_001,8,0.266934,3840,2160,22,8
cao_qiao_001,9,0.300300,3840,2160,22,9
cao_qiao_001,10,0.333667,3840,2160,22,10
cao_qiao_001,11,0.367034,3840,2160,22,11
cao_qiao_001,12,0.400400,3840,2160,22,12
cao_qiao_001,13,0.433767,3840,2160,22,13
cao_qiao_001,14,0.467134,3840,2160,22,14
cao_qiao_001,15,0.500501,3840,2160,22,15
cao_qiao_001,16,0.533867,3840,2160,21,16
cao_qiao_001,17,0.567234,3840,2160,20,17
cao_qiao_001,18,0.600601,3840,2160,21,18
cao_qiao_001,19,0.633967,3840,2160,21,19
cao_qiao_001,20,0.667334,3840,2160,22,20
cao_qiao_001,21,0.700701,3840,2160,21,21
cao_qiao_001,22,0.734067,3840,2160,21,22
cao_qiao_001,23,0.767434,3840,2160,21,23
cao_qiao_001,24,0.800801,3840,2160,21,24
cao_qiao_001,25,0.834168,3840,2160,20,25
cao_qiao_001,26,0.867534,3840,2160,20,26
cao_qiao_001,27,0.900901,3840,2160,22,27
cao_qiao_001,28,0.934268,3840,2160,21,28
cao_qiao_001,29,0.967634,3840,2160,21,29
cao_qiao_001,30,1.001001,3840,2160,21,30
cao_qiao_001,31,1.034368,3840,2160,21,31
cao_qiao_001,32,1.067734,3840,2160,23,32
cao_qiao_001,33,1.101101,3840,2160,23,33
cao_qiao_001,34,1.134468,3840,2160,23,34
cao_qiao_001,35,1.167835,3840,2160,23,35
cao_qiao_001,36,1.201201,3840,2160,23,36
cao_qiao_001,37,1.234568,3840,2160,23,37
cao_qiao_001,38,1.267935,3840,2160,23,38
cao_qiao_001,39,1.301301,3840,2160,22,39
cao_qiao_001,40,1.334668,3840,2160,22,40
cao_qiao_001,41,1.368035,3840,2160,23,41
cao_qiao_001,42,1.401401,3840,2160,23,42
cao_qiao_001,43,1.434768,3840,2160,23,43
cao_qiao_001,44,1.468135,3840,2160,23,44
cao_qiao_001,45,1.501502,3840,2160,24,45
cao_qiao_001,46,1.534868,3840,2160,24,46
cao_qiao_001,47,1.568235,3840,2160,25,47
cao_qiao_001,48,1.601602,3840,2160,25,48
cao_qiao_001,49,1.634968,3840,2160,25,49
cao_qiao_001,50,1.668335,3840,2160,25,50
cao_qiao_001,51,1.701702,3840,2160,25,51
cao_qiao_001,52,1.735068,3840,2160,24,52
cao_qiao_001,53,1.768435,3840,2160,23,53
cao_qiao_001,54,1.801802,3840,2160,23,54
cao_qiao_001,55,1.835169,3840,2160,24,55
cao_qiao_001,56,1.868535,3840,2160,24,56
cao_qiao_001,57,1.901902,3840,2160,25,57
cao_qiao_001,58,1.935269,3840,2160,25,58
cao_qiao_001,59,1.968635,3840,2160,25,59
cao_qiao_001,60,2.002002,3840,2160,25,60
cao_qiao_001,61,2.035369,3840,2160,25,61
cao_qiao_001,62,2.068735,3840,2160,25,62
cao_qiao_001,63,2.102102,3840,2160,25,63
cao_qiao_001,64,2.135469,3840,2160,25,64
cao_qiao_001,65,2.168836,3840,2160,25,65
cao_qiao_001,66,2.202202,3840,2160,25,66
cao_qiao_001,67,2.235569,3840,2160,25,67
cao_qiao_001,68,2.268936,3840,2160,25,68
cao_qiao_001,69,2.302302,3840,2160,25,69
cao_qiao_001,70,2.335669,3840,2160,24,70
cao_qiao_001,71,2.369036,3840,2160,24,71
cao_qiao_001,72,2.402402,3840,2160,24,72
cao_qiao_001,73,2.435769,3840,2160,24,73
cao_qiao_001,74,2.469136,3840,2160,24,74
cao_qiao_001,75,2.502503,3840,2160,24,75
cao_qiao_001,76,2.535869,3840,2160,24,76
cao_qiao_001,77,2.569236,3840,2160,24,77
cao_qiao_001,78,2.602603,3840,2160,25,78
cao_qiao_001,79,2.635969,3840,2160,23,79
cao_qiao_001,80,2.669336,3840,2160,23,80
cao_qiao_001,81,2.702703,3840,2160,23,81
cao_qiao_001,82,2.736069,3840,2160,24,82
cao_qiao_001,83,2.769436,3840,2160,25,83
cao_qiao_001,84,2.802803,3840,2160,25,84
cao_qiao_001,85,2.836170,3840,2160,25,85
cao_qiao_001,86,2.869536,3840,2160,25,86
cao_qiao_001,87,2.902903,3840,2160,25,87
cao_qiao_001,88,2.936270,3840,2160,24,88
cao_qiao_001,89,2.969636,3840,2160,24,89
cao_qiao_001,90,3.003003,3840,2160,24,90
cao_qiao_001,91,3.036370,3840,2160,24,91
cao_qiao_001,92,3.069736,3840,2160,24,92
cao_qiao_001,93,3.103103,3840,2160,23,93
cao_qiao_001,94,3.136470,3840,2160,23,94
cao_qiao_001,95,3.169837,3840,2160,23,95
cao_qiao_001,96,3.203203,3840,2160,22,96
cao_qiao_001,97,3.236570,3840,2160,22,97
cao_qiao_001,98,3.269937,3840,2160,22,98
cao_qiao_001,99,3.303303,3840,2160,22,99
cao_qiao_001,100,3.336670,3840,2160,20,100
cao_qiao_001,101,3.370037,3840,2160,20,101
cao_qiao_001,102,3.403403,3840,2160,20,102
cao_qiao_001,103,3.436770,3840,2160,20,103
cao_qiao_001,104,3.470137,3840,2160,20,104
cao_qiao_001,105,3.503504,3840,2160,21,105
cao_qiao_001,106,3.536870,3840,2160,21,106
cao_qiao_001,107,3.570237,3840,2160,20,107
cao_qiao_001,108,3.603604,3840,2160,19,108
cao_qiao_001,109,3.636970,3840,2160,20,109
cao_qiao_001,110,3.670337,3840,2160,20,110
cao_qiao_001,111,3.703704,3840,2160,20,111
cao_qiao_001,112,3.737070,3840,2160,20,112
cao_qiao_001,113,3.770437,3840,2160,21,113
cao_qiao_001,114,3.803804,3840,2160,20,114
cao_qiao_001,115,3.837171,3840,2160,20,115
cao_qiao_001,116,3.870537,3840,2160,20,116
cao_qiao_001,117,3.903904,3840,2160,20,117
cao_qiao_001,118,3.937271,3840,2160,19,118
cao_qiao_001,119,3.970637,3840,2160,19,119
cao_qiao_001,120,4.004004,3840,2160,19,120
cao_qiao_001,121,4.037371,3840,2160,19,121
cao_qiao_001,122,4.070737,3840,2160,20,122
cao_qiao_001,123,4.104104,3840,2160,20,123
cao_qiao_001,124,4.137471,3840,2160,20,124
cao_qiao_001,125,4.170838,3840,2160,21,125
cao_qiao_001,126,4.204204,3840,2160,20,126
cao_qiao_001,127,4.237571,3840,2160,19,127
cao_qiao_001,128,4.270938,3840,2160,19,128
cao_qiao_001,129,4.304304,3840,2160,19,129
cao_qiao_001,130,4.337671,3840,2160,20,130
cao_qiao_001,131,4.371038,3840,2160,20,131
cao_qiao_001,132,4.404404,3840,2160,19,132
cao_qiao_001,133,4.437771,3840,2160,18,133
cao_qiao_001,134,4.471138,3840,2160,18,134
cao_qiao_001,135,4.504505,3840,2160,18,135
cao_qiao_001,136,4.537871,3840,2160,18,136
cao_qiao_001,137,4.571238,3840,2160,18,137
cao_qiao_001,138,4.604605,3840,2160,18,138
cao_qiao_001,139,4.637971,3840,2160,18,139
cao_qiao_001,140,4.671338,3840,2160,18,140
cao_qiao_001,141,4.704705,3840,2160,18,141
cao_qiao_001,142,4.738071,3840,2160,18,142
cao_qiao_001,143,4.771438,3840,2160,18,143
cao_qiao_001,144,4.804805,3840,2160,18,144
cao_qiao_001,145,4.838172,3840,2160,19,145
cao_qiao_001,146,4.871538,3840,2160,18,146
cao_qiao_001,147,4.904905,3840,2160,18,147
cao_qiao_001,148,4.938272,3840,2160,18,148
cao_qiao_001,149,4.971638,3840,2160,18,149
cao_qiao_001,150,5.005005,3840,2160,18,150
cao_qiao_001,151,5.038372,3840,2160,18,151
cao_qiao_001,152,5.071738,3840,2160,18,152
cao_qiao_001,153,5.105105,3840,2160,18,153
cao_qiao_001,154,5.138472,3840,2160,18,154
cao_qiao_001,155,5.171839,3840,2160,18,155
cao_qiao_001,156,5.205205,3840,2160,18,156
cao_qiao_001,157,5.238572,3840,2160,19,157
cao_qiao_001,158,5.271939,3840,2160,19,158
cao_qiao_001,159,5.305305,3840,2160,19,159
cao_qiao_001,160,5.338672,3840,2160,20,160
cao_qiao_001,161,5.372039,3840,2160,20,161
cao_qiao_001,162,5.405405,3840,2160,19,162
cao_qiao_001,163,5.438772,3840,2160,18,163
cao_qiao_001,164,5.472139,3840,2160,18,164
cao_qiao_001,165,5.505506,3840,2160,19,165
cao_qiao_001,166,5.538872,3840,2160,18,166
cao_qiao_001,167,5.572239,3840,2160,19,167
cao_qiao_001,168,5.605606,3840,2160,20,168
cao_qiao_001,169,5.638972,3840,2160,19,169
cao_qiao_001,170,5.672339,3840,2160,19,170
cao_qiao_001,171,5.705706,3840,2160,18,171
cao_qiao_001,172,5.739072,3840,2160,18,172
cao_qiao_001,173,5.772439,3840,2160,18,173
cao_qiao_001,174,5.805806,3840,2160,19,174
cao_qiao_001,175,5.839173,3840,2160,19,175
cao_qiao_001,176,5.872539,3840,2160,19,176
cao_qiao_001,177,5.905906,3840,2160,19,177
cao_qiao_001,178,5.939273,3840,2160,19,178
cao_qiao_001,179,5.972639,3840,2160,19,179
cao_qiao_001,180,6.006006,3840,2160,20,180
cao_qiao_001,181,6.039373,3840,2160,19,181
cao_qiao_001,182,6.072739,3840,2160,20,182
cao_qiao_001,183,6.106106,3840,2160,20,183
cao_qiao_001,184,6.139473,3840,2160,19,184
cao_qiao_001,185,6.172840,3840,2160,21,185
cao_qiao_001,186,6.206206,3840,2160,20,186
cao_qiao_001,187,6.239573,3840,2160,20,187
cao_qiao_001,188,6.272940,3840,2160,19,188
cao_qiao_001,189,6.306306,3840,2160,18,189
cao_qiao_001,190,6.339673,3840,2160,18,190
cao_qiao_001,191,6.373040,3840,2160,18,191
cao_qiao_001,192,6.406406,3840,2160,19,192
cao_qiao_001,193,6.439773,3840,2160,19,193
cao_qiao_001,194,6.473140,3840,2160,19,194
cao_qiao_001,195,6.506507,3840,2160,19,195
cao_qiao_001,196,6.539873,3840,2160,19,196
cao_qiao_001,197,6.573240,3840,2160,21,197
cao_qiao_001,198,6.606607,3840,2160,21,198
cao_qiao_001,199,6.639973,3840,2160,20,199
cao_qiao_001,200,6.673340,3840,2160,20,200
cao_qiao_001,201,6.706707,3840,2160,19,201
cao_qiao_001,202,6.740073,3840,2160,19,202
cao_qiao_001,203,6.773440,3840,2160,19,203
cao_qiao_001,204,6.806807,3840,2160,19,204
cao_qiao_001,205,6.840174,3840,2160,20,205
cao_qiao_001,206,6.873540,3840,2160,19,206
cao_qiao_001,207,6.906907,3840,2160,18,207
cao_qiao_001,208,6.940274,3840,2160,17,208
cao_qiao_001,209,6.973640,3840,2160,17,209
cao_qiao_001,210,7.007007,3840,2160,17,210
cao_qiao_001,211,7.040374,3840,2160,18,211
cao_qiao_001,212,7.073740,3840,2160,18,212
cao_qiao_001,213,7.107107,3840,2160,19,213
cao_qiao_001,214,7.140474,3840,2160,19,214
cao_qiao_001,215,7.173841,3840,2160,20,215
cao_qiao_001,216,7.207207,3840,2160,19,216
cao_qiao_001,217,7.240574,3840,2160,17,217
cao_qiao_001,218,7.273941,3840,2160,17,218
cao_qiao_001,219,7.307307,3840,2160,18,219
cao_qiao_001,220,7.340674,3840,2160,18,220
cao_qiao_001,221,7.374041,3840,2160,17,221
cao_qiao_001,222,7.407407,3840,2160,17,222
cao_qiao_001,223,7.440774,3840,2160,17,223
cao_qiao_001,224,7.474141,3840,2160,17,224
cao_qiao_001,225,7.507508,3840,2160,17,225
cao_qiao_001,226,7.540874,3840,2160,17,226
cao_qiao_001,227,7.574241,3840,2160,17,227
cao_qiao_001,228,7.607608,3840,2160,18,228
cao_qiao_001,229,7.640974,3840,2160,18,229
cao_qiao_001,230,7.674341,3840,2160,17,230
cao_qiao_001,231,7.707708,3840,2160,17,231
cao_qiao_001,232,7.741074,3840,2160,17,232
cao_qiao_001,233,7.774441,3840,2160,18,233
cao_qiao_001,234,7.807808,3840,2160,18,234
cao_qiao_001,235,7.841175,3840,2160,18,235
cao_qiao_001,236,7.874541,3840,2160,19,236
cao_qiao_001,237,7.907908,3840,2160,18,237
cao_qiao_001,238,7.941275,3840,2160,17,238
cao_qiao_001,239,7.974641,3840,2160,17,239
cao_qiao_001,240,8.008008,3840,2160,17,240
cao_qiao_001,241,8.041375,3840,2160,18,241
cao_qiao_001,242,8.074741,3840,2160,18,242
cao_qiao_001,243,8.108108,3840,2160,18,243
cao_qiao_001,244,8.141475,3840,2160,18,244
cao_qiao_001,245,8.174842,3840,2160,18,245
cao_qiao_001,246,8.208208,3840,2160,18,246
cao_qiao_001,247,8.241575,3840,2160,18,247
cao_qiao_001,248,8.274942,3840,2160,18,248
cao_qiao_001,249,8.308308,3840,2160,18,249
cao_qiao_001,250,8.341675,3840,2160,18,250
cao_qiao_001,251,8.375042,3840,2160,18,251
cao_qiao_001,252,8.408408,3840,2160,18,252
cao_qiao_001,253,8.441775,3840,2160,18,253
cao_qiao_001,254,8.475142,3840,2160,18,254
cao_qiao_001,255,8.508509,3840,2160,18,255
cao_qiao_001,256,8.541875,3840,2160,18,256
cao_qiao_001,257,8.575242,3840,2160,19,257
cao_qiao_001,258,8.608609,3840,2160,18,258
cao_qiao_001,259,8.641975,3840,2160,18,259
cao_qiao_001,260,8.675342,3840,2160,17,260
cao_qiao_001,261,8.708709,3840,2160,17,261
cao_qiao_001,262,8.742075,3840,2160,18,262
cao_qiao_001,263,8.775442,3840,2160,18,263
cao_qiao_001,264,8.808809,3840,2160,17,264
cao_qiao_001,265,8.842176,3840,2160,17,265
cao_qiao_001,266,8.875542,3840,2160,17,266
cao_qiao_001,267,8.908909,3840,2160,17,267
cao_qiao_001,268,8.942276,3840,2160,16,268
cao_qiao_001,269,8.975642,3840,2160,16,269
cao_qiao_001,270,9.009009,3840,2160,16,270
cao_qiao_001,271,9.042376,3840,2160,16,271
cao_qiao_001,272,9.075742,3840,2160,17,272
cao_qiao_001,273,9.109109,3840,2160,17,273
cao_qiao_001,274,9.142476,3840,2160,17,274
cao_qiao_001,275,9.175843,3840,2160,17,275
cao_qiao_001,276,9.209209,3840,2160,16,276
cao_qiao_001,277,9.242576,3840,2160,16,277
cao_qiao_001,278,9.275943,3840,2160,16,278
cao_qiao_001,279,9.309309,3840,2160,17,279
cao_qiao_001,280,9.342676,3840,2160,17,280
cao_qiao_001,281,9.376043,3840,2160,17,281
cao_qiao_001,282,9.409409,3840,2160,16,282
cao_qiao_001,283,9.442776,3840,2160,16,283
cao_qiao_001,284,9.476143,3840,2160,16,284
cao_qiao_001,285,9.509510,3840,2160,16,285
cao_qiao_001,286,9.542876,3840,2160,16,286
cao_qiao_001,287,9.576243,3840,2160,16,287
cao_qiao_001,288,9.609610,3840,2160,16,288
cao_qiao_001,289,9.642976,3840,2160,16,289
cao_qiao_001,290,9.676343,3840,2160,16,290
cao_qiao_001,291,9.709710,3840,2160,17,291
cao_qiao_001,292,9.743076,3840,2160,17,292
cao_qiao_001,293,9.776443,3840,2160,17,293
cao_qiao_001,294,9.809810,3840,2160,17,294
cao_qiao_001,295,9.843177,3840,2160,17,295
cao_qiao_001,296,9.876543,3840,2160,16,296
cao_qiao_001,297,9.909910,3840,2160,16,297
cao_qiao_001,298,9.943277,3840,2160,16,298
cao_qiao_001,299,9.976643,3840,2160,16,299
cao_qiao_001,300,10.010010,3840,2160,16,300
cao_qiao_001,301,10.043377,3840,2160,16,301
cao_qiao_001,302,10.076743,3840,2160,17,302
cao_qiao_001,303,10.110110,3840,2160,17,303
cao_qiao_001,304,10.143477,3840,2160,17,304
cao_qiao_001,305,10.176844,3840,2160,16,305
cao_qiao_001,306,10.210210,3840,2160,16,306
cao_qiao_001,307,10.243577,3840,2160,16,307
cao_qiao_001,308,10.276944,3840,2160,15,308
cao_qiao_001,309,10.310310,3840,2160,15,309
cao_qiao_001,310,10.343677,3840,2160,15,310
cao_qiao_001,311,10.377044,3840,2160,15,311
cao_qiao_001,312,10.410410,3840,2160,16,312
cao_qiao_001,313,10.443777,3840,2160,17,313
cao_qiao_001,314,10.477144,3840,2160,15,314
cao_qiao_001,315,10.510511,3840,2160,15,315
cao_qiao_001,316,10.543877,3840,2160,16,316
cao_qiao_001,317,10.577244,3840,2160,16,317
cao_qiao_001,318,10.610611,3840,2160,17,318
cao_qiao_001,319,10.643977,3840,2160,17,319
cao_qiao_001,320,10.677344,3840,2160,16,320
cao_qiao_001,321,10.710711,3840,2160,16,321
cao_qiao_001,322,10.744077,3840,2160,16,322
cao_qiao_001,323,10.777444,3840,2160,16,323
cao_qiao_001,324,10.810811,3840,2160,16,324
cao_qiao_001,325,10.844178,3840,2160,16,325
cao_qiao_001,326,10.877544,3840,2160,17,326
cao_qiao_001,327,10.910911,3840,2160,17,327
cao_qiao_001,328,10.944278,3840,2160,16,328
cao_qiao_001,329,10.977644,3840,2160,16,329
cao_qiao_001,330,11.011011,3840,2160,16,330
cao_qiao_001,331,11.044378,3840,2160,16,331
cao_qiao_001,332,11.077744,3840,2160,16,332
cao_qiao_001,333,11.111111,3840,2160,15,333
cao_qiao_001,334,11.144478,3840,2160,15,334
cao_qiao_001,335,11.177845,3840,2160,14,335
cao_qiao_001,336,11.211211,3840,2160,14,336
cao_qiao_001,337,11.244578,3840,2160,14,337
cao_qiao_001,338,11.277945,3840,2160,15,338
cao_qiao_001,339,11.311311,3840,2160,16,339
cao_qiao_001,340,11.344678,3840,2160,17,340
cao_qiao_001,341,11.378045,3840,2160,18,341
cao_qiao_001,342,11.411411,3840,2160,17,342
cao_qiao_001,343,11.444778,3840,2160,17,343
cao_qiao_001,344,11.478145,3840,2160,18,344
cao_qiao_001,345,11.511512,3840,2160,19,345
cao_qiao_001,346,11.544878,3840,2160,19,346
cao_qiao_001,347,11.578245,3840,2160,19,347
cao_qiao_001,348,11.611612,3840,2160,18,348
cao_qiao_001,349,11.644978,3840,2160,18,349
cao_qiao_001,350,11.678345,3840,2160,17,350
cao_qiao_001,351,11.711712,3840,2160,18,351
cao_qiao_001,352,11.745078,3840,2160,18,352
cao_qiao_001,353,11.778445,3840,2160,19,353
cao_qiao_001,354,11.811812,3840,2160,19,354
cao_qiao_001,355,11.845179,3840,2160,17,355
cao_qiao_001,356,11.878545,3840,2160,17,356
cao_qiao_001,357,11.911912,3840,2160,17,357
cao_qiao_001,358,11.945279,3840,2160,17,358
cao_qiao_001,359,11.978645,3840,2160,16,359
cao_qiao_001,360,12.012012,3840,2160,16,360
cao_qiao_001,361,12.045379,3840,2160,16,361
cao_qiao_001,362,12.078745,3840,2160,18,362
cao_qiao_001,363,12.112112,3840,2160,19,363
cao_qiao_001,364,12.145479,3840,2160,19,364
cao_qiao_001,365,12.178846,3840,2160,19,365
cao_qiao_001,366,12.212212,3840,2160,20,366
cao_qiao_001,367,12.245579,3840,2160,20,367
cao_qiao_001,368,12.278946,3840,2160,20,368
cao_qiao_001,369,12.312312,3840,2160,20,369
cao_qiao_001,370,12.345679,3840,2160,20,370
cao_qiao_001,371,12.379046,3840,2160,20,371
cao_qiao_001,372,12.412412,3840,2160,19,372
cao_qiao_001,373,12.445779,3840,2160,19,373
cao_qiao_001,374,12.479146,3840,2160,19,374
cao_qiao_001,375,12.512513,3840,2160,19,375
cao_qiao_001,376,12.545879,3840,2160,19,376
cao_qiao_001,377,12.579246,3840,2160,19,377
cao_qiao_001,378,12.612613,3840,2160,19,378
cao_qiao_001,379,12.645979,3840,2160,20,379
cao_qiao_001,380,12.679346,3840,2160,19,380
cao_qiao_001,381,12.712713,3840,2160,19,381
cao_qiao_001,382,12.746079,3840,2160,19,382
cao_qiao_001,383,12.779446,3840,2160,20,383
cao_qiao_001,384,12.812813,3840,2160,20,384
cao_qiao_001,385,12.846180,3840,2160,20,385
cao_qiao_001,386,12.879546,3840,2160,20,386
cao_qiao_001,387,12.912913,3840,2160,20,387
cao_qiao_001,388,12.946280,3840,2160,20,388
cao_qiao_001,389,12.979646,3840,2160,20,389
cao_qiao_001,390,13.013013,3840,2160,20,390
cao_qiao_001,391,13.046380,3840,2160,19,391
cao_qiao_001,392,13.079746,3840,2160,19,392
cao_qiao_001,393,13.113113,3840,2160,19,393
cao_qiao_001,394,13.146480,3840,2160,19,394
cao_qiao_001,395,13.179847,3840,2160,19,395
cao_qiao_001,396,13.213213,3840,2160,19,396
cao_qiao_001,397,13.246580,3840,2160,19,397
cao_qiao_001,398,13.279947,3840,2160,18,398
cao_qiao_001,399,13.313313,3840,2160,18,399
cao_qiao_001,400,13.346680,3840,2160,18,400
cao_qiao_001,401,13.380047,3840,2160,18,401
cao_qiao_001,402,13.413413,3840,2160,18,402
cao_qiao_001,403,13.446780,3840,2160,18,403
cao_qiao_001,404,13.480147,3840,2160,19,404
cao_qiao_001,405,13.513514,3840,2160,19,405
cao_qiao_001,406,13.546880,3840,2160,19,406
cao_qiao_001,407,13.580247,3840,2160,18,407
cao_qiao_001,408,13.613614,3840,2160,19,408
cao_qiao_001,409,13.646980,3840,2160,18,409
cao_qiao_001,410,13.680347,3840,2160,19,410
cao_qiao_001,411,13.713714,3840,2160,18,411
cao_qiao_001,412,13.747080,3840,2160,19,412
cao_qiao_001,413,13.780447,3840,2160,18,413
cao_qiao_001,414,13.813814,3840,2160,19,414
cao_qiao_001,415,13.847181,3840,2160,19,415
cao_qiao_001,416,13.880547,3840,2160,19,416
cao_qiao_001,417,13.913914,3840,2160,18,417
cao_qiao_001,418,13.947281,3840,2160,18,418
cao_qiao_001,419,13.980647,3840,2160,19,419
cao_qiao_001,420,14.014014,3840,2160,19,420
cao_qiao_001,421,14.047381,3840,2160,20,421
cao_qiao_001,422,14.080747,3840,2160,20,422
cao_qiao_001,423,14.114114,3840,2160,20,423
cao_qiao_001,424,14.147481,3840,2160,20,424
cao_qiao_001,425,14.180848,3840,2160,20,425
cao_qiao_001,426,14.214214,3840,2160,20,426
cao_qiao_001,427,14.247581,3840,2160,20,427
cao_qiao_001,428,14.280948,3840,2160,19,428
cao_qiao_001,429,14.314314,3840,2160,19,429
cao_qiao_001,430,14.347681,3840,2160,19,430
cao_qiao_001,431,14.381048,3840,2160,19,431
cao_qiao_001,432,14.414414,3840,2160,19,432
cao_qiao_001,433,14.447781,3840,2160,19,433
cao_qiao_001,434,14.481148,3840,2160,19,434
cao_qiao_001,435,14.514515,3840,2160,18,435
cao_qiao_001,436,14.547881,3840,2160,17,436
cao_qiao_001,437,14.581248,3840,2160,17,437
cao_qiao_001,438,14.614615,3840,2160,16,438
cao_qiao_001,439,14.647981,3840,2160,16,439
cao_qiao_001,440,14.681348,3840,2160,16,440
cao_qiao_001,441,14.714715,3840,2160,18,441
cao_qiao_001,442,14.748081,3840,2160,19,442
cao_qiao_001,443,14.781448,3840,2160,18,443
cao_qiao_001,444,14.814815,3840,2160,18,444
cao_qiao_001,445,14.848182,3840,2160,18,445
cao_qiao_001,446,14.881548,3840,2160,18,446
cao_qiao_001,447,14.914915,3840,2160,18,447
cao_qiao_001,448,14.948282,3840,2160,18,448
cao_qiao_001,449,14.981648,3840,2160,17,449
cao_qiao_001,450,15.015015,3840,2160,17,450
cao_qiao_001,451,15.048382,3840,2160,17,451
cao_qiao_001,452,15.081748,3840,2160,18,452
cao_qiao_001,453,15.115115,3840,2160,18,453
cao_qiao_001,454,15.148482,3840,2160,17,454
cao_qiao_001,455,15.181849,3840,2160,17,455
cao_qiao_001,456,15.215215,3840,2160,17,456
cao_qiao_001,457,15.248582,3840,2160,17,457
cao_qiao_001,458,15.281949,3840,2160,18,458
cao_qiao_001,459,15.315315,3840,2160,16,459
cao_qiao_001,460,15.348682,3840,2160,16,460
cao_qiao_001,461,15.382049,3840,2160,16,461
cao_qiao_001,462,15.415415,3840,2160,17,462
cao_qiao_001,463,15.448782,3840,2160,18,463
cao_qiao_001,464,15.482149,3840,2160,18,464
cao_qiao_001,465,15.515516,3840,2160,18,465
cao_qiao_001,466,15.548882,3840,2160,17,466
cao_qiao_001,467,15.582249,3840,2160,17,467
cao_qiao_001,468,15.615616,3840,2160,17,468
cao_qiao_001,469,15.648982,3840,2160,17,469
cao_qiao_001,470,15.682349,3840,2160,17,470
cao_qiao_001,471,15.715716,3840,2160,18,471
cao_qiao_001,472,15.749082,3840,2160,19,472
cao_qiao_001,473,15.782449,3840,2160,17,473
cao_qiao_001,474,15.815816,3840,2160,17,474
cao_qiao_001,475,15.849183,3840,2160,17,475
cao_qiao_001,476,15.882549,3840,2160,18,476
cao_qiao_001,477,15.915916,3840,2160,18,477
cao_qiao_001,478,15.949283,3840,2160,18,478
cao_qiao_001,479,15.982649,3840,2160,18,479
cao_qiao_001,480,16.016016,3840,2160,18,480
cao_qiao_001,481,16.049383,3840,2160,18,481
cao_qiao_001,482,16.082749,3840,2160,18,482
cao_qiao_001,483,16.116116,3840,2160,18,483
cao_qiao_001,484,16.149483,3840,2160,19,484
cao_qiao_001,485,16.182850,3840,2160,18,485
cao_qiao_001,486,16.216216,3840,2160,18,486
cao_qiao_001,487,16.249583,3840,2160,18,487
cao_qiao_001,488,16.282950,3840,2160,17,488
cao_qiao_001,489,16.316316,3840,2160,18,489
cao_qiao_001,490,16.349683,3840,2160,18,490
cao_qiao_001,491,16.383050,3840,2160,19,491
cao_qiao_001,492,16.416416,3840,2160,19,492
cao_qiao_001,493,16.449783,3840,2160,18,493
cao_qiao_001,494,16.483150,3840,2160,18,494
cao_qiao_001,495,16.516517,3840,2160,19,495
cao_qiao_001,496,16.549883,3840,2160,18,496
cao_qiao_001,497,16.583250,3840,2160,18,497
cao_qiao_001,498,16.616617,3840,2160,18,498
cao_qiao_001,499,16.649983,3840,2160,18,499
cao_qiao_001,500,16.683350,3840,2160,18,500
cao_qiao_001,501,16.716717,3840,2160,18,501
cao_qiao_001,502,16.750083,3840,2160,18,502
cao_qiao_001,503,16.783450,3840,2160,17,503
cao_qiao_001,504,16.816817,3840,2160,18,504
cao_qiao_001,505,16.850184,3840,2160,18,505
cao_qiao_001,506,16.883550,3840,2160,19,506
cao_qiao_001,507,16.916917,3840,2160,21,507
cao_qiao_001,508,16.950284,3840,2160,21,508
cao_qiao_001,509,16.983650,3840,2160,21,509
cao_qiao_001,510,17.017017,3840,2160,20,510
cao_qiao_001,511,17.050384,3840,2160,20,511
cao_qiao_001,512,17.083750,3840,2160,20,512
cao_qiao_001,513,17.117117,3840,2160,20,513
cao_qiao_001,514,17.150484,3840,2160,19,514
cao_qiao_001,515,17.183851,3840,2160,19,515
cao_qiao_001,516,17.217217,3840,2160,19,516
cao_qiao_001,517,17.250584,3840,2160,20,517
cao_qiao_001,518,17.283951,3840,2160,19,518
cao_qiao_001,519,17.317317,3840,2160,19,519
cao_qiao_001,520,17.350684,3840,2160,19,520
cao_qiao_001,521,17.384051,3840,2160,19,521
cao_qiao_001,522,17.417417,3840,2160,18,522
cao_qiao_001,523,17.450784,3840,2160,18,523
cao_qiao_001,524,17.484151,3840,2160,18,524
cao_qiao_001,525,17.517518,3840,2160,19,525
cao_qiao_001,526,17.550884,3840,2160,19,526
cao_qiao_001,527,17.584251,3840,2160,20,527
cao_qiao_001,528,17.617618,3840,2160,20,528
cao_qiao_001,529,17.650984,3840,2160,21,529
cao_qiao_001,530,17.684351,3840,2160,21,530
cao_qiao_001,531,17.717718,3840,2160,19,531
cao_qiao_001,532,17.751084,3840,2160,18,532
cao_qiao_001,533,17.784451,3840,2160,18,533
cao_qiao_001,534,17.817818,3840,2160,19,534
cao_qiao_001,535,17.851185,3840,2160,19,535
cao_qiao_001,536,17.884551,3840,2160,18,536
cao_qiao_001,537,17.917918,3840,2160,18,537
cao_qiao_001,538,17.951285,3840,2160,18,538
cao_qiao_001,539,17.984651,3840,2160,18,539
cao_qiao_001,540,18.018018,3840,2160,18,540
cao_qiao_001,541,18.051385,3840,2160,18,541
cao_qiao_001,542,18.084751,3840,2160,18,542
cao_qiao_001,543,18.118118,3840,2160,18,543
cao_qiao_001,544,18.151485,3840,2160,18,544
cao_qiao_001,545,18.184852,3840,2160,17,545
cao_qiao_001,546,18.218218,3840,2160,17,546
cao_qiao_001,547,18.251585,3840,2160,18,547
cao_qiao_001,548,18.284952,3840,2160,18,548
cao_qiao_001,549,18.318318,3840,2160,18,549
cao_qiao_001,550,18.351685,3840,2160,19,550
cao_qiao_001,551,18.385052,3840,2160,19,551
cao_qiao_001,552,18.418418,3840,2160,19,552
cao_qiao_001,553,18.451785,3840,2160,19,553
cao_qiao_001,554,18.485152,3840,2160,20,554
cao_qiao_001,555,18.518519,3840,2160,20,555
cao_qiao_001,556,18.551885,3840,2160,20,556
cao_qiao_001,557,18.585252,3840,2160,20,557
cao_qiao_001,558,18.618619,3840,2160,20,558
cao_qiao_001,559,18.651985,3840,2160,19,559
cao_qiao_001,560,18.685352,3840,2160,19,560
cao_qiao_001,561,18.718719,3840,2160,18,561
cao_qiao_001,562,18.752085,3840,2160,20,562
cao_qiao_001,563,18.785452,3840,2160,20,563
cao_qiao_001,564,18.818819,3840,2160,20,564
cao_qiao_001,565,18.852186,3840,2160,20,565
cao_qiao_001,566,18.885552,3840,2160,20,566
cao_qiao_001,567,18.918919,3840,2160,19,567
cao_qiao_001,568,18.952286,3840,2160,19,568
cao_qiao_001,569,18.985652,3840,2160,19,569
cao_qiao_001,570,19.019019,3840,2160,19,570
cao_qiao_001,571,19.052386,3840,2160,20,571
cao_qiao_001,572,19.085752,3840,2160,20,572
cao_qiao_001,573,19.119119,3840,2160,20,573
cao_qiao_001,574,19.152486,3840,2160,21,574
cao_qiao_001,575,19.185853,3840,2160,20,575
cao_qiao_001,576,19.219219,3840,2160,19,576
cao_qiao_001,577,19.252586,3840,2160,18,577
cao_qiao_001,578,19.285953,3840,2160,19,578
cao_qiao_001,579,19.319319,3840,2160,20,579
cao_qiao_001,580,19.352686,3840,2160,19,580
cao_qiao_001,581,19.386053,3840,2160,18,581
cao_qiao_001,582,19.419419,3840,2160,18,582
cao_qiao_001,583,19.452786,3840,2160,18,583
cao_qiao_001,584,19.486153,3840,2160,18,584
cao_qiao_001,585,19.519520,3840,2160,18,585
cao_qiao_001,586,19.552886,3840,2160,20,586
cao_qiao_001,587,19.586253,3840,2160,21,587
cao_qiao_001,588,19.619620,3840,2160,20,588
cao_qiao_001,589,19.652986,3840,2160,19,589
cao_qiao_001,590,19.686353,3840,2160,19,590
cao_qiao_001,591,19.719720,3840,2160,21,591
cao_qiao_001,592,19.753086,3840,2160,20,592
cao_qiao_001,593,19.786453,3840,2160,19,593
cao_qiao_001,594,19.819820,3840,2160,20,594
cao_qiao_001,595,19.853187,3840,2160,22,595
cao_qiao_001,596,19.886553,3840,2160,22,596
cao_qiao_001,597,19.919920,3840,2160,22,597
cao_qiao_001,598,19.953287,3840,2160,22,598
cao_qiao_001,599,19.986653,3840,2160,22,599
cao_qiao_001,600,20.020020,3840,2160,21,600
cao_qiao_001,601,20.053387,3840,2160,20,601
cao_qiao_001,602,20.086753,3840,2160,20,602
cao_qiao_001,603,20.120120,3840,2160,22,603
cao_qiao_001,604,20.153487,3840,2160,22,604
cao_qiao_001,605,20.186854,3840,2160,22,605
cao_qiao_001,606,20.220220,3840,2160,22,606
cao_qiao_001,607,20.253587,3840,2160,21,607
cao_qiao_001,608,20.286954,3840,2160,20,608
cao_qiao_001,609,20.320320,3840,2160,20,609
cao_qiao_001,610,20.353687,3840,2160,20,610
cao_qiao_001,611,20.387054,3840,2160,20,611
cao_qiao_001,612,20.420420,3840,2160,20,612
cao_qiao_001,613,20.453787,3840,2160,20,613
cao_qiao_001,614,20.487154,3840,2160,21,614
cao_qiao_001,615,20.520521,3840,2160,21,615
cao_qiao_001,616,20.553887,3840,2160,21,616
cao_qiao_001,617,20.587254,3840,2160,20,617
cao_qiao_001,618,20.620621,3840,2160,20,618
cao_qiao_001,619,20.653987,3840,2160,19,619
cao_qiao_001,620,20.687354,3840,2160,19,620
cao_qiao_001,621,20.720721,3840,2160,20,621
cao_qiao_001,622,20.754087,3840,2160,20,622
cao_qiao_001,623,20.787454,3840,2160,20,623
cao_qiao_001,624,20.820821,3840,2160,20,624
cao_qiao_001,625,20.854188,3840,2160,19,625
cao_qiao_001,626,20.887554,3840,2160,19,626
cao_qiao_001,627,20.920921,3840,2160,19,627
cao_qiao_001,628,20.954288,3840,2160,19,628
cao_qiao_001,629,20.987654,3840,2160,19,629
cao_qiao_001,630,21.021021,3840,2160,19,630
cao_qiao_001,631,21.054388,3840,2160,21,631
cao_qiao_001,632,21.087754,3840,2160,20,632
cao_qiao_001,633,21.121121,3840,2160,20,633
cao_qiao_001,634,21.154488,3840,2160,21,634
cao_qiao_001,635,21.187855,3840,2160,21,635
cao_qiao_001,636,21.221221,3840,2160,20,636
cao_qiao_001,637,21.254588,3840,2160,20,637
cao_qiao_001,638,21.287955,3840,2160,20,638
cao_qiao_001,639,21.321321,3840,2160,20,639
cao_qiao_001,640,21.354688,3840,2160,19,640
cao_qiao_001,641,21.388055,3840,2160,18,641
cao_qiao_001,642,21.421421,3840,2160,18,642
cao_qiao_001,643,21.454788,3840,2160,18,643
cao_qiao_001,644,21.488155,3840,2160,20,644
cao_qiao_001,645,21.521522,3840,2160,17,645
cao_qiao_001,646,21.554888,3840,2160,18,646
cao_qiao_001,647,21.588255,3840,2160,19,647
cao_qiao_001,648,21.621622,3840,2160,19,648
cao_qiao_001,649,21.654988,3840,2160,20,649
cao_qiao_001,650,21.688355,3840,2160,20,650
cao_qiao_001,651,21.721722,3840,2160,20,651
cao_qiao_001,652,21.755088,3840,2160,19,652
cao_qiao_001,653,21.788455,3840,2160,19,653
cao_qiao_001,654,21.821822,3840,2160,19,654
cao_qiao_001,655,21.855189,3840,2160,19,655
cao_qiao_001,656,21.888555,3840,2160,19,656
cao_qiao_001,657,21.921922,3840,2160,19,657
cao_qiao_001,658,21.955289,3840,2160,18,658
cao_qiao_001,659,21.988655,3840,2160,18,659
cao_qiao_001,660,22.022022,3840,2160,18,660
cao_qiao_001,661,22.055389,3840,2160,18,661
cao_qiao_001,662,22.088755,3840,2160,19,662
cao_qiao_001,663,22.122122,3840,2160,19,663
cao_qiao_001,664,22.155489,3840,2160,19,664
cao_qiao_001,665,22.188856,3840,2160,19,665
cao_qiao_001,666,22.222222,3840,2160,19,666
cao_qiao_001,667,22.255589,3840,2160,18,667
cao_qiao_001,668,22.288956,3840,2160,18,668
cao_qiao_001,669,22.322322,3840,2160,18,669
cao_qiao_001,670,22.355689,3840,2160,19,670
cao_qiao_001,671,22.389056,3840,2160,18,671
cao_qiao_001,672,22.422422,3840,2160,18,672
cao_qiao_001,673,22.455789,3840,2160,17,673
cao_qiao_001,674,22.489156,3840,2160,18,674
cao_qiao_001,675,22.522523,3840,2160,18,675
cao_qiao_001,676,22.555889,3840,2160,17,676
cao_qiao_001,677,22.589256,3840,2160,17,677
cao_qiao_001,678,22.622623,3840,2160,18,678
cao_qiao_001,679,22.655989,3840,2160,18,679
cao_qiao_001,680,22.689356,3840,2160,17,680
cao_qiao_001,681,22.722723,3840,2160,17,681
cao_qiao_001,682,22.756089,3840,2160,18,682
cao_qiao_001,683,22.789456,3840,2160,18,683
cao_qiao_001,684,22.822823,3840,2160,18,684
cao_qiao_001,685,22.856190,3840,2160,18,685
cao_qiao_001,686,22.889556,3840,2160,17,686
cao_qiao_001,687,22.922923,3840,2160,17,687
cao_qiao_001,688,22.956290,3840,2160,16,688
cao_qiao_001,689,22.989656,3840,2160,17,689
cao_qiao_001,690,23.023023,3840,2160,16,690
cao_qiao_001,691,23.056390,3840,2160,16,691
cao_qiao_001,692,23.089756,3840,2160,17,692
cao_qiao_001,693,23.123123,3840,2160,19,693
cao_qiao_001,694,23.156490,3840,2160,18,694
cao_qiao_001,695,23.189857,3840,2160,17,695
cao_qiao_001,696,23.223223,3840,2160,16,696
cao_qiao_001,697,23.256590,3840,2160,16,697
cao_qiao_001,698,23.289957,3840,2160,16,698
cao_qiao_001,699,23.323323,3840,2160,16,699
cao_qiao_001,700,23.356690,3840,2160,16,700
cao_qiao_001,701,23.390057,3840,2160,16,701
cao_qiao_001,702,23.423423,3840,2160,16,702
cao_qiao_001,703,23.456790,3840,2160,16,703
cao_qiao_001,704,23.490157,3840,2160,16,704
cao_qiao_001,705,23.523524,3840,2160,15,705
cao_qiao_001,706,23.556890,3840,2160,15,706
cao_qiao_001,707,23.590257,3840,2160,15,707
cao_qiao_001,708,23.623624,3840,2160,16,708
cao_qiao_001,709,23.656990,3840,2160,16,709
cao_qiao_001,710,23.690357,3840,2160,16,710
cao_qiao_001,711,23.723724,3840,2160,16,711
cao_qiao_001,712,23.757090,3840,2160,16,712
cao_qiao_001,713,23.790457,3840,2160,17,713
cao_qiao_001,714,23.823824,3840,2160,17,714
cao_qiao_001,715,23.857191,3840,2160,16,715
cao_qiao_001,716,23.890557,3840,2160,15,716
cao_qiao_001,717,23.923924,3840,2160,15,717
cao_qiao_001,718,23.957291,3840,2160,15,718
cao_qiao_001,719,23.990657,3840,2160,15,719
cao_qiao_001,720,24.024024,3840,2160,15,720
cao_qiao_001,721,24.057391,3840,2160,15,721
cao_qiao_001,722,24.090757,3840,2160,16,722
cao_qiao_001,723,24.124124,3840,2160,16,723
cao_qiao_001,724,24.157491,3840,2160,16,724
cao_qiao_001,725,24.190858,3840,2160,16,725
cao_qiao_001,726,24.224224,3840,2160,17,726
cao_qiao_001,727,24.257591,3840,2160,17,727
cao_qiao_001,728,24.290958,3840,2160,17,728
cao_qiao_001,729,24.324324,3840,2160,17,729
cao_qiao_001,730,24.357691,3840,2160,18,730
cao_qiao_001,731,24.391058,3840,2160,18,731
cao_qiao_001,732,24.424424,3840,2160,18,732
cao_qiao_001,733,24.457791,3840,2160,17,733
cao_qiao_001,734,24.491158,3840,2160,17,734
cao_qiao_001,735,24.524525,3840,2160,17,735
cao_qiao_001,736,24.557891,3840,2160,18,736
cao_qiao_001,737,24.591258,3840,2160,17,737
cao_qiao_001,738,24.624625,3840,2160,17,738
cao_qiao_001,739,24.657991,3840,2160,18,739
cao_qiao_001,740,24.691358,3840,2160,18,740
cao_qiao_001,741,24.724725,3840,2160,18,741
cao_qiao_001,742,24.758091,3840,2160,19,742
cao_qiao_001,743,24.791458,3840,2160,19,743
cao_qiao_001,744,24.824825,3840,2160,19,744
cao_qiao_001,745,24.858192,3840,2160,19,745
cao_qiao_001,746,24.891558,3840,2160,19,746
cao_qiao_001,747,24.924925,3840,2160,19,747
cao_qiao_001,748,24.958292,3840,2160,19,748
cao_qiao_001,749,24.991658,3840,2160,19,749
cao_qiao_001,750,25.025025,3840,2160,19,750
cao_qiao_001,751,25.058392,3840,2160,20,751
cao_qiao_001,752,25.091758,3840,2160,20,752
cao_qiao_001,753,25.125125,3840,2160,19,753
cao_qiao_001,754,25.158492,3840,2160,18,754
cao_qiao_001,755,25.191859,3840,2160,18,755
cao_qiao_001,756,25.225225,3840,2160,18,756
cao_qiao_001,757,25.258592,3840,2160,18,757
cao_qiao_001,758,25.291959,3840,2160,19,758
cao_qiao_001,759,25.325325,3840,2160,19,759
cao_qiao_001,760,25.358692,3840,2160,19,760
cao_qiao_001,761,25.392059,3840,2160,19,761
cao_qiao_001,762,25.425425,3840,2160,19,762
cao_qiao_001,763,25.458792,3840,2160,20,763
cao_qiao_001,764,25.492159,3840,2160,19,764
cao_qiao_001,765,25.525526,3840,2160,19,765
cao_qiao_001,766,25.558892,3840,2160,19,766
cao_qiao_001,767,25.592259,3840,2160,19,767
cao_qiao_001,768,25.625626,3840,2160,19,768
cao_qiao_001,769,25.658992,3840,2160,19,769
cao_qiao_001,770,25.692359,3840,2160,19,770
cao_qiao_001,771,25.725726,3840,2160,19,771
cao_qiao_001,772,25.759092,3840,2160,20,772
cao_qiao_001,773,25.792459,3840,2160,20,773
cao_qiao_001,774,25.825826,3840,2160,20,774
cao_qiao_001,775,25.859193,3840,2160,20,775
cao_qiao_001,776,25.892559,3840,2160,20,776
cao_qiao_001,777,25.925926,3840,2160,20,777
cao_qiao_001,778,25.959293,3840,2160,20,778
cao_qiao_001,779,25.992659,3840,2160,20,779
cao_qiao_001,780,26.026026,3840,2160,20,780
cao_qiao_001,781,26.059393,3840,2160,20,781
cao_qiao_001,782,26.092759,3840,2160,20,782
cao_qiao_001,783,26.126126,3840,2160,20,783
cao_qiao_001,784,26.159493,3840,2160,20,784
cao_qiao_001,785,26.192860,3840,2160,20,785
cao_qiao_001,786,26.226226,3840,2160,20,786
cao_qiao_001,787,26.259593,3840,2160,20,787
cao_qiao_001,788,26.292960,3840,2160,19,788
cao_qiao_001,789,26.326326,3840,2160,19,789
cao_qiao_001,790,26.359693,3840,2160,19,790
cao_qiao_001,791,26.393060,3840,2160,20,791
cao_qiao_001,792,26.426426,3840,2160,20,792
cao_qiao_001,793,26.459793,3840,2160,20,793
cao_qiao_001,794,26.493160,3840,2160,19,794
cao_qiao_001,795,26.526527,3840,2160,19,795
cao_qiao_001,796,26.559893,3840,2160,20,796
cao_qiao_001,797,26.593260,3840,2160,20,797
cao_qiao_001,798,26.626627,3840,2160,20,798
cao_qiao_001,799,26.659993,3840,2160,20,799
cao_qiao_001,800,26.693360,3840,2160,20,800
cao_qiao_001,801,26.726727,3840,2160,20,801
cao_qiao_001,802,26.760093,3840,2160,20,802
cao_qiao_001,803,26.793460,3840,2160,21,803
cao_qiao_001,804,26.826827,3840,2160,21,804
cao_qiao_001,805,26.860194,3840,2160,20,805
cao_qiao_001,806,26.893560,3840,2160,20,806
cao_qiao_001,807,26.926927,3840,2160,20,807
cao_qiao_001,808,26.960294,3840,2160,21,808
cao_qiao_001,809,26.993660,3840,2160,21,809
cao_qiao_001,810,27.027027,3840,2160,20,810
cao_qiao_001,811,27.060394,3840,2160,19,811
cao_qiao_001,812,27.093760,3840,2160,20,812
cao_qiao_001,813,27.127127,3840,2160,21,813
cao_qiao_001,814,27.160494,3840,2160,21,814
cao_qiao_001,815,27.193861,3840,2160,21,815
cao_qiao_001,816,27.227227,3840,2160,20,816
cao_qiao_001,817,27.260594,3840,2160,20,817
cao_qiao_001,818,27.293961,3840,2160,21,818
cao_qiao_001,819,27.327327,3840,2160,21,819
cao_qiao_001,820,27.360694,3840,2160,21,820
cao_qiao_001,821,27.394061,3840,2160,21,821
cao_qiao_001,822,27.427427,3840,2160,21,822
cao_qiao_001,823,27.460794,3840,2160,20,823
cao_qiao_001,824,27.494161,3840,2160,20,824
cao_qiao_001,825,27.527528,3840,2160,20,825
cao_qiao_001,826,27.560894,3840,2160,20,826
cao_qiao_001,827,27.594261,3840,2160,20,827
cao_qiao_001,828,27.627628,3840,2160,21,828
cao_qiao_001,829,27.660994,3840,2160,21,829
cao_qiao_001,830,27.694361,3840,2160,20,830
cao_qiao_001,831,27.727728,3840,2160,20,831
cao_qiao_001,832,27.761094,3840,2160,21,832
cao_qiao_001,833,27.794461,3840,2160,22,833
cao_qiao_001,834,27.827828,3840,2160,22,834
cao_qiao_001,835,27.861195,3840,2160,21,835
cao_qiao_001,836,27.894561,3840,2160,21,836
cao_qiao_001,837,27.927928,3840,2160,22,837
cao_qiao_001,838,27.961295,3840,2160,22,838
cao_qiao_001,839,27.994661,3840,2160,22,839
cao_qiao_001,840,28.028028,3840,2160,22,840
cao_qiao_001,841,28.061395,3840,2160,22,841
cao_qiao_001,842,28.094761,3840,2160,22,842
cao_qiao_001,843,28.128128,3840,2160,22,843
cao_qiao_001,844,28.161495,3840,2160,22,844
cao_qiao_001,845,28.194862,3840,2160,22,845
cao_qiao_001,846,28.228228,3840,2160,22,846
cao_qiao_001,847,28.261595,3840,2160,22,847
cao_qiao_001,848,28.294962,3840,2160,21,848
cao_qiao_001,849,28.328328,3840,2160,21,849
cao_qiao_001,850,28.361695,3840,2160,21,850
cao_qiao_001,851,28.395062,3840,2160,21,851
cao_qiao_001,852,28.428428,3840,2160,22,852
cao_qiao_001,853,28.461795,3840,2160,22,853
cao_qiao_001,854,28.495162,3840,2160,22,854
cao_qiao_001,855,28.528529,3840,2160,22,855
cao_qiao_001,856,28.561895,3840,2160,22,856
cao_qiao_001,857,28.595262,3840,2160,22,857
cao_qiao_001,858,28.628629,3840,2160,22,858
cao_qiao_001,859,28.661995,3840,2160,23,859
cao_qiao_001,860,28.695362,3840,2160,22,860
cao_qiao_001,861,28.728729,3840,2160,22,861
cao_qiao_001,862,28.762095,3840,2160,23,862
cao_qiao_001,863,28.795462,3840,2160,22,863
cao_qiao_001,864,28.828829,3840,2160,23,864
cao_qiao_001,865,28.862196,3840,2160,23,865
cao_qiao_001,866,28.895562,3840,2160,22,866
cao_qiao_001,867,28.928929,3840,2160,22,867
cao_qiao_001,868,28.962296,3840,2160,22,868
cao_qiao_001,869,28.995662,3840,2160,23,869
cao_qiao_001,870,29.029029,3840,2160,23,870
cao_qiao_001,871,29.062396,3840,2160,23,871
cao_qiao_001,872,29.095762,3840,2160,24,872
cao_qiao_001,873,29.129129,3840,2160,25,873
cao_qiao_001,874,29.162496,3840,2160,25,874
cao_qiao_001,875,29.195863,3840,2160,24,875
cao_qiao_001,876,29.229229,3840,2160,23,876
cao_qiao_001,877,29.262596,3840,2160,23,877
cao_qiao_001,878,29.295963,3840,2160,22,878
cao_qiao_001,879,29.329329,3840,2160,22,879
cao_qiao_001,880,29.362696,3840,2160,22,880
cao_qiao_001,881,29.396063,3840,2160,22,881
cao_qiao_001,882,29.429429,3840,2160,23,882
cao_qiao_001,883,29.462796,3840,2160,23,883
cao_qiao_001,884,29.496163,3840,2160,22,884
cao_qiao_001,885,29.529530,3840,2160,21,885
cao_qiao_001,886,29.562896,3840,2160,22,886
cao_qiao_001,887,29.596263,3840,2160,21,887
cao_qiao_001,888,29.629630,3840,2160,21,888
cao_qiao_001,889,29.662996,3840,2160,22,889
cao_qiao_001,890,29.696363,3840,2160,22,890
cao_qiao_001,891,29.729730,3840,2160,22,891
cao_qiao_001,892,29.763096,3840,2160,22,892
cao_qiao_001,893,29.796463,3840,2160,22,893
cao_qiao_001,894,29.829830,3840,2160,22,894
cao_qiao_001,895,29.863197,3840,2160,22,895
cao_qiao_001,896,29.896563,3840,2160,22,896
cao_qiao_001,897,29.929930,3840,2160,22,897
cao_qiao_001,898,29.963297,3840,2160,22,898
cao_qiao_001,899,29.996663,3840,2160,22,899
cao_qiao_001,900,30.030030,3840,2160,23,900
cao_qiao_001,901,30.063397,3840,2160,23,901
cao_qiao_001,902,30.096763,3840,2160,23,902
cao_qiao_001,903,30.130130,3840,2160,21,903
cao_qiao_001,904,30.163497,3840,2160,22,904
cao_qiao_001,905,30.196864,3840,2160,22,905
cao_qiao_001,906,30.230230,3840,2160,21,906
cao_qiao_001,907,30.263597,3840,2160,21,907
cao_qiao_001,908,30.296964,3840,2160,21,908
cao_qiao_001,909,30.330330,3840,2160,22,909
cao_qiao_001,910,30.363697,3840,2160,22,910
cao_qiao_001,911,30.397064,3840,2160,22,911
cao_qiao_001,912,30.430430,3840,2160,21,912
cao_qiao_001,913,30.463797,3840,2160,21,913
cao_qiao_001,914,30.497164,3840,2160,21,914
cao_qiao_001,915,30.530531,3840,2160,22,915
cao_qiao_001,916,30.563897,3840,2160,21,916
cao_qiao_001,917,30.597264,3840,2160,21,917
cao_qiao_001,918,30.630631,3840,2160,21,918
cao_qiao_001,919,30.663997,3840,2160,22,919
cao_qiao_001,920,30.697364,3840,2160,23,920
cao_qiao_001,921,30.730731,3840,2160,22,921
cao_qiao_001,922,30.764097,3840,2160,22,922
cao_qiao_001,923,30.797464,3840,2160,21,923
cao_qiao_001,924,30.830831,3840,2160,21,924
cao_qiao_001,925,30.864198,3840,2160,22,925
cao_qiao_001,926,30.897564,3840,2160,22,926
cao_qiao_001,927,30.930931,3840,2160,22,927
cao_qiao_001,928,30.964298,3840,2160,22,928
cao_qiao_001,929,30.997664,3840,2160,22,929
cao_qiao_001,930,31.031031,3840,2160,23,930
cao_qiao_001,931,31.064398,3840,2160,22,931
cao_qiao_001,932,31.097764,3840,2160,22,932
cao_qiao_001,933,31.131131,3840,2160,22,933
cao_qiao_001,934,31.164498,3840,2160,22,934
cao_qiao_001,935,31.197865,3840,2160,22,935
cao_qiao_001,936,31.231231,3840,2160,22,936
cao_qiao_001,937,31.264598,3840,2160,23,937
cao_qiao_001,938,31.297965,3840,2160,23,938
cao_qiao_001,939,31.331331,3840,2160,23,939
cao_qiao_001,940,31.364698,3840,2160,23,940
cao_qiao_001,941,31.398065,3840,2160,23,941
cao_qiao_001,942,31.431431,3840,2160,24,942
cao_qiao_001,943,31.464798,3840,2160,24,943
cao_qiao_001,944,31.498165,3840,2160,24,944
cao_qiao_001,945,31.531532,3840,2160,24,945
cao_qiao_001,946,31.564898,3840,2160,24,946
cao_qiao_001,947,31.598265,3840,2160,24,947
cao_qiao_001,948,31.631632,3840,2160,23,948
cao_qiao_001,949,31.664998,3840,2160,23,949
cao_qiao_001,950,31.698365,3840,2160,25,950
cao_qiao_001,951,31.731732,3840,2160,25,951
cao_qiao_001,952,31.765098,3840,2160,25,952
cao_qiao_001,953,31.798465,3840,2160,24,953
cao_qiao_001,954,31.831832,3840,2160,24,954
cao_qiao_001,955,31.865199,3840,2160,24,955
cao_qiao_001,956,31.898565,3840,2160,23,956
cao_qiao_001,957,31.931932,3840,2160,23,957
cao_qiao_001,958,31.965299,3840,2160,23,958
cao_qiao_001,959,31.998665,3840,2160,23,959
cao_qiao_001,960,32.032032,3840,2160,23,960
cao_qiao_001,961,32.065399,3840,2160,24,961
cao_qiao_001,962,32.098765,3840,2160,24,962
cao_qiao_001,963,32.132132,3840,2160,24,963
cao_qiao_001,964,32.165499,3840,2160,24,964
cao_qiao_001,965,32.198866,3840,2160,23,965
cao_qiao_001,966,32.232232,3840,2160,22,966
cao_qiao_001,967,32.265599,3840,2160,22,967
cao_qiao_001,968,32.298966,3840,2160,22,968
cao_qiao_001,969,32.332332,3840,2160,22,969
cao_qiao_001,970,32.365699,3840,2160,22,970
cao_qiao_001,971,32.399066,3840,2160,22,971
cao_qiao_001,972,32.432432,3840,2160,22,972
cao_qiao_001,973,32.465799,3840,2160,22,973
cao_qiao_001,974,32.499166,3840,2160,22,974
cao_qiao_001,975,32.532533,3840,2160,22,975
cao_qiao_001,976,32.565899,3840,2160,22,976
cao_qiao_001,977,32.599266,3840,2160,22,977
cao_qiao_001,978,32.632633,3840,2160,22,978
cao_qiao_001,979,32.665999,3840,2160,21,979
cao_qiao_001,980,32.699366,3840,2160,21,980
cao_qiao_001,981,32.732733,3840,2160,22,981
cao_qiao_001,982,32.766099,3840,2160,22,982
cao_qiao_001,983,32.799466,3840,2160,22,983
cao_qiao_001,984,32.832833,3840,2160,22,984
cao_qiao_001,985,32.866200,3840,2160,22,985
cao_qiao_001,986,32.899566,3840,2160,22,986
cao_qiao_001,987,32.932933,3840,2160,22,987
cao_qiao_001,988,32.966300,3840,2160,23,988
cao_qiao_001,989,32.999666,3840,2160,22,989
cao_qiao_001,990,33.033033,3840,2160,22,990
cao_qiao_001,991,33.066400,3840,2160,22,991
cao_qiao_001,992,33.099766,3840,2160,22,992
cao_qiao_001,993,33.133133,3840,2160,23,993
cao_qiao_001,994,33.166500,3840,2160,22,994
cao_qiao_001,995,33.199867,3840,2160,21,995
cao_qiao_001,996,33.233233,3840,2160,21,996
cao_qiao_001,997,33.266600,3840,2160,21,997
cao_qiao_001,998,33.299967,3840,2160,21,998
cao_qiao_001,999,33.333333,3840,2160,21,999
cao_qiao_001,1000,33.366700,3840,2160,21,1000
cao_qiao_001,1001,33.400067,3840,2160,21,1001
cao_qiao_001,1002,33.433433,3840,2160,21,1002
cao_qiao_001,1003,33.466800,3840,2160,21,1003
cao_qiao_001,1004,33.500167,3840,2160,21,1004
cao_qiao_001,1005,33.533534,3840,2160,21,1005
cao_qiao_001,1006,33.566900,3840,2160,22,1006
cao_qiao_001,1007,33.600267,3840,2160,22,1007
cao_qiao_001,1008,33.633634,3840,2160,22,1008
cao_qiao_001,1009,33.667000,3840,2160,22,1009
cao_qiao_001,1010,33.700367,3840,2160,22,1010
cao_qiao_001,1011,33.733734,3840,2160,22,1011
cao_qiao_001,1012,33.767100,3840,2160,22,1012
cao_qiao_001,1013,33.800467,3840,2160,22,1013
cao_qiao_001,1014,33.833834,3840,2160,21,1014
cao_qiao_001,1015,33.867201,3840,2160,22,1015
cao_qiao_001,1016,33.900567,3840,2160,21,1016
cao_qiao_001,1017,33.933934,3840,2160,21,1017
cao_qiao_001,1018,33.967301,3840,2160,21,1018
cao_qiao_001,1019,34.000667,3840,2160,22,1019
cao_qiao_001,1020,34.034034,3840,2160,22,1020
cao_qiao_001,1021,34.067401,3840,2160,22,1021
cao_qiao_001,1022,34.100767,3840,2160,20,1022
cao_qiao_001,1023,34.134134,3840,2160,20,1023
cao_qiao_001,1024,34.167501,3840,2160,20,1024
cao_qiao_001,1025,34.200868,3840,2160,21,1025
cao_qiao_001,1026,34.234234,3840,2160,21,1026
cao_qiao_001,1027,34.267601,3840,2160,20,1027
cao_qiao_001,1028,34.300968,3840,2160,20,1028
cao_qiao_001,1029,34.334334,3840,2160,20,1029
cao_qiao_001,1030,34.367701,3840,2160,21,1030
cao_qiao_001,1031,34.401068,3840,2160,21,1031
cao_qiao_001,1032,34.434434,3840,2160,20,1032
cao_qiao_001,1033,34.467801,3840,2160,20,1033
cao_qiao_001,1034,34.501168,3840,2160,20,1034
cao_qiao_001,1035,34.534535,3840,2160,19,1035
cao_qiao_001,1036,34.567901,3840,2160,19,1036
cao_qiao_001,1037,34.601268,3840,2160,19,1037
cao_qiao_001,1038,34.634635,3840,2160,20,1038
cao_qiao_001,1039,34.668001,3840,2160,19,1039
cao_qiao_001,1040,34.701368,3840,2160,19,1040
cao_qiao_001,1041,34.734735,3840,2160,19,1041
cao_qiao_001,1042,34.768101,3840,2160,19,1042
cao_qiao_001,1043,34.801468,3840,2160,19,1043
cao_qiao_001,1044,34.834835,3840,2160,19,1044
cao_qiao_001,1045,34.868202,3840,2160,19,1045
cao_qiao_001,1046,34.901568,3840,2160,19,1046
cao_qiao_001,1047,34.934935,3840,2160,19,1047
cao_qiao_001,1048,34.968302,3840,2160,19,1048
cao_qiao_001,1049,35.001668,3840,2160,20,1049
cao_qiao_001,1050,35.035035,3840,2160,20,1050
cao_qiao_001,1051,35.068402,3840,2160,20,1051
cao_qiao_001,1052,35.101768,3840,2160,21,1052
cao_qiao_001,1053,35.135135,3840,2160,21,1053
cao_qiao_001,1054,35.168502,3840,2160,21,1054
cao_qiao_001,1055,35.201869,3840,2160,21,1055
cao_qiao_001,1056,35.235235,3840,2160,21,1056
cao_qiao_001,1057,35.268602,3840,2160,21,1057
cao_qiao_001,1058,35.301969,3840,2160,20,1058
cao_qiao_001,1059,35.335335,3840,2160,20,1059
cao_qiao_001,1060,35.368702,3840,2160,20,1060
cao_qiao_001,1061,35.402069,3840,2160,20,1061
cao_qiao_001,1062,35.435435,3840,2160,20,1062
cao_qiao_001,1063,35.468802,3840,2160,20,1063
cao_qiao_001,1064,35.502169,3840,2160,20,1064
cao_qiao_001,1065,35.535536,3840,2160,20,1065
cao_qiao_001,1066,35.568902,3840,2160,20,1066
cao_qiao_001,1067,35.602269,3840,2160,20,1067
cao_qiao_001,1068,35.635636,3840,2160,20,1068
cao_qiao_001,1069,35.669002,3840,2160,20,1069
cao_qiao_001,1070,35.702369,3840,2160,20,1070
cao_qiao_001,1071,35.735736,3840,2160,20,1071
cao_qiao_001,1072,35.769102,3840,2160,20,1072
cao_qiao_001,1073,35.802469,3840,2160,20,1073
cao_qiao_001,1074,35.835836,3840,2160,20,1074
cao_qiao_001,1075,35.869203,3840,2160,20,1075
cao_qiao_001,1076,35.902569,3840,2160,20,1076
cao_qiao_001,1077,35.935936,3840,2160,20,1077
cao_qiao_001,1078,35.969303,3840,2160,20,1078
cao_qiao_001,1079,36.002669,3840,2160,20,1079
cao_qiao_001,1080,36.036036,3840,2160,20,1080
cao_qiao_001,1081,36.069403,3840,2160,20,1081
cao_qiao_001,1082,36.102769,3840,2160,20,1082
cao_qiao_001,1083,36.136136,3840,2160,21,1083
cao_qiao_001,1084,36.169503,3840,2160,21,1084
cao_qiao_001,1085,36.202870,3840,2160,21,1085
cao_qiao_001,1086,36.236236,3840,2160,21,1086
cao_qiao_001,1087,36.269603,3840,2160,21,1087
cao_qiao_001,1088,36.302970,3840,2160,22,1088
cao_qiao_001,1089,36.336336,3840,2160,21,1089
cao_qiao_001,1090,36.369703,3840,2160,21,1090
cao_qiao_001,1091,36.403070,3840,2160,21,1091
cao_qiao_001,1092,36.436436,3840,2160,21,1092
cao_qiao_001,1093,36.469803,3840,2160,21,1093
cao_qiao_001,1094,36.503170,3840,2160,21,1094
cao_qiao_001,1095,36.536537,3840,2160,21,1095
cao_qiao_001,1096,36.569903,3840,2160,21,1096
cao_qiao_001,1097,36.603270,3840,2160,20,1097
cao_qiao_001,1098,36.636637,3840,2160,20,1098
cao_qiao_001,1099,36.670003,3840,2160,20,1099
cao_qiao_001,1100,36.703370,3840,2160,20,1100
cao_qiao_001,1101,36.736737,3840,2160,21,1101
cao_qiao_001,1102,36.770103,3840,2160,22,1102
cao_qiao_001,1103,36.803470,3840,2160,22,1103
cao_qiao_001,1104,36.836837,3840,2160,23,1104
cao_qiao_001,1105,36.870204,3840,2160,23,1105
cao_qiao_001,1106,36.903570,3840,2160,23,1106
cao_qiao_001,1107,36.936937,3840,2160,22,1107
cao_qiao_001,1108,36.970304,3840,2160,23,1108
cao_qiao_001,1109,37.003670,3840,2160,23,1109
cao_qiao_001,1110,37.037037,3840,2160,23,1110
cao_qiao_001,1111,37.070404,3840,2160,24,1111
cao_qiao_001,1112,37.103770,3840,2160,24,1112
cao_qiao_001,1113,37.137137,3840,2160,23,1113
cao_qiao_001,1114,37.170504,3840,2160,23,1114
cao_qiao_001,1115,37.203871,3840,2160,23,1115
cao_qiao_001,1116,37.237237,3840,2160,23,1116
cao_qiao_001,1117,37.270604,3840,2160,23,1117
cao_qiao_001,1118,37.303971,3840,2160,23,1118
cao_qiao_001,1119,37.337337,3840,2160,23,1119
cao_qiao_001,1120,37.370704,3840,2160,24,1120
cao_qiao_001,1121,37.404071,3840,2160,24,1121
cao_qiao_001,1122,37.437437,3840,2160,24,1122
cao_qiao_001,1123,37.470804,3840,2160,23,1123
cao_qiao_001,1124,37.504171,3840,2160,23,1124
cao_qiao_001,1125,37.537538,3840,2160,23,1125
cao_qiao_001,1126,37.570904,3840,2160,24,1126
cao_qiao_001,1127,37.604271,3840,2160,24,1127
cao_qiao_001,1128,37.637638,3840,2160,23,1128
cao_qiao_001,1129,37.671004,3840,2160,23,1129
cao_qiao_001,1130,37.704371,3840,2160,23,1130
cao_qiao_001,1131,37.737738,3840,2160,24,1131
cao_qiao_001,1132,37.771104,3840,2160,24,1132
cao_qiao_001,1133,37.804471,3840,2160,25,1133
cao_qiao_001,1134,37.837838,3840,2160,25,1134
cao_qiao_001,1135,37.871205,3840,2160,25,1135
cao_qiao_001,1136,37.904571,3840,2160,25,1136
cao_qiao_001,1137,37.937938,3840,2160,25,1137
cao_qiao_001,1138,37.971305,3840,2160,24,1138
cao_qiao_001,1139,38.004671,3840,2160,24,1139
cao_qiao_001,1140,38.038038,3840,2160,24,1140
cao_qiao_001,1141,38.071405,3840,2160,24,1141
cao_qiao_001,1142,38.104771,3840,2160,24,1142
cao_qiao_001,1143,38.138138,3840,2160,24,1143
cao_qiao_001,1144,38.171505,3840,2160,24,1144
cao_qiao_001,1145,38.204872,3840,2160,23,1145
cao_qiao_001,1146,38.238238,3840,2160,24,1146
cao_qiao_001,1147,38.271605,3840,2160,24,1147
cao_qiao_001,1148,38.304972,3840,2160,25,1148
cao_qiao_001,1149,38.338338,3840,2160,23,1149
cao_qiao_001,1150,38.371705,3840,2160,23,1150
cao_qiao_001,1151,38.405072,3840,2160,23,1151
cao_qiao_001,1152,38.438438,3840,2160,23,1152
cao_qiao_001,1153,38.471805,3840,2160,23,1153
cao_qiao_001,1154,38.505172,3840,2160,25,1154
cao_qiao_001,1155,38.538539,3840,2160,24,1155
cao_qiao_001,1156,38.571905,3840,2160,23,1156
cao_qiao_001,1157,38.605272,3840,2160,22,1157
cao_qiao_001,1158,38.638639,3840,2160,22,1158
cao_qiao_001,1159,38.672005,3840,2160,22,1159
cao_qiao_001,1160,38.705372,3840,2160,21,1160
cao_qiao_001,1161,38.738739,3840,2160,22,1161
cao_qiao_001,1162,38.772105,3840,2160,23,1162
cao_qiao_001,1163,38.805472,3840,2160,23,1163
cao_qiao_001,1164,38.838839,3840,2160,23,1164
cao_qiao_001,1165,38.872206,3840,2160,23,1165
cao_qiao_001,1166,38.905572,3840,2160,23,1166
cao_qiao_001,1167,38.938939,3840,2160,23,1167
cao_qiao_001,1168,38.972306,3840,2160,24,1168
cao_qiao_001,1169,39.005672,3840,2160,24,1169
cao_qiao_001,1170,39.039039,3840,2160,24,1170
cao_qiao_001,1171,39.072406,3840,2160,23,1171
cao_qiao_001,1172,39.105772,3840,2160,23,1172
cao_qiao_001,1173,39.139139,3840,2160,23,1173
cao_qiao_001,1174,39.172506,3840,2160,23,1174
cao_qiao_001,1175,39.205873,3840,2160,24,1175
cao_qiao_001,1176,39.239239,3840,2160,24,1176
cao_qiao_001,1177,39.272606,3840,2160,25,1177
cao_qiao_001,1178,39.305973,3840,2160,25,1178
cao_qiao_001,1179,39.339339,3840,2160,25,1179
cao_qiao_001,1180,39.372706,3840,2160,24,1180
cao_qiao_001,1181,39.406073,3840,2160,24,1181
cao_qiao_001,1182,39.439439,3840,2160,22,1182
cao_qiao_001,1183,39.472806,3840,2160,23,1183
cao_qiao_001,1184,39.506173,3840,2160,23,1184
cao_qiao_001,1185,39.539540,3840,2160,23,1185
cao_qiao_001,1186,39.572906,3840,2160,23,1186
cao_qiao_001,1187,39.606273,3840,2160,24,1187
cao_qiao_001,1188,39.639640,3840,2160,24,1188
cao_qiao_001,1189,39.673006,3840,2160,24,1189
cao_qiao_001,1190,39.706373,3840,2160,23,1190
cao_qiao_001,1191,39.739740,3840,2160,25,1191
cao_qiao_001,1192,39.773106,3840,2160,24,1192
cao_qiao_001,1193,39.806473,3840,2160,24,1193
cao_qiao_001,1194,39.839840,3840,2160,24,1194
cao_qiao_001,1195,39.873207,3840,2160,25,1195
cao_qiao_001,1196,39.906573,3840,2160,25,1196
cao_qiao_001,1197,39.939940,3840,2160,25,1197
cao_qiao_001,1198,39.973307,3840,2160,25,1198
cao_qiao_001,1199,40.006673,3840,2160,25,1199
cao_qiao_001,1200,40.040040,3840,2160,24,1200
cao_qiao_001,1201,40.073407,3840,2160,24,1201
cao_qiao_001,1202,40.106773,3840,2160,23,1202
cao_qiao_001,1203,40.140140,3840,2160,23,1203
cao_qiao_001,1204,40.173507,3840,2160,21,1204
cao_qiao_001,1205,40.206874,3840,2160,21,1205
cao_qiao_001,1206,40.240240,3840,2160,22,1206
cao_qiao_001,1207,40.273607,3840,2160,22,1207
cao_qiao_001,1208,40.306974,3840,2160,22,1208
cao_qiao_001,1209,40.340340,3840,2160,22,1209
cao_qiao_001,1210,40.373707,3840,2160,22,1210
cao_qiao_001,1211,40.407074,3840,2160,22,1211
cao_qiao_001,1212,40.440440,3840,2160,22,1212
cao_qiao_001,1213,40.473807,3840,2160,22,1213
cao_qiao_001,1214,40.507174,3840,2160,22,1214
cao_qiao_001,1215,40.540541,3840,2160,22,1215
cao_qiao_001,1216,40.573907,3840,2160,22,1216
cao_qiao_001,1217,40.607274,3840,2160,22,1217
cao_qiao_001,1218,40.640641,3840,2160,22,1218
cao_qiao_001,1219,40.674007,3840,2160,22,1219
cao_qiao_001,1220,40.707374,3840,2160,21,1220
cao_qiao_001,1221,40.740741,3840,2160,21,1221
cao_qiao_001,1222,40.774107,3840,2160,21,1222
cao_qiao_001,1223,40.807474,3840,2160,21,1223
cao_qiao_001,1224,40.840841,3840,2160,21,1224
cao_qiao_001,1225,40.874208,3840,2160,22,1225
cao_qiao_001,1226,40.907574,3840,2160,22,1226
cao_qiao_001,1227,40.940941,3840,2160,22,1227
cao_qiao_001,1228,40.974308,3840,2160,22,1228
cao_qiao_001,1229,41.007674,3840,2160,22,1229
cao_qiao_001,1230,41.041041,3840,2160,22,1230
cao_qiao_001,1231,41.074408,3840,2160,22,1231
cao_qiao_001,1232,41.107774,3840,2160,22,1232
cao_qiao_001,1233,41.141141,3840,2160,22,1233
cao_qiao_001,1234,41.174508,3840,2160,21,1234
cao_qiao_001,1235,41.207875,3840,2160,22,1235
cao_qiao_001,1236,41.241241,3840,2160,21,1236
cao_qiao_001,1237,41.274608,3840,2160,21,1237
cao_qiao_001,1238,41.307975,3840,2160,21,1238
cao_qiao_001,1239,41.341341,3840,2160,21,1239
cao_qiao_001,1240,41.374708,3840,2160,22,1240
cao_qiao_001,1241,41.408075,3840,2160,22,1241
cao_qiao_001,1242,41.441441,3840,2160,21,1242
cao_qiao_001,1243,41.474808,3840,2160,21,1243
cao_qiao_001,1244,41.508175,3840,2160,21,1244
cao_qiao_001,1245,41.541542,3840,2160,21,1245
cao_qiao_001,1246,41.574908,3840,2160,21,1246
cao_qiao_001,1247,41.608275,3840,2160,21,1247
cao_qiao_001,1248,41.641642,3840,2160,22,1248
cao_qiao_001,1249,41.675008,3840,2160,22,1249
cao_qiao_001,1250,41.708375,3840,2160,21,1250
cao_qiao_001,1251,41.741742,3840,2160,21,1251
cao_qiao_001,1252,41.775108,3840,2160,21,1252
cao_qiao_001,1253,41.808475,3840,2160,22,1253
cao_qiao_001,1254,41.841842,3840,2160,21,1254
cao_qiao_001,1255,41.875209,3840,2160,21,1255
cao_qiao_001,1256,41.908575,3840,2160,21,1256
cao_qiao_001,1257,41.941942,3840,2160,21,1257
cao_qiao_001,1258,41.975309,3840,2160,21,1258
cao_qiao_001,1259,42.008675,3840,2160,21,1259
cao_qiao_001,1260,42.042042,3840,2160,20,1260
cao_qiao_001,1261,42.075409,3840,2160,20,1261
cao_qiao_001,1262,42.108775,3840,2160,20,1262
cao_qiao_001,1263,42.142142,3840,2160,20,1263
cao_qiao_001,1264,42.175509,3840,2160,19,1264
cao_qiao_001,1265,42.208876,3840,2160,19,1265
cao_qiao_001,1266,42.242242,3840,2160,19,1266
cao_qiao_001,1267,42.275609,3840,2160,21,1267
cao_qiao_001,1268,42.308976,3840,2160,20,1268
cao_qiao_001,1269,42.342342,3840,2160,20,1269
cao_qiao_001,1270,42.375709,3840,2160,20,1270
cao_qiao_001,1271,42.409076,3840,2160,20,1271
cao_qiao_001,1272,42.442442,3840,2160,20,1272
cao_qiao_001,1273,42.475809,3840,2160,20,1273
cao_qiao_001,1274,42.509176,3840,2160,19,1274
cao_qiao_001,1275,42.542543,3840,2160,19,1275
cao_qiao_001,1276,42.575909,3840,2160,20,1276
cao_qiao_001,1277,42.609276,3840,2160,20,1277
cao_qiao_001,1278,42.642643,3840,2160,20,1278
cao_qiao_001,1279,42.676009,3840,2160,20,1279
cao_qiao_001,1280,42.709376,3840,2160,20,1280
cao_qiao_001,1281,42.742743,3840,2160,20,1281
cao_qiao_001,1282,42.776109,3840,2160,20,1282
cao_qiao_001,1283,42.809476,3840,2160,20,1283
cao_qiao_001,1284,42.842843,3840,2160,20,1284
cao_qiao_001,1285,42.876210,3840,2160,20,1285
cao_qiao_001,1286,42.909576,3840,2160,21,1286
cao_qiao_001,1287,42.942943,3840,2160,21,1287
cao_qiao_001,1288,42.976310,3840,2160,21,1288
cao_qiao_001,1289,43.009676,3840,2160,21,1289
cao_qiao_001,1290,43.043043,3840,2160,21,1290
cao_qiao_001,1291,43.076410,3840,2160,21,1291
cao_qiao_001,1292,43.109776,3840,2160,21,1292
cao_qiao_001,1293,43.143143,3840,2160,21,1293
cao_qiao_001,1294,43.176510,3840,2160,21,1294
cao_qiao_001,1295,43.209877,3840,2160,20,1295
cao_qiao_001,1296,43.243243,3840,2160,21,1296
cao_qiao_001,1297,43.276610,3840,2160,21,1297
cao_qiao_001,1298,43.309977,3840,2160,21,1298
cao_qiao_001,1299,43.343343,3840,2160,20,1299
cao_qiao_001,1300,43.376710,3840,2160,20,1300
cao_qiao_001,1301,43.410077,3840,2160,20,1301
cao_qiao_001,1302,43.443443,3840,2160,20,1302
cao_qiao_001,1303,43.476810,3840,2160,20,1303
cao_qiao_001,1304,43.510177,3840,2160,20,1304
cao_qiao_001,1305,43.543544,3840,2160,20,1305
cao_qiao_001,1306,43.576910,3840,2160,20,1306
cao_qiao_001,1307,43.610277,3840,2160,19,1307
cao_qiao_001,1308,43.643644,3840,2160,19,1308
cao_qiao_001,1309,43.677010,3840,2160,19,1309
cao_qiao_001,1310,43.710377,3840,2160,20,1310
cao_qiao_001,1311,43.743744,3840,2160,22,1311
cao_qiao_001,1312,43.777110,3840,2160,22,1312
cao_qiao_001,1313,43.810477,3840,2160,22,1313
cao_qiao_001,1314,43.843844,3840,2160,19,1314
cao_qiao_001,1315,43.877211,3840,2160,19,1315
cao_qiao_001,1316,43.910577,3840,2160,19,1316
cao_qiao_001,1317,43.943944,3840,2160,20,1317
cao_qiao_001,1318,43.977311,3840,2160,20,1318
cao_qiao_001,1319,44.010677,3840,2160,20,1319
cao_qiao_001,1320,44.044044,3840,2160,20,1320
cao_qiao_001,1321,44.077411,3840,2160,21,1321
cao_qiao_001,1322,44.110777,3840,2160,20,1322
cao_qiao_001,1323,44.144144,3840,2160,20,1323
cao_qiao_001,1324,44.177511,3840,2160,20,1324
cao_qiao_001,1325,44.210878,3840,2160,21,1325
cao_qiao_001,1326,44.244244,3840,2160,21,1326
cao_qiao_001,1327,44.277611,3840,2160,21,1327
cao_qiao_001,1328,44.310978,3840,2160,20,1328
cao_qiao_001,1329,44.344344,3840,2160,20,1329
cao_qiao_001,1330,44.377711,3840,2160,21,1330
cao_qiao_001,1331,44.411078,3840,2160,21,1331
cao_qiao_001,1332,44.444444,3840,2160,21,1332
cao_qiao_001,1333,44.477811,3840,2160,19,1333
cao_qiao_001,1334,44.511178,3840,2160,19,1334
cao_qiao_001,1335,44.544545,3840,2160,20,1335
cao_qiao_001,1336,44.577911,3840,2160,21,1336
cao_qiao_001,1337,44.611278,3840,2160,21,1337
cao_qiao_001,1338,44.644645,3840,2160,20,1338
cao_qiao_001,1339,44.678011,3840,2160,22,1339
cao_qiao_001,1340,44.711378,3840,2160,21,1340
cao_qiao_001,1341,44.744745,3840,2160,22,1341
cao_qiao_001,1342,44.778111,3840,2160,22,1342
cao_qiao_001,1343,44.811478,3840,2160,22,1343
cao_qiao_001,1344,44.844845,3840,2160,22,1344
cao_qiao_001,1345,44.878212,3840,2160,22,1345
cao_qiao_001,1346,44.911578,3840,2160,22,1346
cao_qiao_001,1347,44.944945,3840,2160,21,1347
cao_qiao_001,1348,44.978312,3840,2160,21,1348
cao_qiao_001,1349,45.011678,3840,2160,20,1349
cao_qiao_001,1350,45.045045,3840,2160,20,1350
cao_qiao_001,1351,45.078412,3840,2160,20,1351
cao_qiao_001,1352,45.111778,3840,2160,21,1352
cao_qiao_001,1353,45.145145,3840,2160,21,1353
cao_qiao_001,1354,45.178512,3840,2160,21,1354
cao_qiao_001,1355,45.211879,3840,2160,21,1355
cao_qiao_001,1356,45.245245,3840,2160,21,1356
cao_qiao_001,1357,45.278612,3840,2160,22,1357
cao_qiao_001,1358,45.311979,3840,2160,22,1358
cao_qiao_001,1359,45.345345,3840,2160,22,1359
cao_qiao_001,1360,45.378712,3840,2160,22,1360
cao_qiao_001,1361,45.412079,3840,2160,22,1361
cao_qiao_001,1362,45.445445,3840,2160,21,1362
cao_qiao_001,1363,45.478812,3840,2160,21,1363
cao_qiao_001,1364,45.512179,3840,2160,20,1364
cao_qiao_001,1365,45.545546,3840,2160,21,1365
cao_qiao_001,1366,45.578912,3840,2160,21,1366
cao_qiao_001,1367,45.612279,3840,2160,21,1367
cao_qiao_001,1368,45.645646,3840,2160,21,1368
cao_qiao_001,1369,45.679012,3840,2160,21,1369
cao_qiao_001,1370,45.712379,3840,2160,21,1370
cao_qiao_001,1371,45.745746,3840,2160,21,1371
cao_qiao_001,1372,45.779112,3840,2160,21,1372
cao_qiao_001,1373,45.812479,3840,2160,21,1373
cao_qiao_001,1374,45.845846,3840,2160,21,1374
cao_qiao_001,1375,45.879213,3840,2160,21,1375
cao_qiao_001,1376,45.912579,3840,2160,21,1376
cao_qiao_001,1377,45.945946,3840,2160,22,1377
cao_qiao_001,1378,45.979313,3840,2160,21,1378
cao_qiao_001,1379,46.012679,3840,2160,21,1379
cao_qiao_001,1380,46.046046,3840,2160,20,1380
cao_qiao_001,1381,46.079413,3840,2160,20,1381
cao_qiao_001,1382,46.112779,3840,2160,19,1382
cao_qiao_001,1383,46.146146,3840,2160,19,1383
cao_qiao_001,1384,46.179513,3840,2160,20,1384
cao_qiao_001,1385,46.212880,3840,2160,20,1385
cao_qiao_001,1386,46.246246,3840,2160,20,1386
cao_qiao_001,1387,46.279613,3840,2160,19,1387
cao_qiao_001,1388,46.312980,3840,2160,19,1388
cao_qiao_001,1389,46.346346,3840,2160,19,1389
cao_qiao_001,1390,46.379713,3840,2160,20,1390
cao_qiao_001,1391,46.413080,3840,2160,20,1391
cao_qiao_001,1392,46.446446,3840,2160,20,1392
cao_qiao_001,1393,46.479813,3840,2160,20,1393
cao_qiao_001,1394,46.513180,3840,2160,20,1394
cao_qiao_001,1395,46.546547,3840,2160,20,1395
cao_qiao_001,1396,46.579913,3840,2160,20,1396
cao_qiao_001,1397,46.613280,3840,2160,20,1397
cao_qiao_001,1398,46.646647,3840,2160,20,1398
cao_qiao_001,1399,46.680013,3840,2160,20,1399
cao_qiao_001,1400,46.713380,3840,2160,19,1400
cao_qiao_001,1401,46.746747,3840,2160,19,1401
cao_qiao_001,1402,46.780113,3840,2160,20,1402
cao_qiao_001,1403,46.813480,3840,2160,20,1403
cao_qiao_001,1404,46.846847,3840,2160,20,1404
cao_qiao_001,1405,46.880214,3840,2160,20,1405
cao_qiao_001,1406,46.913580,3840,2160,20,1406
cao_qiao_001,1407,46.946947,3840,2160,20,1407
cao_qiao_001,1408,46.980314,3840,2160,19,1408
cao_qiao_001,1409,47.013680,3840,2160,19,1409
cao_qiao_001,1410,47.047047,3840,2160,19,1410
cao_qiao_001,1411,47.080414,3840,2160,19,1411
cao_qiao_001,1412,47.113780,3840,2160,19,1412
cao_qiao_001,1413,47.147147,3840,2160,21,1413
cao_qiao_001,1414,47.180514,3840,2160,20,1414
cao_qiao_001,1415,47.213881,3840,2160,21,1415
cao_qiao_001,1416,47.247247,3840,2160,21,1416
cao_qiao_001,1417,47.280614,3840,2160,20,1417
cao_qiao_001,1418,47.313981,3840,2160,20,1418
cao_qiao_001,1419,47.347347,3840,2160,20,1419
cao_qiao_001,1420,47.380714,3840,2160,20,1420
cao_qiao_001,1421,47.414081,3840,2160,20,1421
cao_qiao_001,1422,47.447447,3840,2160,20,1422
cao_qiao_001,1423,47.480814,3840,2160,20,1423
cao_qiao_001,1424,47.514181,3840,2160,20,1424
cao_qiao_001,1425,47.547548,3840,2160,20,1425
cao_qiao_001,1426,47.580914,3840,2160,20,1426
cao_qiao_001,1427,47.614281,3840,2160,21,1427
cao_qiao_001,1428,47.647648,3840,2160,21,1428
cao_qiao_001,1429,47.681014,3840,2160,19,1429
cao_qiao_001,1430,47.714381,3840,2160,19,1430
cao_qiao_001,1431,47.747748,3840,2160,19,1431
cao_qiao_001,1432,47.781114,3840,2160,20,1432
cao_qiao_001,1433,47.814481,3840,2160,21,1433
cao_qiao_001,1434,47.847848,3840,2160,21,1434
cao_qiao_001,1435,47.881215,3840,2160,21,1435
cao_qiao_001,1436,47.914581,3840,2160,22,1436
cao_qiao_001,1437,47.947948,3840,2160,22,1437
cao_qiao_001,1438,47.981315,3840,2160,22,1438
cao_qiao_001,1439,48.014681,3840,2160,22,1439
cao_qiao_001,1440,48.048048,3840,2160,22,1440
cao_qiao_001,1441,48.081415,3840,2160,22,1441
cao_qiao_001,1442,48.114781,3840,2160,21,1442
cao_qiao_001,1443,48.148148,3840,2160,22,1443
cao_qiao_001,1444,48.181515,3840,2160,22,1444
cao_qiao_001,1445,48.214882,3840,2160,22,1445
cao_qiao_001,1446,48.248248,3840,2160,22,1446
cao_qiao_001,1447,48.281615,3840,2160,22,1447
cao_qiao_001,1448,48.314982,3840,2160,23,1448
cao_qiao_001,1449,48.348348,3840,2160,23,1449
cao_qiao_001,1450,48.381715,3840,2160,22,1450
cao_qiao_001,1451,48.415082,3840,2160,22,1451
cao_qiao_001,1452,48.448448,3840,2160,22,1452
cao_qiao_001,1453,48.481815,3840,2160,22,1453
cao_qiao_001,1454,48.515182,3840,2160,22,1454
cao_qiao_001,1455,48.548549,3840,2160,22,1455
cao_qiao_001,1456,48.581915,3840,2160,23,1456
cao_qiao_001,1457,48.615282,3840,2160,21,1457
cao_qiao_001,1458,48.648649,3840,2160,21,1458
cao_qiao_001,1459,48.682015,3840,2160,21,1459
cao_qiao_001,1460,48.715382,3840,2160,22,1460
cao_qiao_001,1461,48.748749,3840,2160,22,1461
cao_qiao_001,1462,48.782115,3840,2160,22,1462
cao_qiao_001,1463,48.815482,3840,2160,22,1463
cao_qiao_001,1464,48.848849,3840,2160,22,1464
cao_qiao_001,1465,48.882216,3840,2160,22,1465
cao_qiao_001,1466,48.915582,3840,2160,22,1466
cao_qiao_001,1467,48.948949,3840,2160,22,1467
cao_qiao_001,1468,48.982316,3840,2160,22,1468
cao_qiao_001,1469,49.015682,3840,2160,21,1469
cao_qiao_001,1470,49.049049,3840,2160,21,1470
cao_qiao_001,1471,49.082416,3840,2160,21,1471
cao_qiao_001,1472,49.115782,3840,2160,21,1472
cao_qiao_001,1473,49.149149,3840,2160,20,1473
cao_qiao_001,1474,49.182516,3840,2160,19,1474
cao_qiao_001,1475,49.215883,3840,2160,20,1475
cao_qiao_001,1476,49.249249,3840,2160,19,1476
cao_qiao_001,1477,49.282616,3840,2160,19,1477
cao_qiao_001,1478,49.315983,3840,2160,20,1478
cao_qiao_001,1479,49.349349,3840,2160,20,1479
cao_qiao_001,1480,49.382716,3840,2160,20,1480
cao_qiao_001,1481,49.416083,3840,2160,19,1481
cao_qiao_001,1482,49.449449,3840,2160,20,1482
cao_qiao_001,1483,49.482816,3840,2160,20,1483
cao_qiao_001,1484,49.516183,3840,2160,20,1484
cao_qiao_001,1485,49.549550,3840,2160,20,1485
cao_qiao_001,1486,49.582916,3840,2160,20,1486
cao_qiao_001,1487,49.616283,3840,2160,21,1487
cao_qiao_001,1488,49.649650,3840,2160,21,1488
cao_qiao_001,1489,49.683016,3840,2160,21,1489
cao_qiao_001,1490,49.716383,3840,2160,21,1490
cao_qiao_001,1491,49.749750,3840,2160,21,1491
cao_qiao_001,1492,49.783116,3840,2160,21,1492
cao_qiao_001,1493,49.816483,3840,2160,21,1493
cao_qiao_001,1494,49.849850,3840,2160,21,1494
cao_qiao_001,1495,49.883217,3840,2160,22,1495
cao_qiao_001,1496,49.916583,3840,2160,22,1496
cao_qiao_001,1497,49.949950,3840,2160,22,1497
cao_qiao_001,1498,49.983317,3840,2160,22,1498
cao_qiao_001,1499,50.016683,3840,2160,22,1499
cao_qiao_001,1500,50.050050,3840,2160,22,1500
cao_qiao_001,1501,50.083417,3840,2160,22,1501
cao_qiao_001,1502,50.116783,3840,2160,22,1502
cao_qiao_001,1503,50.150150,3840,2160,22,1503
cao_qiao_001,1504,50.183517,3840,2160,22,1504
cao_qiao_001,1505,50.216884,3840,2160,22,1505
cao_qiao_001,1506,50.250250,3840,2160,22,1506
cao_qiao_001,1507,50.283617,3840,2160,22,1507
cao_qiao_001,1508,50.316984,3840,2160,22,1508
cao_qiao_001,1509,50.350350,3840,2160,22,1509
cao_qiao_001,1510,50.383717,3840,2160,22,1510
cao_qiao_001,1511,50.417084,3840,2160,22,1511
cao_qiao_001,1512,50.450450,3840,2160,22,1512
cao_qiao_001,1513,50.483817,3840,2160,22,1513
cao_qiao_001,1514,50.517184,3840,2160,21,1514
cao_qiao_001,1515,50.550551,3840,2160,21,1515
cao_qiao_001,1516,50.583917,3840,2160,21,1516
cao_qiao_001,1517,50.617284,3840,2160,20,1517
cao_qiao_001,1518,50.650651,3840,2160,20,1518
cao_qiao_001,1519,50.684017,3840,2160,20,1519
cao_qiao_001,1520,50.717384,3840,2160,21,1520
cao_qiao_001,1521,50.750751,3840,2160,20,1521
cao_qiao_001,1522,50.784117,3840,2160,20,1522
cao_qiao_001,1523,50.817484,3840,2160,20,1523
cao_qiao_001,1524,50.850851,3840,2160,21,1524
cao_qiao_001,1525,50.884218,3840,2160,21,1525
cao_qiao_001,1526,50.917584,3840,2160,21,1526
cao_qiao_001,1527,50.950951,3840,2160,20,1527
cao_qiao_001,1528,50.984318,3840,2160,19,1528
cao_qiao_001,1529,51.017684,3840,2160,18,1529
cao_qiao_001,1530,51.051051,3840,2160,18,1530
cao_qiao_001,1531,51.084418,3840,2160,19,1531
cao_qiao_001,1532,51.117784,3840,2160,19,1532
cao_qiao_001,1533,51.151151,3840,2160,19,1533
cao_qiao_001,1534,51.184518,3840,2160,19,1534
cao_qiao_001,1535,51.217885,3840,2160,20,1535
cao_qiao_001,1536,51.251251,3840,2160,20,1536
cao_qiao_001,1537,51.284618,3840,2160,20,1537
cao_qiao_001,1538,51.317985,3840,2160,20,1538
cao_qiao_001,1539,51.351351,3840,2160,21,1539
cao_qiao_001,1540,51.384718,3840,2160,20,1540
cao_qiao_001,1541,51.418085,3840,2160,19,1541
cao_qiao_001,1542,51.451451,3840,2160,18,1542
cao_qiao_001,1543,51.484818,3840,2160,19,1543
cao_qiao_001,1544,51.518185,3840,2160,18,1544
cao_qiao_001,1545,51.551552,3840,2160,19,1545
cao_qiao_001,1546,51.584918,3840,2160,19,1546
cao_qiao_001,1547,51.618285,3840,2160,20,1547
cao_qiao_001,1548,51.651652,3840,2160,19,1548
cao_qiao_001,1549,51.685018,3840,2160,19,1549
cao_qiao_001,1550,51.718385,3840,2160,20,1550
cao_qiao_001,1551,51.751752,3840,2160,21,1551
cao_qiao_001,1552,51.785118,3840,2160,20,1552
cao_qiao_001,1553,51.818485,3840,2160,20,1553
cao_qiao_001,1554,51.851852,3840,2160,21,1554
cao_qiao_001,1555,51.885219,3840,2160,20,1555
cao_qiao_001,1556,51.918585,3840,2160,20,1556
cao_qiao_001,1557,51.951952,3840,2160,20,1557
cao_qiao_001,1558,51.985319,3840,2160,20,1558
cao_qiao_001,1559,52.018685,3840,2160,21,1559
cao_qiao_001,1560,52.052052,3840,2160,20,1560
cao_qiao_001,1561,52.085419,3840,2160,20,1561
cao_qiao_001,1562,52.118785,3840,2160,19,1562
cao_qiao_001,1563,52.152152,3840,2160,19,1563
cao_qiao_001,1564,52.185519,3840,2160,20,1564
cao_qiao_001,1565,52.218886,3840,2160,20,1565
cao_qiao_001,1566,52.252252,3840,2160,19,1566
cao_qiao_001,1567,52.285619,3840,2160,19,1567
cao_qiao_001,1568,52.318986,3840,2160,20,1568
cao_qiao_001,1569,52.352352,3840,2160,19,1569
cao_qiao_001,1570,52.385719,3840,2160,19,1570
cao_qiao_001,1571,52.419086,3840,2160,19,1571
cao_qiao_001,1572,52.452452,3840,2160,19,1572
cao_qiao_001,1573,52.485819,3840,2160,19,1573
cao_qiao_001,1574,52.519186,3840,2160,20,1574
cao_qiao_001,1575,52.552553,3840,2160,20,1575
cao_qiao_001,1576,52.585919,3840,2160,20,1576
cao_qiao_001,1577,52.619286,3840,2160,18,1577
cao_qiao_001,1578,52.652653,3840,2160,17,1578
cao_qiao_001,1579,52.686019,3840,2160,17,1579
cao_qiao_001,1580,52.719386,3840,2160,18,1580
cao_qiao_001,1581,52.752753,3840,2160,19,1581
cao_qiao_001,1582,52.786119,3840,2160,19,1582
cao_qiao_001,1583,52.819486,3840,2160,20,1583
cao_qiao_001,1584,52.852853,3840,2160,20,1584
cao_qiao_001,1585,52.886220,3840,2160,20,1585
cao_qiao_001,1586,52.919586,3840,2160,20,1586
cao_qiao_001,1587,52.952953,3840,2160,19,1587
cao_qiao_001,1588,52.986320,3840,2160,19,1588
cao_qiao_001,1589,53.019686,3840,2160,19,1589
cao_qiao_001,1590,53.053053,3840,2160,18,1590
cao_qiao_001,1591,53.086420,3840,2160,18,1591
cao_qiao_001,1592,53.119786,3840,2160,18,1592
cao_qiao_001,1593,53.153153,3840,2160,18,1593
cao_qiao_001,1594,53.186520,3840,2160,18,1594
cao_qiao_001,1595,53.219887,3840,2160,17,1595
cao_qiao_001,1596,53.253253,3840,2160,17,1596
cao_qiao_001,1597,53.286620,3840,2160,17,1597
cao_qiao_001,1598,53.319987,3840,2160,17,1598
cao_qiao_001,1599,53.353353,3840,2160,17,1599
cao_qiao_001,1600,53.386720,3840,2160,17,1600
cao_qiao_001,1601,53.420087,3840,2160,17,1601
cao_qiao_001,1602,53.453453,3840,2160,17,1602
cao_qiao_001,1603,53.486820,3840,2160,17,1603
cao_qiao_001,1604,53.520187,3840,2160,17,1604
cao_qiao_001,1605,53.553554,3840,2160,17,1605
cao_qiao_001,1606,53.586920,3840,2160,17,1606
cao_qiao_001,1607,53.620287,3840,2160,17,1607
cao_qiao_001,1608,53.653654,3840,2160,19,1608
cao_qiao_001,1609,53.687020,3840,2160,18,1609
cao_qiao_001,1610,53.720387,3840,2160,17,1610
cao_qiao_001,1611,53.753754,3840,2160,17,1611
cao_qiao_001,1612,53.787120,3840,2160,17,1612
cao_qiao_001,1613,53.820487,3840,2160,17,1613
cao_qiao_001,1614,53.853854,3840,2160,17,1614
cao_qiao_001,1615,53.887221,3840,2160,17,1615
cao_qiao_001,1616,53.920587,3840,2160,17,1616
cao_qiao_001,1617,53.953954,3840,2160,17,1617
cao_qiao_001,1618,53.987321,3840,2160,17,1618
cao_qiao_001,1619,54.020687,3840,2160,17,1619
cao_qiao_001,1620,54.054054,3840,2160,17,1620
cao_qiao_001,1621,54.087421,3840,2160,17,1621
cao_qiao_001,1622,54.120787,3840,2160,16,1622
cao_qiao_001,1623,54.154154,3840,2160,16,1623
cao_qiao_001,1624,54.187521,3840,2160,16,1624
cao_qiao_001,1625,54.220888,3840,2160,17,1625
cao_qiao_001,1626,54.254254,3840,2160,17,1626
cao_qiao_001,1627,54.287621,3840,2160,18,1627
cao_qiao_001,1628,54.320988,3840,2160,16,1628
cao_qiao_001,1629,54.354354,3840,2160,16,1629
cao_qiao_001,1630,54.387721,3840,2160,16,1630
cao_qiao_001,1631,54.421088,3840,2160,16,1631
cao_qiao_001,1632,54.454454,3840,2160,16,1632
cao_qiao_001,1633,54.487821,3840,2160,16,1633
cao_qiao_001,1634,54.521188,3840,2160,16,1634
cao_qiao_001,1635,54.554555,3840,2160,16,1635
cao_qiao_001,1636,54.587921,3840,2160,17,1636
cao_qiao_001,1637,54.621288,3840,2160,16,1637
cao_qiao_001,1638,54.654655,3840,2160,16,1638
cao_qiao_001,1639,54.688021,3840,2160,16,1639
cao_qiao_001,1640,54.721388,3840,2160,16,1640
cao_qiao_001,1641,54.754755,3840,2160,16,1641
cao_qiao_001,1642,54.788121,3840,2160,16,1642
cao_qiao_001,1643,54.821488,3840,2160,17,1643
cao_qiao_001,1644,54.854855,3840,2160,17,1644
cao_qiao_001,1645,54.888222,3840,2160,16,1645
cao_qiao_001,1646,54.921588,3840,2160,16,1646
cao_qiao_001,1647,54.954955,3840,2160,16,1647
cao_qiao_001,1648,54.988322,3840,2160,17,1648
cao_qiao_001,1649,55.021688,3840,2160,18,1649
cao_qiao_001,1650,55.055055,3840,2160,18,1650
cao_qiao_001,1651,55.088422,3840,2160,17,1651
cao_qiao_001,1652,55.121788,3840,2160,17,1652
cao_qiao_001,1653,55.155155,3840,2160,16,1653
cao_qiao_001,1654,55.188522,3840,2160,16,1654
cao_qiao_001,1655,55.221889,3840,2160,16,1655
cao_qiao_001,1656,55.255255,3840,2160,21,1656
cao_qiao_001,1657,55.288622,3840,2160,16,1657
cao_qiao_001,1658,55.321989,3840,2160,15,1658
cao_qiao_001,1659,55.355355,3840,2160,14,1659
cao_qiao_001,1660,55.388722,3840,2160,15,1660
cao_qiao_001,1661,55.422089,3840,2160,16,1661
cao_qiao_001,1662,55.455455,3840,2160,16,1662
cao_qiao_001,1663,55.488822,3840,2160,16,1663
cao_qiao_001,1664,55.522189,3840,2160,16,1664
cao_qiao_001,1665,55.555556,3840,2160,17,1665
cao_qiao_001,1666,55.588922,3840,2160,18,1666
cao_qiao_001,1667,55.622289,3840,2160,18,1667
cao_qiao_001,1668,55.655656,3840,2160,19,1668
cao_qiao_001,1669,55.689022,3840,2160,19,1669
cao_qiao_001,1670,55.722389,3840,2160,18,1670
cao_qiao_001,1671,55.755756,3840,2160,18,1671
cao_qiao_001,1672,55.789122,3840,2160,19,1672
cao_qiao_001,1673,55.822489,3840,2160,19,1673
cao_qiao_001,1674,55.855856,3840,2160,19,1674
cao_qiao_001,1675,55.889223,3840,2160,19,1675
cao_qiao_001,1676,55.922589,3840,2160,20,1676
cao_qiao_001,1677,55.955956,3840,2160,18,1677
cao_qiao_001,1678,55.989323,3840,2160,18,1678
cao_qiao_001,1679,56.022689,3840,2160,17,1679
cao_qiao_001,1680,56.056056,3840,2160,17,1680
cao_qiao_001,1681,56.089423,3840,2160,17,1681
cao_qiao_001,1682,56.122789,3840,2160,17,1682
cao_qiao_001,1683,56.156156,3840,2160,18,1683
cao_qiao_001,1684,56.189523,3840,2160,19,1684
cao_qiao_001,1685,56.222890,3840,2160,19,1685
cao_qiao_001,1686,56.256256,3840,2160,19,1686
cao_qiao_001,1687,56.289623,3840,2160,19,1687
cao_qiao_001,1688,56.322990,3840,2160,19,1688
cao_qiao_001,1689,56.356356,3840,2160,20,1689
cao_qiao_001,1690,56.389723,3840,2160,20,1690
cao_qiao_001,1691,56.423090,3840,2160,20,1691
cao_qiao_001,1692,56.456456,3840,2160,20,1692
cao_qiao_001,1693,56.489823,3840,2160,19,1693
cao_qiao_001,1694,56.523190,3840,2160,20,1694
cao_qiao_001,1695,56.556557,3840,2160,19,1695
cao_qiao_001,1696,56.589923,3840,2160,19,1696
cao_qiao_001,1697,56.623290,3840,2160,19,1697
cao_qiao_001,1698,56.656657,3840,2160,20,1698
cao_qiao_001,1699,56.690023,3840,2160,19,1699
cao_qiao_001,1700,56.723390,3840,2160,19,1700
cao_qiao_001,1701,56.756757,3840,2160,19,1701
cao_qiao_001,1702,56.790123,3840,2160,19,1702
cao_qiao_001,1703,56.823490,3840,2160,19,1703
cao_qiao_001,1704,56.856857,3840,2160,19,1704
cao_qiao_001,1705,56.890224,3840,2160,19,1705
cao_qiao_001,1706,56.923590,3840,2160,19,1706
cao_qiao_001,1707,56.956957,3840,2160,19,1707
cao_qiao_001,1708,56.990324,3840,2160,19,1708
cao_qiao_001,1709,57.023690,3840,2160,19,1709
cao_qiao_001,1710,57.057057,3840,2160,19,1710
cao_qiao_001,1711,57.090424,3840,2160,19,1711
cao_qiao_001,1712,57.123790,3840,2160,20,1712
cao_qiao_001,1713,57.157157,3840,2160,19,1713
cao_qiao_001,1714,57.190524,3840,2160,19,1714
cao_qiao_001,1715,57.223891,3840,2160,18,1715
cao_qiao_001,1716,57.257257,3840,2160,19,1716
cao_qiao_001,1717,57.290624,3840,2160,18,1717
cao_qiao_001,1718,57.323991,3840,2160,17,1718
cao_qiao_001,1719,57.357357,3840,2160,17,1719
cao_qiao_001,1720,57.390724,3840,2160,17,1720
cao_qiao_001,1721,57.424091,3840,2160,17,1721
cao_qiao_001,1722,57.457457,3840,2160,17,1722
cao_qiao_001,1723,57.490824,3840,2160,17,1723
cao_qiao_001,1724,57.524191,3840,2160,17,1724
cao_qiao_001,1725,57.557558,3840,2160,17,1725
cao_qiao_001,1726,57.590924,3840,2160,18,1726
cao_qiao_001,1727,57.624291,3840,2160,18,1727
cao_qiao_001,1728,57.657658,3840,2160,18,1728
cao_qiao_001,1729,57.691024,3840,2160,18,1729
cao_qiao_001,1730,57.724391,3840,2160,18,1730
cao_qiao_001,1731,57.757758,3840,2160,18,1731
cao_qiao_001,1732,57.791124,3840,2160,18,1732
cao_qiao_001,1733,57.824491,3840,2160,18,1733
cao_qiao_001,1734,57.857858,3840,2160,17,1734
cao_qiao_001,1735,57.891225,3840,2160,17,1735
cao_qiao_001,1736,57.924591,3840,2160,17,1736
cao_qiao_001,1737,57.957958,3840,2160,19,1737
cao_qiao_001,1738,57.991325,3840,2160,19,1738
cao_qiao_001,1739,58.024691,3840,2160,19,1739
cao_qiao_001,1740,58.058058,3840,2160,19,1740
cao_qiao_001,1741,58.091425,3840,2160,18,1741
cao_qiao_001,1742,58.124791,3840,2160,18,1742
cao_qiao_001,1743,58.158158,3840,2160,18,1743
cao_qiao_001,1744,58.191525,3840,2160,18,1744
cao_qiao_001,1745,58.224892,3840,2160,18,1745
cao_qiao_001,1746,58.258258,3840,2160,18,1746
cao_qiao_001,1747,58.291625,3840,2160,17,1747
cao_qiao_001,1748,58.324992,3840,2160,17,1748
cao_qiao_001,1749,58.358358,3840,2160,17,1749
cao_qiao_001,1750,58.391725,3840,2160,17,1750
cao_qiao_001,1751,58.425092,3840,2160,17,1751
cao_qiao_001,1752,58.458458,3840,2160,16,1752
cao_qiao_001,1753,58.491825,3840,2160,16,1753
cao_qiao_001,1754,58.525192,3840,2160,16,1754
cao_qiao_001,1755,58.558559,3840,2160,16,1755
cao_qiao_001,1756,58.591925,3840,2160,17,1756
cao_qiao_001,1757,58.625292,3840,2160,17,1757
cao_qiao_001,1758,58.658659,3840,2160,17,1758
cao_qiao_001,1759,58.692025,3840,2160,17,1759
cao_qiao_001,1760,58.725392,3840,2160,17,1760
cao_qiao_001,1761,58.758759,3840,2160,17,1761
cao_qiao_001,1762,58.792125,3840,2160,16,1762
cao_qiao_001,1763,58.825492,3840,2160,16,1763
cao_qiao_001,1764,58.858859,3840,2160,16,1764
cao_qiao_001,1765,58.892226,3840,2160,17,1765
cao_qiao_001,1766,58.925592,3840,2160,17,1766
cao_qiao_001,1767,58.958959,3840,2160,17,1767
cao_qiao_001,1768,58.992326,3840,2160,17,1768
cao_qiao_001,1769,59.025692,3840,2160,17,1769
cao_qiao_001,1770,59.059059,3840,2160,15,1770
cao_qiao_001,1771,59.092426,3840,2160,15,1771
cao_qiao_001,1772,59.125792,3840,2160,15,1772
cao_qiao_001,1773,59.159159,3840,2160,15,1773
cao_qiao_001,1774,59.192526,3840,2160,15,1774
cao_qiao_001,1775,59.225893,3840,2160,15,1775
cao_qiao_001,1776,59.259259,3840,2160,15,1776
cao_qiao_001,1777,59.292626,3840,2160,15,1777
cao_qiao_001,1778,59.325993,3840,2160,15,1778
cao_qiao_001,1779,59.359359,3840,2160,15,1779
cao_qiao_001,1780,59.392726,3840,2160,15,1780
cao_qiao_001,1781,59.426093,3840,2160,15,1781
cao_qiao_001,1782,59.459459,3840,2160,15,1782
cao_qiao_001,1783,59.492826,3840,2160,15,1783
cao_qiao_001,1784,59.526193,3840,2160,15,1784
cao_qiao_001,1785,59.559560,3840,2160,15,1785
cao_qiao_001,1786,59.592926,3840,2160,15,1786
cao_qiao_001,1787,59.626293,3840,2160,15,1787
cao_qiao_001,1788,59.659660,3840,2160,15,1788
cao_qiao_001,1789,59.693026,3840,2160,16,1789
cao_qiao_001,1790,59.726393,3840,2160,16,1790
cao_qiao_001,1791,59.759760,3840,2160,16,1791
cao_qiao_001,1792,59.793126,3840,2160,15,1792
cao_qiao_001,1793,59.826493,3840,2160,17,1793
cao_qiao_001,1794,59.859860,3840,2160,15,1794
cao_qiao_001,1795,59.893227,3840,2160,15,1795
cao_qiao_001,1796,59.926593,3840,2160,15,1796
cao_qiao_001,1797,59.959960,3840,2160,17,1797
cao_qiao_001,1798,59.993327,3840,2160,17,1798
cao_qiao_001,1799,60.026693,3840,2160,18,1799
cao_qiao_001,1800,60.060060,3840,2160,17,1800
cao_qiao_001,1801,60.093427,3840,2160,17,1801
cao_qiao_001,1802,60.126793,3840,2160,17,1802
cao_qiao_001,1803,60.160160,3840,2160,17,1803
cao_qiao_001,1804,60.193527,3840,2160,17,1804
cao_qiao_001,1805,60.226894,3840,2160,17,1805
cao_qiao_001,1806,60.260260,3840,2160,17,1806
cao_qiao_001,1807,60.293627,3840,2160,17,1807
cao_qiao_001,1808,60.326994,3840,2160,17,1808
cao_qiao_001,1809,60.360360,3840,2160,17,1809
cao_qiao_001,1810,60.393727,3840,2160,17,1810
cao_qiao_001,1811,60.427094,3840,2160,17,1811
cao_qiao_001,1812,60.460460,3840,2160,17,1812
cao_qiao_001,1813,60.493827,3840,2160,17,1813
cao_qiao_001,1814,60.527194,3840,2160,17,1814
cao_qiao_001,1815,60.560561,3840,2160,18,1815
cao_qiao_001,1816,60.593927,3840,2160,18,1816
cao_qiao_001,1817,60.627294,3840,2160,18,1817
cao_qiao_001,1818,60.660661,3840,2160,18,1818
cao_qiao_001,1819,60.694027,3840,2160,18,1819
cao_qiao_001,1820,60.727394,3840,2160,18,1820
cao_qiao_001,1821,60.760761,3840,2160,18,1821
cao_qiao_001,1822,60.794127,3840,2160,18,1822
cao_qiao_001,1823,60.827494,3840,2160,18,1823
cao_qiao_001,1824,60.860861,3840,2160,18,1824
cao_qiao_001,1825,60.894228,3840,2160,19,1825
cao_qiao_001,1826,60.927594,3840,2160,18,1826
cao_qiao_001,1827,60.960961,3840,2160,18,1827
cao_qiao_001,1828,60.994328,3840,2160,17,1828
cao_qiao_001,1829,61.027694,3840,2160,17,1829
cao_qiao_001,1830,61.061061,3840,2160,17,1830
cao_qiao_001,1831,61.094428,3840,2160,18,1831
cao_qiao_001,1832,61.127794,3840,2160,17,1832
cao_qiao_001,1833,61.161161,3840,2160,17,1833
cao_qiao_001,1834,61.194528,3840,2160,17,1834
cao_qiao_001,1835,61.227895,3840,2160,17,1835
cao_qiao_001,1836,61.261261,3840,2160,18,1836
cao_qiao_001,1837,61.294628,3840,2160,17,1837
cao_qiao_001,1838,61.327995,3840,2160,17,1838
cao_qiao_001,1839,61.361361,3840,2160,17,1839
cao_qiao_001,1840,61.394728,3840,2160,18,1840
cao_qiao_001,1841,61.428095,3840,2160,18,1841
cao_qiao_001,1842,61.461461,3840,2160,19,1842
cao_qiao_001,1843,61.494828,3840,2160,18,1843
cao_qiao_001,1844,61.528195,3840,2160,19,1844
cao_qiao_001,1845,61.561562,3840,2160,18,1845
cao_qiao_001,1846,61.594928,3840,2160,18,1846
cao_qiao_001,1847,61.628295,3840,2160,17,1847
cao_qiao_001,1848,61.661662,3840,2160,17,1848
cao_qiao_001,1849,61.695028,3840,2160,17,1849
cao_qiao_001,1850,61.728395,3840,2160,16,1850
cao_qiao_001,1851,61.761762,3840,2160,16,1851
cao_qiao_001,1852,61.795128,3840,2160,16,1852
cao_qiao_001,1853,61.828495,3840,2160,16,1853
cao_qiao_001,1854,61.861862,3840,2160,16,1854
cao_qiao_001,1855,61.895229,3840,2160,16,1855
cao_qiao_001,1856,61.928595,3840,2160,16,1856
cao_qiao_001,1857,61.961962,3840,2160,17,1857
cao_qiao_001,1858,61.995329,3840,2160,17,1858
cao_qiao_001,1859,62.028695,3840,2160,16,1859
cao_qiao_001,1860,62.062062,3840,2160,16,1860
cao_qiao_001,1861,62.095429,3840,2160,16,1861
cao_qiao_001,1862,62.128795,3840,2160,16,1862
cao_qiao_001,1863,62.162162,3840,2160,17,1863
cao_qiao_001,1864,62.195529,3840,2160,16,1864
cao_qiao_001,1865,62.228896,3840,2160,15,1865
cao_qiao_001,1866,62.262262,3840,2160,14,1866
cao_qiao_001,1867,62.295629,3840,2160,14,1867
cao_qiao_001,1868,62.328996,3840,2160,14,1868
cao_qiao_001,1869,62.362362,3840,2160,14,1869
cao_qiao_001,1870,62.395729,3840,2160,13,1870
cao_qiao_001,1871,62.429096,3840,2160,14,1871
cao_qiao_001,1872,62.462462,3840,2160,14,1872
cao_qiao_001,1873,62.495829,3840,2160,14,1873
cao_qiao_001,1874,62.529196,3840,2160,14,1874
cao_qiao_001,1875,62.562563,3840,2160,14,1875
cao_qiao_001,1876,62.595929,3840,2160,14,1876
cao_qiao_001,1877,62.629296,3840,2160,13,1877
cao_qiao_001,1878,62.662663,3840,2160,13,1878
cao_qiao_001,1879,62.696029,3840,2160,13,1879
cao_qiao_001,1880,62.729396,3840,2160,15,1880
cao_qiao_001,1881,62.762763,3840,2160,15,1881
cao_qiao_001,1882,62.796129,3840,2160,15,1882
cao_qiao_001,1883,62.829496,3840,2160,15,1883
cao_qiao_001,1884,62.862863,3840,2160,15,1884
cao_qiao_001,1885,62.896230,3840,2160,15,1885
cao_qiao_001,1886,62.929596,3840,2160,14,1886
cao_qiao_001,1887,62.962963,3840,2160,14,1887
cao_qiao_001,1888,62.996330,3840,2160,14,1888
cao_qiao_001,1889,63.029696,3840,2160,15,1889
cao_qiao_001,1890,63.063063,3840,2160,15,1890
cao_qiao_001,1891,63.096430,3840,2160,15,1891
cao_qiao_001,1892,63.129796,3840,2160,14,1892
cao_qiao_001,1893,63.163163,3840,2160,15,1893
cao_qiao_001,1894,63.196530,3840,2160,15,1894
cao_qiao_001,1895,63.229897,3840,2160,15,1895
cao_qiao_001,1896,63.263263,3840,2160,15,1896
cao_qiao_001,1897,63.296630,3840,2160,15,1897
cao_qiao_001,1898,63.329997,3840,2160,14,1898
cao_qiao_001,1899,63.363363,3840,2160,14,1899
cao_qiao_001,1900,63.396730,3840,2160,14,1900
cao_qiao_001,1901,63.430097,3840,2160,15,1901
cao_qiao_001,1902,63.463463,3840,2160,15,1902
cao_qiao_001,1903,63.496830,3840,2160,15,1903
cao_qiao_001,1904,63.530197,3840,2160,14,1904
cao_qiao_001,1905,63.563564,3840,2160,14,1905
cao_qiao_001,1906,63.596930,3840,2160,14,1906
cao_qiao_001,1907,63.630297,3840,2160,14,1907
cao_qiao_001,1908,63.663664,3840,2160,14,1908
cao_qiao_001,1909,63.697030,3840,2160,14,1909
cao_qiao_001,1910,63.730397,3840,2160,14,1910
cao_qiao_001,1911,63.763764,3840,2160,15,1911
cao_qiao_001,1912,63.797130,3840,2160,15,1912
cao_qiao_001,1913,63.830497,3840,2160,15,1913
cao_qiao_001,1914,63.863864,3840,2160,15,1914
cao_qiao_001,1915,63.897231,3840,2160,15,1915
cao_qiao_001,1916,63.930597,3840,2160,14,1916
cao_qiao_001,1917,63.963964,3840,2160,14,1917
cao_qiao_001,1918,63.997331,3840,2160,14,1918
cao_qiao_001,1919,64.030697,3840,2160,15,1919
cao_qiao_001,1920,64.064064,3840,2160,15,1920
cao_qiao_001,1921,64.097431,3840,2160,15,1921
cao_qiao_001,1922,64.130797,3840,2160,15,1922
cao_qiao_001,1923,64.164164,3840,2160,15,1923
cao_qiao_001,1924,64.197531,3840,2160,15,1924
cao_qiao_001,1925,64.230898,3840,2160,14,1925
cao_qiao_001,1926,64.264264,3840,2160,14,1926
cao_qiao_001,1927,64.297631,3840,2160,14,1927
cao_qiao_001,1928,64.330998,3840,2160,14,1928
cao_qiao_001,1929,64.364364,3840,2160,14,1929
cao_qiao_001,1930,64.397731,3840,2160,14,1930
cao_qiao_001,1931,64.431098,3840,2160,14,1931
cao_qiao_001,1932,64.464464,3840,2160,14,1932
cao_qiao_001,1933,64.497831,3840,2160,14,1933
cao_qiao_001,1934,64.531198,3840,2160,14,1934
cao_qiao_001,1935,64.564565,3840,2160,14,1935
cao_qiao_001,1936,64.597931,3840,2160,13,1936
cao_qiao_001,1937,64.631298,3840,2160,13,1937
cao_qiao_001,1938,64.664665,3840,2160,13,1938
cao_qiao_001,1939,64.698031,3840,2160,13,1939
cao_qiao_001,1940,64.731398,3840,2160,13,1940
cao_qiao_001,1941,64.764765,3840,2160,13,1941
cao_qiao_001,1942,64.798131,3840,2160,13,1942
cao_qiao_001,1943,64.831498,3840,2160,14,1943
cao_qiao_001,1944,64.864865,3840,2160,13,1944
cao_qiao_001,1945,64.898232,3840,2160,13,1945
cao_qiao_001,1946,64.931598,3840,2160,13,1946
cao_qiao_001,1947,64.964965,3840,2160,13,1947
cao_qiao_001,1948,64.998332,3840,2160,13,1948
cao_qiao_001,1949,65.031698,3840,2160,13,1949
cao_qiao_001,1950,65.065065,3840,2160,13,1950
cao_qiao_001,1951,65.098432,3840,2160,13,1951
cao_qiao_001,1952,65.131798,3840,2160,13,1952
cao_qiao_001,1953,65.165165,3840,2160,13,1953
cao_qiao_001,1954,65.198532,3840,2160,13,1954
cao_qiao_001,1955,65.231899,3840,2160,13,1955
cao_qiao_001,1956,65.265265,3840,2160,13,1956
cao_qiao_001,1957,65.298632,3840,2160,13,1957
cao_qiao_001,1958,65.331999,3840,2160,13,1958
cao_qiao_001,1959,65.365365,3840,2160,14,1959
cao_qiao_001,1960,65.398732,3840,2160,14,1960
cao_qiao_001,1961,65.432099,3840,2160,13,1961
cao_qiao_001,1962,65.465465,3840,2160,13,1962
cao_qiao_001,1963,65.498832,3840,2160,13,1963
cao_qiao_001,1964,65.532199,3840,2160,13,1964
cao_qiao_001,1965,65.565566,3840,2160,14,1965
cao_qiao_001,1966,65.598932,3840,2160,13,1966
cao_qiao_001,1967,65.632299,3840,2160,13,1967
cao_qiao_001,1968,65.665666,3840,2160,13,1968
cao_qiao_001,1969,65.699032,3840,2160,13,1969
cao_qiao_001,1970,65.732399,3840,2160,13,1970
cao_qiao_001,1971,65.765766,3840,2160,13,1971
cao_qiao_001,1972,65.799132,3840,2160,13,1972
cao_qiao_001,1973,65.832499,3840,2160,13,1973
cao_qiao_001,1974,65.865866,3840,2160,13,1974
cao_qiao_001,1975,65.899233,3840,2160,13,1975
cao_qiao_001,1976,65.932599,3840,2160,13,1976
cao_qiao_001,1977,65.965966,3840,2160,13,1977
cao_qiao_001,1978,65.999333,3840,2160,13,1978
cao_qiao_001,1979,66.032699,3840,2160,13,1979
cao_qiao_001,1980,66.066066,3840,2160,13,1980
cao_qiao_001,1981,66.099433,3840,2160,13,1981
cao_qiao_001,1982,66.132799,3840,2160,13,1982
cao_qiao_001,1983,66.166166,3840,2160,13,1983
cao_qiao_001,1984,66.199533,3840,2160,13,1984
cao_qiao_001,1985,66.232900,3840,2160,12,1985
cao_qiao_001,1986,66.266266,3840,2160,13,1986
cao_qiao_001,1987,66.299633,3840,2160,13,1987
cao_qiao_001,1988,66.333000,3840,2160,13,1988
cao_qiao_001,1989,66.366366,3840,2160,14,1989
cao_qiao_001,1990,66.399733,3840,2160,13,1990
cao_qiao_001,1991,66.433100,3840,2160,12,1991
cao_qiao_001,1992,66.466466,3840,2160,12,1992
cao_qiao_001,1993,66.499833,3840,2160,13,1993
cao_qiao_001,1994,66.533200,3840,2160,13,1994
cao_qiao_001,1995,66.566567,3840,2160,13,1995
cao_qiao_001,1996,66.599933,3840,2160,14,1996
cao_qiao_001,1997,66.633300,3840,2160,14,1997
cao_qiao_001,1998,66.666667,3840,2160,13,1998
cao_qiao_001,1999,66.700033,3840,2160,13,1999
cao_qiao_001,2000,66.733400,3840,2160,13,2000
cao_qiao_001,2001,66.766767,3840,2160,13,2001
cao_qiao_001,2002,66.800133,3840,2160,13,2002
cao_qiao_001,2003,66.833500,3840,2160,13,2003
cao_qiao_001,2004,66.866867,3840,2160,13,2004
cao_qiao_001,2005,66.900234,3840,2160,14,2005
cao_qiao_001,2006,66.933600,3840,2160,13,2006
cao_qiao_001,2007,66.966967,3840,2160,13,2007
cao_qiao_001,2008,67.000334,3840,2160,13,2008
cao_qiao_001,2009,67.033700,3840,2160,13,2009
cao_qiao_001,2010,67.067067,3840,2160,13,2010
cao_qiao_001,2011,67.100434,3840,2160,13,2011
cao_qiao_001,2012,67.133800,3840,2160,13,2012
cao_qiao_001,2013,67.167167,3840,2160,13,2013
cao_qiao_001,2014,67.200534,3840,2160,13,2014
cao_qiao_001,2015,67.233901,3840,2160,13,2015
cao_qiao_001,2016,67.267267,3840,2160,13,2016
cao_qiao_001,2017,67.300634,3840,2160,13,2017
cao_qiao_001,2018,67.334001,3840,2160,13,2018
cao_qiao_001,2019,67.367367,3840,2160,13,2019
cao_qiao_001,2020,67.400734,3840,2160,13,2020
cao_qiao_001,2021,67.434101,3840,2160,13,2021
cao_qiao_001,2022,67.467467,3840,2160,13,2022
cao_qiao_001,2023,67.500834,3840,2160,13,2023
cao_qiao_001,2024,67.534201,3840,2160,13,2024
cao_qiao_001,2025,67.567568,3840,2160,13,2025
cao_qiao_001,2026,67.600934,3840,2160,13,2026
cao_qiao_001,2027,67.634301,3840,2160,13,2027
cao_qiao_001,2028,67.667668,3840,2160,13,2028
cao_qiao_001,2029,67.701034,3840,2160,13,2029
cao_qiao_001,2030,67.734401,3840,2160,13,2030
cao_qiao_001,2031,67.767768,3840,2160,13,2031
cao_qiao_001,2032,67.801134,3840,2160,14,2032
cao_qiao_001,2033,67.834501,3840,2160,14,2033
cao_qiao_001,2034,67.867868,3840,2160,14,2034
cao_qiao_001,2035,67.901235,3840,2160,12,2035
cao_qiao_001,2036,67.934601,3840,2160,12,2036
cao_qiao_001,2037,67.967968,3840,2160,12,2037
cao_qiao_001,2038,68.001335,3840,2160,14,2038
cao_qiao_001,2039,68.034701,3840,2160,14,2039
cao_qiao_001,2040,68.068068,3840,2160,14,2040
cao_qiao_001,2041,68.101435,3840,2160,14,2041
cao_qiao_001,2042,68.134801,3840,2160,14,2042
cao_qiao_001,2043,68.168168,3840,2160,14,2043
cao_qiao_001,2044,68.201535,3840,2160,14,2044
cao_qiao_001,2045,68.234902,3840,2160,14,2045
cao_qiao_001,2046,68.268268,3840,2160,14,2046
cao_qiao_001,2047,68.301635,3840,2160,14,2047
cao_qiao_001,2048,68.335002,3840,2160,13,2048
cao_qiao_001,2049,68.368368,3840,2160,13,2049
cao_qiao_001,2050,68.401735,3840,2160,13,2050
cao_qiao_001,2051,68.435102,3840,2160,12,2051
cao_qiao_001,2052,68.468468,3840,2160,12,2052
cao_qiao_001,2053,68.501835,3840,2160,13,2053
cao_qiao_001,2054,68.535202,3840,2160,12,2054
cao_qiao_001,2055,68.568569,3840,2160,12,2055
cao_qiao_001,2056,68.601935,3840,2160,11,2056
cao_qiao_001,2057,68.635302,3840,2160,12,2057
cao_qiao_001,2058,68.668669,3840,2160,12,2058
cao_qiao_001,2059,68.702035,3840,2160,12,2059
cao_qiao_001,2060,68.735402,3840,2160,12,2060
cao_qiao_001,2061,68.768769,3840,2160,13,2061
cao_qiao_001,2062,68.802135,3840,2160,12,2062
cao_qiao_001,2063,68.835502,3840,2160,13,2063
cao_qiao_001,2064,68.868869,3840,2160,13,2064
cao_qiao_001,2065,68.902236,3840,2160,14,2065
cao_qiao_001,2066,68.935602,3840,2160,14,2066
cao_qiao_001,2067,68.968969,3840,2160,14,2067
cao_qiao_001,2068,69.002336,3840,2160,13,2068
cao_qiao_001,2069,69.035702,3840,2160,11,2069
cao_qiao_001,2070,69.069069,3840,2160,11,2070
cao_qiao_001,2071,69.102436,3840,2160,11,2071
cao_qiao_001,2072,69.135802,3840,2160,12,2072
cao_qiao_001,2073,69.169169,3840,2160,12,2073
cao_qiao_001,2074,69.202536,3840,2160,12,2074
cao_qiao_001,2075,69.235903,3840,2160,12,2075
cao_qiao_001,2076,69.269269,3840,2160,11,2076
cao_qiao_001,2077,69.302636,3840,2160,11,2077
cao_qiao_001,2078,69.336003,3840,2160,11,2078
cao_qiao_001,2079,69.369369,3840,2160,11,2079
cao_qiao_001,2080,69.402736,3840,2160,11,2080
cao_qiao_001,2081,69.436103,3840,2160,11,2081
cao_qiao_001,2082,69.469469,3840,2160,11,2082
cao_qiao_001,2083,69.502836,3840,2160,12,2083
cao_qiao_001,2084,69.536203,3840,2160,12,2084
cao_qiao_001,2085,69.569570,3840,2160,11,2085
cao_qiao_001,2086,69.602936,3840,2160,11,2086
cao_qiao_001,2087,69.636303,3840,2160,11,2087
cao_qiao_001,2088,69.669670,3840,2160,11,2088
cao_qiao_001,2089,69.703036,3840,2160,11,2089
cao_qiao_001,2090,69.736403,3840,2160,11,2090
cao_qiao_001,2091,69.769770,3840,2160,11,2091
cao_qiao_001,2092,69.803136,3840,2160,11,2092
cao_qiao_001,2093,69.836503,3840,2160,11,2093
cao_qiao_001,2094,69.869870,3840,2160,11,2094
cao_qiao_001,2095,69.903237,3840,2160,11,2095
cao_qiao_001,2096,69.936603,3840,2160,11,2096
cao_qiao_001,2097,69.969970,3840,2160,11,2097
cao_qiao_001,2098,70.003337,3840,2160,11,2098
cao_qiao_001,2099,70.036703,3840,2160,11,2099
cao_qiao_001,2100,70.070070,3840,2160,11,2100
cao_qiao_001,2101,70.103437,3840,2160,11,2101
cao_qiao_001,2102,70.136803,3840,2160,12,2102
cao_qiao_001,2103,70.170170,3840,2160,11,2103
cao_qiao_001,2104,70.203537,3840,2160,12,2104
cao_qiao_001,2105,70.236904,3840,2160,12,2105
cao_qiao_001,2106,70.270270,3840,2160,12,2106
cao_qiao_001,2107,70.303637,3840,2160,12,2107
cao_qiao_001,2108,70.337004,3840,2160,12,2108
cao_qiao_001,2109,70.370370,3840,2160,12,2109
cao_qiao_001,2110,70.403737,3840,2160,11,2110
cao_qiao_001,2111,70.437104,3840,2160,11,2111
cao_qiao_001,2112,70.470470,3840,2160,11,2112
cao_qiao_001,2113,70.503837,3840,2160,12,2113
cao_qiao_001,2114,70.537204,3840,2160,12,2114
cao_qiao_001,2115,70.570571,3840,2160,11,2115
cao_qiao_001,2116,70.603937,3840,2160,11,2116
cao_qiao_001,2117,70.637304,3840,2160,11,2117
cao_qiao_001,2118,70.670671,3840,2160,11,2118
cao_qiao_001,2119,70.704037,3840,2160,11,2119
cao_qiao_001,2120,70.737404,3840,2160,11,2120
cao_qiao_001,2121,70.770771,3840,2160,11,2121
cao_qiao_001,2122,70.804137,3840,2160,11,2122
cao_qiao_001,2123,70.837504,3840,2160,11,2123
cao_qiao_001,2124,70.870871,3840,2160,11,2124
cao_qiao_001,2125,70.904238,3840,2160,11,2125
cao_qiao_001,2126,70.937604,3840,2160,11,2126
cao_qiao_001,2127,70.970971,3840,2160,11,2127
cao_qiao_001,2128,71.004338,3840,2160,11,2128
cao_qiao_001,2129,71.037704,3840,2160,11,2129
cao_qiao_001,2130,71.071071,3840,2160,11,2130
cao_qiao_001,2131,71.104438,3840,2160,13,2131
cao_qiao_001,2132,71.137804,3840,2160,13,2132
cao_qiao_001,2133,71.171171,3840,2160,13,2133
cao_qiao_001,2134,71.204538,3840,2160,13,2134
cao_qiao_001,2135,71.237905,3840,2160,13,2135
cao_qiao_001,2136,71.271271,3840,2160,13,2136
cao_qiao_001,2137,71.304638,3840,2160,13,2137
cao_qiao_001,2138,71.338005,3840,2160,13,2138
cao_qiao_001,2139,71.371371,3840,2160,13,2139
cao_qiao_001,2140,71.404738,3840,2160,13,2140
cao_qiao_001,2141,71.438105,3840,2160,13,2141
cao_qiao_001,2142,71.471471,3840,2160,12,2142
cao_qiao_001,2143,71.504838,3840,2160,12,2143
cao_qiao_001,2144,71.538205,3840,2160,12,2144
cao_qiao_001,2145,71.571572,3840,2160,12,2145
cao_qiao_001,2146,71.604938,3840,2160,12,2146
cao_qiao_001,2147,71.638305,3840,2160,12,2147
cao_qiao_001,2148,71.671672,3840,2160,12,2148
cao_qiao_001,2149,71.705038,3840,2160,11,2149
cao_qiao_001,2150,71.738405,3840,2160,11,2150
cao_qiao_001,2151,71.771772,3840,2160,12,2151
cao_qiao_001,2152,71.805138,3840,2160,12,2152
cao_qiao_001,2153,71.838505,3840,2160,12,2153
cao_qiao_001,2154,71.871872,3840,2160,13,2154
cao_qiao_001,2155,71.905239,3840,2160,13,2155
cao_qiao_001,2156,71.938605,3840,2160,13,2156
cao_qiao_001,2157,71.971972,3840,2160,13,2157
cao_qiao_001,2158,72.005339,3840,2160,13,2158
cao_qiao_001,2159,72.038705,3840,2160,13,2159
cao_qiao_001,2160,72.072072,3840,2160,12,2160
cao_qiao_001,2161,72.105439,3840,2160,12,2161
cao_qiao_001,2162,72.138805,3840,2160,12,2162
cao_qiao_001,2163,72.172172,3840,2160,13,2163
cao_qiao_001,2164,72.205539,3840,2160,14,2164
cao_qiao_001,2165,72.238906,3840,2160,12,2165
cao_qiao_001,2166,72.272272,3840,2160,12,2166
cao_qiao_001,2167,72.305639,3840,2160,12,2167
cao_qiao_001,2168,72.339006,3840,2160,14,2168
cao_qiao_001,2169,72.372372,3840,2160,14,2169
cao_qiao_001,2170,72.405739,3840,2160,14,2170
cao_qiao_001,2171,72.439106,3840,2160,15,2171
cao_qiao_001,2172,72.472472,3840,2160,12,2172
cao_qiao_001,2173,72.505839,3840,2160,12,2173
cao_qiao_001,2174,72.539206,3840,2160,12,2174
cao_qiao_001,2175,72.572573,3840,2160,13,2175
cao_qiao_001,2176,72.605939,3840,2160,13,2176
cao_qiao_001,2177,72.639306,3840,2160,13,2177
cao_qiao_001,2178,72.672673,3840,2160,13,2178
cao_qiao_001,2179,72.706039,3840,2160,13,2179
cao_qiao_001,2180,72.739406,3840,2160,14,2180
cao_qiao_001,2181,72.772773,3840,2160,14,2181
cao_qiao_001,2182,72.806139,3840,2160,14,2182
cao_qiao_001,2183,72.839506,3840,2160,13,2183
cao_qiao_001,2184,72.872873,3840,2160,13,2184
cao_qiao_001,2185,72.906240,3840,2160,13,2185
cao_qiao_001,2186,72.939606,3840,2160,12,2186
cao_qiao_001,2187,72.972973,3840,2160,12,2187
cao_qiao_001,2188,73.006340,3840,2160,12,2188
cao_qiao_001,2189,73.039706,3840,2160,12,2189
cao_qiao_001,2190,73.073073,3840,2160,12,2190
cao_qiao_001,2191,73.106440,3840,2160,12,2191
cao_qiao_001,2192,73.139806,3840,2160,12,2192
cao_qiao_001,2193,73.173173,3840,2160,12,2193
cao_qiao_001,2194,73.206540,3840,2160,12,2194
cao_qiao_001,2195,73.239907,3840,2160,12,2195
cao_qiao_001,2196,73.273273,3840,2160,12,2196
cao_qiao_001,2197,73.306640,3840,2160,12,2197
cao_qiao_001,2198,73.340007,3840,2160,11,2198
cao_qiao_001,2199,73.373373,3840,2160,11,2199
cao_qiao_001,2200,73.406740,3840,2160,11,2200
cao_qiao_001,2201,73.440107,3840,2160,11,2201
cao_qiao_001,2202,73.473473,3840,2160,11,2202
cao_qiao_001,2203,73.506840,3840,2160,11,2203
cao_qiao_001,2204,73.540207,3840,2160,12,2204
cao_qiao_001,2205,73.573574,3840,2160,12,2205
cao_qiao_001,2206,73.606940,3840,2160,12,2206
cao_qiao_001,2207,73.640307,3840,2160,12,2207
cao_qiao_001,2208,73.673674,3840,2160,12,2208
cao_qiao_001,2209,73.707040,3840,2160,11,2209
cao_qiao_001,2210,73.740407,3840,2160,11,2210
cao_qiao_001,2211,73.773774,3840,2160,11,2211
cao_qiao_001,2212,73.807140,3840,2160,11,2212
cao_qiao_001,2213,73.840507,3840,2160,11,2213
cao_qiao_001,2214,73.873874,3840,2160,11,2214
cao_qiao_001,2215,73.907241,3840,2160,11,2215
cao_qiao_001,2216,73.940607,3840,2160,11,2216
cao_qiao_001,2217,73.973974,3840,2160,11,2217
cao_qiao_001,2218,74.007341,3840,2160,11,2218
cao_qiao_001,2219,74.040707,3840,2160,11,2219
cao_qiao_001,2220,74.074074,3840,2160,11,2220
cao_qiao_001,2221,74.107441,3840,2160,11,2221
cao_qiao_001,2222,74.140807,3840,2160,11,2222
cao_qiao_001,2223,74.174174,3840,2160,11,2223
cao_qiao_001,2224,74.207541,3840,2160,11,2224
cao_qiao_001,2225,74.240908,3840,2160,11,2225
cao_qiao_001,2226,74.274274,3840,2160,11,2226
cao_qiao_001,2227,74.307641,3840,2160,11,2227
cao_qiao_001,2228,74.341008,3840,2160,11,2228
cao_qiao_001,2229,74.374374,3840,2160,11,2229
cao_qiao_001,2230,74.407741,3840,2160,11,2230
cao_qiao_001,2231,74.441108,3840,2160,11,2231
cao_qiao_001,2232,74.474474,3840,2160,11,2232
cao_qiao_001,2233,74.507841,3840,2160,11,2233
cao_qiao_001,2234,74.541208,3840,2160,11,2234
cao_qiao_001,2235,74.574575,3840,2160,11,2235
cao_qiao_001,2236,74.607941,3840,2160,11,2236
cao_qiao_001,2237,74.641308,3840,2160,11,2237
cao_qiao_001,2238,74.674675,3840,2160,11,2238
cao_qiao_001,2239,74.708041,3840,2160,11,2239
cao_qiao_001,2240,74.741408,3840,2160,11,2240
cao_qiao_001,2241,74.774775,3840,2160,11,2241
cao_qiao_001,2242,74.808141,3840,2160,11,2242
cao_qiao_001,2243,74.841508,3840,2160,11,2243
cao_qiao_001,2244,74.874875,3840,2160,12,2244
cao_qiao_001,2245,74.908242,3840,2160,11,2245
cao_qiao_001,2246,74.941608,3840,2160,11,2246
cao_qiao_001,2247,74.974975,3840,2160,11,2247
cao_qiao_001,2248,75.008342,3840,2160,12,2248
cao_qiao_001,2249,75.041708,3840,2160,13,2249
cao_qiao_001,2250,75.075075,3840,2160,11,2250
cao_qiao_001,2251,75.108442,3840,2160,11,2251
cao_qiao_001,2252,75.141808,3840,2160,11,2252
cao_qiao_001,2253,75.175175,3840,2160,11,2253
cao_qiao_001,2254,75.208542,3840,2160,11,2254
cao_qiao_001,2255,75.241909,3840,2160,11,2255
cao_qiao_001,2256,75.275275,3840,2160,11,2256
cao_qiao_001,2257,75.308642,3840,2160,11,2257
cao_qiao_001,2258,75.342009,3840,2160,11,2258
cao_qiao_001,2259,75.375375,3840,2160,11,2259
cao_qiao_001,2260,75.408742,3840,2160,11,2260
cao_qiao_001,2261,75.442109,3840,2160,11,2261
cao_qiao_001,2262,75.475475,3840,2160,11,2262
cao_qiao_001,2263,75.508842,3840,2160,11,2263
cao_qiao_001,2264,75.542209,3840,2160,10,2264
cao_qiao_001,2265,75.575576,3840,2160,11,2265
cao_qiao_001,2266,75.608942,3840,2160,11,2266
cao_qiao_001,2267,75.642309,3840,2160,11,2267
cao_qiao_001,2268,75.675676,3840,2160,11,2268
cao_qiao_001,2269,75.709042,3840,2160,11,2269
cao_qiao_001,2270,75.742409,3840,2160,12,2270
cao_qiao_001,2271,75.775776,3840,2160,10,2271
cao_qiao_001,2272,75.809142,3840,2160,9,2272
cao_qiao_001,2273,75.842509,3840,2160,9,2273
cao_qiao_001,2274,75.875876,3840,2160,9,2274
cao_qiao_001,2275,75.909243,3840,2160,9,2275
cao_qiao_001,2276,75.942609,3840,2160,10,2276
cao_qiao_001,2277,75.975976,3840,2160,10,2277
cao_qiao_001,2278,76.009343,3840,2160,13,2278
cao_qiao_001,2279,76.042709,3840,2160,12,2279
cao_qiao_001,2280,76.076076,3840,2160,12,2280
cao_qiao_001,2281,76.109443,3840,2160,12,2281
cao_qiao_001,2282,76.142809,3840,2160,12,2282
cao_qiao_001,2283,76.176176,3840,2160,12,2283
cao_qiao_001,2284,76.209543,3840,2160,12,2284
cao_qiao_001,2285,76.242910,3840,2160,13,2285
cao_qiao_001,2286,76.276276,3840,2160,13,2286
cao_qiao_001,2287,76.309643,3840,2160,11,2287
cao_qiao_001,2288,76.343010,3840,2160,11,2288
cao_qiao_001,2289,76.376376,3840,2160,11,2289
cao_qiao_001,2290,76.409743,3840,2160,11,2290
cao_qiao_001,2291,76.443110,3840,2160,10,2291
cao_qiao_001,2292,76.476476,3840,2160,11,2292
cao_qiao_001,2293,76.509843,3840,2160,11,2293
cao_qiao_001,2294,76.543210,3840,2160,12,2294
cao_qiao_001,2295,76.576577,3840,2160,12,2295
cao_qiao_001,2296,76.609943,3840,2160,12,2296
cao_qiao_001,2297,76.643310,3840,2160,12,2297
cao_qiao_001,2298,76.676677,3840,2160,12,2298
cao_qiao_001,2299,76.710043,3840,2160,12,2299
cao_qiao_001,2300,76.743410,3840,2160,12,2300
cao_qiao_001,2301,76.776777,3840,2160,13,2301
cao_qiao_001,2302,76.810143,3840,2160,13,2302
cao_qiao_001,2303,76.843510,3840,2160,14,2303
cao_qiao_001,2304,76.876877,3840,2160,13,2304
cao_qiao_001,2305,76.910244,3840,2160,13,2305
cao_qiao_001,2306,76.943610,3840,2160,13,2306
cao_qiao_001,2307,76.976977,3840,2160,13,2307
cao_qiao_001,2308,77.010344,3840,2160,14,2308
cao_qiao_001,2309,77.043710,3840,2160,14,2309
cao_qiao_001,2310,77.077077,3840,2160,14,2310
cao_qiao_001,2311,77.110444,3840,2160,14,2311
cao_qiao_001,2312,77.143810,3840,2160,14,2312
cao_qiao_001,2313,77.177177,3840,2160,14,2313
cao_qiao_001,2314,77.210544,3840,2160,13,2314
cao_qiao_001,2315,77.243911,3840,2160,13,2315
cao_qiao_001,2316,77.277277,3840,2160,13,2316
cao_qiao_001,2317,77.310644,3840,2160,13,2317
cao_qiao_001,2318,77.344011,3840,2160,13,2318
cao_qiao_001,2319,77.377377,3840,2160,14,2319
cao_qiao_001,2320,77.410744,3840,2160,13,2320
cao_qiao_001,2321,77.444111,3840,2160,13,2321
cao_qiao_001,2322,77.477477,3840,2160,13,2322
cao_qiao_001,2323,77.510844,3840,2160,13,2323
cao_qiao_001,2324,77.544211,3840,2160,13,2324
cao_qiao_001,2325,77.577578,3840,2160,13,2325
cao_qiao_001,2326,77.610944,3840,2160,13,2326
cao_qiao_001,2327,77.644311,3840,2160,13,2327
cao_qiao_001,2328,77.677678,3840,2160,13,2328
cao_qiao_001,2329,77.711044,3840,2160,12,2329
cao_qiao_001,2330,77.744411,3840,2160,12,2330
cao_qiao_001,2331,77.777778,3840,2160,12,2331
cao_qiao_001,2332,77.811144,3840,2160,13,2332
cao_qiao_001,2333,77.844511,3840,2160,13,2333
cao_qiao_001,2334,77.877878,3840,2160,14,2334
cao_qiao_001,2335,77.911245,3840,2160,14,2335
cao_qiao_001,2336,77.944611,3840,2160,14,2336
cao_qiao_001,2337,77.977978,3840,2160,13,2337
cao_qiao_001,2338,78.011345,3840,2160,12,2338
cao_qiao_001,2339,78.044711,3840,2160,11,2339
cao_qiao_001,2340,78.078078,3840,2160,11,2340
cao_qiao_001,2341,78.111445,3840,2160,11,2341
cao_qiao_001,2342,78.144811,3840,2160,13,2342
cao_qiao_001,2343,78.178178,3840,2160,13,2343
cao_qiao_001,2344,78.211545,3840,2160,13,2344
cao_qiao_001,2345,78.244912,3840,2160,13,2345
cao_qiao_001,2346,78.278278,3840,2160,14,2346
cao_qiao_001,2347,78.311645,3840,2160,14,2347
cao_qiao_001,2348,78.345012,3840,2160,14,2348
cao_qiao_001,2349,78.378378,3840,2160,14,2349
cao_qiao_001,2350,78.411745,3840,2160,14,2350
cao_qiao_001,2351,78.445112,3840,2160,14,2351
cao_qiao_001,2352,78.478478,3840,2160,14,2352
cao_qiao_001,2353,78.511845,3840,2160,14,2353
cao_qiao_001,2354,78.545212,3840,2160,14,2354
cao_qiao_001,2355,78.578579,3840,2160,14,2355
cao_qiao_001,2356,78.611945,3840,2160,14,2356
cao_qiao_001,2357,78.645312,3840,2160,14,2357
cao_qiao_001,2358,78.678679,3840,2160,14,2358
cao_qiao_001,2359,78.712045,3840,2160,13,2359
cao_qiao_001,2360,78.745412,3840,2160,13,2360
cao_qiao_001,2361,78.778779,3840,2160,13,2361
cao_qiao_001,2362,78.812145,3840,2160,14,2362
cao_qiao_001,2363,78.845512,3840,2160,13,2363
cao_qiao_001,2364,78.878879,3840,2160,14,2364
cao_qiao_001,2365,78.912246,3840,2160,12,2365
cao_qiao_001,2366,78.945612,3840,2160,12,2366
cao_qiao_001,2367,78.978979,3840,2160,12,2367
cao_qiao_001,2368,79.012346,3840,2160,12,2368
cao_qiao_001,2369,79.045712,3840,2160,12,2369
cao_qiao_001,2370,79.079079,3840,2160,12,2370
cao_qiao_001,2371,79.112446,3840,2160,12,2371
cao_qiao_001,2372,79.145812,3840,2160,13,2372
cao_qiao_001,2373,79.179179,3840,2160,14,2373
cao_qiao_001,2374,79.212546,3840,2160,14,2374
cao_qiao_001,2375,79.245913,3840,2160,14,2375
cao_qiao_001,2376,79.279279,3840,2160,14,2376
cao_qiao_001,2377,79.312646,3840,2160,14,2377
cao_qiao_001,2378,79.346013,3840,2160,14,2378
cao_qiao_001,2379,79.379379,3840,2160,14,2379
cao_qiao_001,2380,79.412746,3840,2160,13,2380
cao_qiao_001,2381,79.446113,3840,2160,13,2381
cao_qiao_001,2382,79.479479,3840,2160,12,2382
cao_qiao_001,2383,79.512846,3840,2160,12,2383
cao_qiao_001,2384,79.546213,3840,2160,12,2384
cao_qiao_001,2385,79.579580,3840,2160,12,2385
cao_qiao_001,2386,79.612946,3840,2160,13,2386
cao_qiao_001,2387,79.646313,3840,2160,13,2387
cao_qiao_001,2388,79.679680,3840,2160,13,2388
cao_qiao_001,2389,79.713046,3840,2160,13,2389
cao_qiao_001,2390,79.746413,3840,2160,13,2390
cao_qiao_001,2391,79.779780,3840,2160,13,2391
cao_qiao_001,2392,79.813146,3840,2160,13,2392
cao_qiao_001,2393,79.846513,3840,2160,13,2393
cao_qiao_001,2394,79.879880,3840,2160,13,2394
cao_qiao_001,2395,79.913247,3840,2160,13,2395
cao_qiao_001,2396,79.946613,3840,2160,12,2396
cao_qiao_001,2397,79.979980,3840,2160,12,2397
cao_qiao_001,2398,80.013347,3840,2160,12,2398
cao_qiao_001,2399,80.046713,3840,2160,13,2399
cao_qiao_001,2400,80.080080,3840,2160,12,2400
cao_qiao_001,2401,80.113447,3840,2160,12,2401
cao_qiao_001,2402,80.146813,3840,2160,12,2402
cao_qiao_001,2403,80.180180,3840,2160,12,2403
cao_qiao_001,2404,80.213547,3840,2160,12,2404
cao_qiao_001,2405,80.246914,3840,2160,12,2405
cao_qiao_001,2406,80.280280,3840,2160,14,2406
cao_qiao_001,2407,80.313647,3840,2160,14,2407
cao_qiao_001,2408,80.347014,3840,2160,13,2408
cao_qiao_001,2409,80.380380,3840,2160,13,2409
cao_qiao_001,2410,80.413747,3840,2160,13,2410
cao_qiao_001,2411,80.447114,3840,2160,14,2411
cao_qiao_001,2412,80.480480,3840,2160,13,2412
cao_qiao_001,2413,80.513847,3840,2160,13,2413
cao_qiao_001,2414,80.547214,3840,2160,13,2414
cao_qiao_001,2415,80.580581,3840,2160,14,2415
cao_qiao_001,2416,80.613947,3840,2160,14,2416
cao_qiao_001,2417,80.647314,3840,2160,14,2417
cao_qiao_001,2418,80.680681,3840,2160,13,2418
cao_qiao_001,2419,80.714047,3840,2160,13,2419
cao_qiao_001,2420,80.747414,3840,2160,13,2420
cao_qiao_001,2421,80.780781,3840,2160,14,2421
cao_qiao_001,2422,80.814147,3840,2160,14,2422
cao_qiao_001,2423,80.847514,3840,2160,14,2423
cao_qiao_001,2424,80.880881,3840,2160,14,2424
cao_qiao_001,2425,80.914248,3840,2160,14,2425
cao_qiao_001,2426,80.947614,3840,2160,15,2426
cao_qiao_001,2427,80.980981,3840,2160,15,2427
cao_qiao_001,2428,81.014348,3840,2160,15,2428
cao_qiao_001,2429,81.047714,3840,2160,15,2429
cao_qiao_001,2430,81.081081,3840,2160,15,2430
cao_qiao_001,2431,81.114448,3840,2160,15,2431
cao_qiao_001,2432,81.147814,3840,2160,15,2432
cao_qiao_001,2433,81.181181,3840,2160,15,2433
cao_qiao_001,2434,81.214548,3840,2160,15,2434
cao_qiao_001,2435,81.247915,3840,2160,15,2435
cao_qiao_001,2436,81.281281,3840,2160,15,2436
cao_qiao_001,2437,81.314648,3840,2160,15,2437
cao_qiao_001,2438,81.348015,3840,2160,15,2438
cao_qiao_001,2439,81.381381,3840,2160,15,2439
cao_qiao_001,2440,81.414748,3840,2160,15,2440
cao_qiao_001,2441,81.448115,3840,2160,15,2441
cao_qiao_001,2442,81.481481,3840,2160,15,2442
cao_qiao_001,2443,81.514848,3840,2160,15,2443
cao_qiao_001,2444,81.548215,3840,2160,14,2444
cao_qiao_001,2445,81.581582,3840,2160,15,2445
cao_qiao_001,2446,81.614948,3840,2160,14,2446
cao_qiao_001,2447,81.648315,3840,2160,14,2447
cao_qiao_001,2448,81.681682,3840,2160,13,2448
cao_qiao_001,2449,81.715048,3840,2160,14,2449
cao_qiao_001,2450,81.748415,3840,2160,14,2450
cao_qiao_001,2451,81.781782,3840,2160,15,2451
cao_qiao_001,2452,81.815148,3840,2160,15,2452
cao_qiao_001,2453,81.848515,3840,2160,15,2453
cao_qiao_001,2454,81.881882,3840,2160,15,2454
cao_qiao_001,2455,81.915249,3840,2160,15,2455
cao_qiao_001,2456,81.948615,3840,2160,15,2456
cao_qiao_001,2457,81.981982,3840,2160,15,2457
cao_qiao_001,2458,82.015349,3840,2160,15,2458
cao_qiao_001,2459,82.048715,3840,2160,15,2459
cao_qiao_001,2460,82.082082,3840,2160,15,2460
cao_qiao_001,2461,82.115449,3840,2160,15,2461
cao_qiao_001,2462,82.148815,3840,2160,16,2462
cao_qiao_001,2463,82.182182,3840,2160,16,2463
cao_qiao_001,2464,82.215549,3840,2160,16,2464
cao_qiao_001,2465,82.248916,3840,2160,16,2465
cao_qiao_001,2466,82.282282,3840,2160,16,2466
cao_qiao_001,2467,82.315649,3840,2160,16,2467
cao_qiao_001,2468,82.349016,3840,2160,16,2468
cao_qiao_001,2469,82.382382,3840,2160,16,2469
cao_qiao_001,2470,82.415749,3840,2160,16,2470
cao_qiao_001,2471,82.449116,3840,2160,15,2471
cao_qiao_001,2472,82.482482,3840,2160,16,2472
cao_qiao_001,2473,82.515849,3840,2160,16,2473
cao_qiao_001,2474,82.549216,3840,2160,16,2474
cao_qiao_001,2475,82.582583,3840,2160,15,2475
cao_qiao_001,2476,82.615949,3840,2160,15,2476
cao_qiao_001,2477,82.649316,3840,2160,15,2477
cao_qiao_001,2478,82.682683,3840,2160,16,2478
cao_qiao_001,2479,82.716049,3840,2160,16,2479
cao_qiao_001,2480,82.749416,3840,2160,15,2480
cao_qiao_001,2481,82.782783,3840,2160,15,2481
cao_qiao_001,2482,82.816149,3840,2160,15,2482
cao_qiao_001,2483,82.849516,3840,2160,16,2483
cao_qiao_001,2484,82.882883,3840,2160,16,2484
cao_qiao_001,2485,82.916250,3840,2160,16,2485
cao_qiao_001,2486,82.949616,3840,2160,15,2486
cao_qiao_001,2487,82.982983,3840,2160,15,2487
cao_qiao_001,2488,83.016350,3840,2160,15,2488
cao_qiao_001,2489,83.049716,3840,2160,16,2489
cao_qiao_001,2490,83.083083,3840,2160,16,2490
cao_qiao_001,2491,83.116450,3840,2160,16,2491
cao_qiao_001,2492,83.149816,3840,2160,16,2492
cao_qiao_001,2493,83.183183,3840,2160,16,2493
cao_qiao_001,2494,83.216550,3840,2160,15,2494
cao_qiao_001,2495,83.249917,3840,2160,15,2495
cao_qiao_001,2496,83.283283,3840,2160,15,2496
cao_qiao_001,2497,83.316650,3840,2160,15,2497
cao_qiao_001,2498,83.350017,3840,2160,15,2498
cao_qiao_001,2499,83.383383,3840,2160,15,2499
cao_qiao_001,2500,83.416750,3840,2160,15,2500
cao_qiao_001,2501,83.450117,3840,2160,15,2501
cao_qiao_001,2502,83.483483,3840,2160,15,2502
cao_qiao_001,2503,83.516850,3840,2160,15,2503
cao_qiao_001,2504,83.550217,3840,2160,15,2504
cao_qiao_001,2505,83.583584,3840,2160,15,2505
cao_qiao_001,2506,83.616950,3840,2160,15,2506
cao_qiao_001,2507,83.650317,3840,2160,15,2507
cao_qiao_001,2508,83.683684,3840,2160,15,2508
cao_qiao_001,2509,83.717050,3840,2160,15,2509
cao_qiao_001,2510,83.750417,3840,2160,15,2510
cao_qiao_001,2511,83.783784,3840,2160,15,2511
cao_qiao_001,2512,83.817150,3840,2160,15,2512
cao_qiao_001,2513,83.850517,3840,2160,15,2513
cao_qiao_001,2514,83.883884,3840,2160,15,2514
cao_qiao_001,2515,83.917251,3840,2160,15,2515
cao_qiao_001,2516,83.950617,3840,2160,15,2516
cao_qiao_001,2517,83.983984,3840,2160,15,2517
cao_qiao_001,2518,84.017351,3840,2160,15,2518
cao_qiao_001,2519,84.050717,3840,2160,15,2519
cao_qiao_001,2520,84.084084,3840,2160,15,2520
cao_qiao_001,2521,84.117451,3840,2160,15,2521
cao_qiao_001,2522,84.150817,3840,2160,15,2522
cao_qiao_001,2523,84.184184,3840,2160,16,2523
cao_qiao_001,2524,84.217551,3840,2160,16,2524
cao_qiao_001,2525,84.250918,3840,2160,15,2525
cao_qiao_001,2526,84.284284,3840,2160,14,2526
cao_qiao_001,2527,84.317651,3840,2160,14,2527
cao_qiao_001,2528,84.351018,3840,2160,14,2528
cao_qiao_001,2529,84.384384,3840,2160,14,2529
cao_qiao_001,2530,84.417751,3840,2160,15,2530
cao_qiao_001,2531,84.451118,3840,2160,15,2531
cao_qiao_001,2532,84.484484,3840,2160,15,2532
cao_qiao_001,2533,84.517851,3840,2160,16,2533
cao_qiao_001,2534,84.551218,3840,2160,16,2534
cao_qiao_001,2535,84.584585,3840,2160,16,2535
cao_qiao_001,2536,84.617951,3840,2160,16,2536
cao_qiao_001,2537,84.651318,3840,2160,17,2537
cao_qiao_001,2538,84.684685,3840,2160,17,2538
cao_qiao_001,2539,84.718051,3840,2160,15,2539
cao_qiao_001,2540,84.751418,3840,2160,15,2540
cao_qiao_001,2541,84.784785,3840,2160,16,2541
cao_qiao_001,2542,84.818151,3840,2160,17,2542
cao_qiao_001,2543,84.851518,3840,2160,17,2543
cao_qiao_001,2544,84.884885,3840,2160,16,2544
cao_qiao_001,2545,84.918252,3840,2160,16,2545
cao_qiao_001,2546,84.951618,3840,2160,16,2546
cao_qiao_001,2547,84.984985,3840,2160,16,2547
cao_qiao_001,2548,85.018352,3840,2160,16,2548
cao_qiao_001,2549,85.051718,3840,2160,17,2549
cao_qiao_001,2550,85.085085,3840,2160,17,2550
cao_qiao_001,2551,85.118452,3840,2160,16,2551
cao_qiao_001,2552,85.151818,3840,2160,16,2552
cao_qiao_001,2553,85.185185,3840,2160,16,2553
cao_qiao_001,2554,85.218552,3840,2160,17,2554
cao_qiao_001,2555,85.251919,3840,2160,19,2555
cao_qiao_001,2556,85.285285,3840,2160,19,2556
cao_qiao_001,2557,85.318652,3840,2160,20,2557
cao_qiao_001,2558,85.352019,3840,2160,18,2558
cao_qiao_001,2559,85.385385,3840,2160,17,2559
cao_qiao_001,2560,85.418752,3840,2160,17,2560
cao_qiao_001,2561,85.452119,3840,2160,18,2561
cao_qiao_001,2562,85.485485,3840,2160,19,2562
cao_qiao_001,2563,85.518852,3840,2160,19,2563
cao_qiao_001,2564,85.552219,3840,2160,19,2564
cao_qiao_001,2565,85.585586,3840,2160,17,2565
cao_qiao_001,2566,85.618952,3840,2160,17,2566
cao_qiao_001,2567,85.652319,3840,2160,17,2567
cao_qiao_001,2568,85.685686,3840,2160,18,2568
cao_qiao_001,2569,85.719052,3840,2160,17,2569
cao_qiao_001,2570,85.752419,3840,2160,17,2570
cao_qiao_001,2571,85.785786,3840,2160,17,2571
cao_qiao_001,2572,85.819152,3840,2160,17,2572
cao_qiao_001,2573,85.852519,3840,2160,17,2573
cao_qiao_001,2574,85.885886,3840,2160,17,2574
cao_qiao_001,2575,85.919253,3840,2160,18,2575
cao_qiao_001,2576,85.952619,3840,2160,19,2576
cao_qiao_001,2577,85.985986,3840,2160,18,2577
cao_qiao_001,2578,86.019353,3840,2160,19,2578
cao_qiao_001,2579,86.052719,3840,2160,19,2579
cao_qiao_001,2580,86.086086,3840,2160,18,2580
cao_qiao_001,2581,86.119453,3840,2160,18,2581
cao_qiao_001,2582,86.152819,3840,2160,18,2582
cao_qiao_001,2583,86.186186,3840,2160,18,2583
cao_qiao_001,2584,86.219553,3840,2160,18,2584
cao_qiao_001,2585,86.252920,3840,2160,18,2585
cao_qiao_001,2586,86.286286,3840,2160,18,2586
cao_qiao_001,2587,86.319653,3840,2160,18,2587
cao_qiao_001,2588,86.353020,3840,2160,18,2588
cao_qiao_001,2589,86.386386,3840,2160,18,2589
cao_qiao_001,2590,86.419753,3840,2160,18,2590
cao_qiao_001,2591,86.453120,3840,2160,17,2591
cao_qiao_001,2592,86.486486,3840,2160,17,2592
cao_qiao_001,2593,86.519853,3840,2160,17,2593
cao_qiao_001,2594,86.553220,3840,2160,17,2594
cao_qiao_001,2595,86.586587,3840,2160,17,2595
cao_qiao_001,2596,86.619953,3840,2160,17,2596
cao_qiao_001,2597,86.653320,3840,2160,17,2597
cao_qiao_001,2598,86.686687,3840,2160,17,2598
cao_qiao_001,2599,86.720053,3840,2160,17,2599
cao_qiao_001,2600,86.753420,3840,2160,18,2600
cao_qiao_001,2601,86.786787,3840,2160,19,2601
cao_qiao_001,2602,86.820153,3840,2160,19,2602
cao_qiao_001,2603,86.853520,3840,2160,19,2603
cao_qiao_001,2604,86.886887,3840,2160,19,2604
cao_qiao_001,2605,86.920254,3840,2160,19,2605
cao_qiao_001,2606,86.953620,3840,2160,19,2606
cao_qiao_001,2607,86.986987,3840,2160,18,2607
cao_qiao_001,2608,87.020354,3840,2160,18,2608
cao_qiao_001,2609,87.053720,3840,2160,18,2609
cao_qiao_001,2610,87.087087,3840,2160,18,2610
cao_qiao_001,2611,87.120454,3840,2160,18,2611
cao_qiao_001,2612,87.153820,3840,2160,18,2612
cao_qiao_001,2613,87.187187,3840,2160,17,2613
cao_qiao_001,2614,87.220554,3840,2160,18,2614
cao_qiao_001,2615,87.253921,3840,2160,19,2615
cao_qiao_001,2616,87.287287,3840,2160,19,2616
cao_qiao_001,2617,87.320654,3840,2160,19,2617
cao_qiao_001,2618,87.354021,3840,2160,19,2618
cao_qiao_001,2619,87.387387,3840,2160,19,2619
cao_qiao_001,2620,87.420754,3840,2160,18,2620
cao_qiao_001,2621,87.454121,3840,2160,18,2621
cao_qiao_001,2622,87.487487,3840,2160,17,2622
cao_qiao_001,2623,87.520854,3840,2160,16,2623
cao_qiao_001,2624,87.554221,3840,2160,16,2624
cao_qiao_001,2625,87.587588,3840,2160,16,2625
cao_qiao_001,2626,87.620954,3840,2160,16,2626
cao_qiao_001,2627,87.654321,3840,2160,16,2627
cao_qiao_001,2628,87.687688,3840,2160,16,2628
cao_qiao_001,2629,87.721054,3840,2160,16,2629
cao_qiao_001,2630,87.754421,3840,2160,16,2630
cao_qiao_001,2631,87.787788,3840,2160,16,2631
cao_qiao_001,2632,87.821154,3840,2160,16,2632
cao_qiao_001,2633,87.854521,3840,2160,16,2633
cao_qiao_001,2634,87.887888,3840,2160,16,2634
cao_qiao_001,2635,87.921255,3840,2160,16,2635
cao_qiao_001,2636,87.954621,3840,2160,16,2636
cao_qiao_001,2637,87.987988,3840,2160,16,2637
cao_qiao_001,2638,88.021355,3840,2160,15,2638
cao_qiao_001,2639,88.054721,3840,2160,15,2639
cao_qiao_001,2640,88.088088,3840,2160,15,2640
cao_qiao_001,2641,88.121455,3840,2160,16,2641
cao_qiao_001,2642,88.154821,3840,2160,17,2642
cao_qiao_001,2643,88.188188,3840,2160,18,2643
cao_qiao_001,2644,88.221555,3840,2160,17,2644
cao_qiao_001,2645,88.254922,3840,2160,17,2645
cao_qiao_001,2646,88.288288,3840,2160,16,2646
cao_qiao_001,2647,88.321655,3840,2160,16,2647
cao_qiao_001,2648,88.355022,3840,2160,17,2648
cao_qiao_001,2649,88.388388,3840,2160,17,2649
cao_qiao_001,2650,88.421755,3840,2160,17,2650
cao_qiao_001,2651,88.455122,3840,2160,16,2651
cao_qiao_001,2652,88.488488,3840,2160,16,2652
cao_qiao_001,2653,88.521855,3840,2160,16,2653
cao_qiao_001,2654,88.555222,3840,2160,17,2654
cao_qiao_001,2655,88.588589,3840,2160,18,2655
cao_qiao_001,2656,88.621955,3840,2160,17,2656
cao_qiao_001,2657,88.655322,3840,2160,17,2657
cao_qiao_001,2658,88.688689,3840,2160,17,2658
cao_qiao_001,2659,88.722055,3840,2160,18,2659
cao_qiao_001,2660,88.755422,3840,2160,18,2660
cao_qiao_001,2661,88.788789,3840,2160,18,2661
cao_qiao_001,2662,88.822155,3840,2160,18,2662
cao_qiao_001,2663,88.855522,3840,2160,18,2663
cao_qiao_001,2664,88.888889,3840,2160,18,2664
cao_qiao_001,2665,88.922256,3840,2160,19,2665
cao_qiao_001,2666,88.955622,3840,2160,19,2666
cao_qiao_001,2667,88.988989,3840,2160,19,2667
cao_qiao_001,2668,89.022356,3840,2160,19,2668
cao_qiao_001,2669,89.055722,3840,2160,19,2669
cao_qiao_001,2670,89.089089,3840,2160,18,2670
cao_qiao_001,2671,89.122456,3840,2160,18,2671
cao_qiao_001,2672,89.155822,3840,2160,18,2672
cao_qiao_001,2673,89.189189,3840,2160,19,2673
cao_qiao_001,2674,89.222556,3840,2160,19,2674
cao_qiao_001,2675,89.255923,3840,2160,19,2675
cao_qiao_001,2676,89.289289,3840,2160,19,2676
cao_qiao_001,2677,89.322656,3840,2160,18,2677
cao_qiao_001,2678,89.356023,3840,2160,18,2678
cao_qiao_001,2679,89.389389,3840,2160,18,2679
cao_qiao_001,2680,89.422756,3840,2160,18,2680
cao_qiao_001,2681,89.456123,3840,2160,17,2681
cao_qiao_001,2682,89.489489,3840,2160,17,2682
cao_qiao_001,2683,89.522856,3840,2160,17,2683
cao_qiao_001,2684,89.556223,3840,2160,17,2684
cao_qiao_001,2685,89.589590,3840,2160,17,2685
cao_qiao_001,2686,89.622956,3840,2160,17,2686
cao_qiao_001,2687,89.656323,3840,2160,18,2687
cao_qiao_001,2688,89.689690,3840,2160,18,2688
cao_qiao_001,2689,89.723056,3840,2160,18,2689
cao_qiao_001,2690,89.756423,3840,2160,17,2690
cao_qiao_001,2691,89.789790,3840,2160,17,2691
cao_qiao_001,2692,89.823156,3840,2160,17,2692
cao_qiao_001,2693,89.856523,3840,2160,17,2693
cao_qiao_001,2694,89.889890,3840,2160,18,2694
cao_qiao_001,2695,89.923257,3840,2160,17,2695
cao_qiao_001,2696,89.956623,3840,2160,17,2696
cao_qiao_001,2697,89.989990,3840,2160,17,2697
cao_qiao_001,2698,90.023357,3840,2160,17,2698
cao_qiao_001,2699,90.056723,3840,2160,17,2699
cao_qiao_001,2700,90.090090,3840,2160,15,2700
cao_qiao_001,2701,90.123457,3840,2160,15,2701
cao_qiao_001,2702,90.156823,3840,2160,15,2702
cao_qiao_001,2703,90.190190,3840,2160,16,2703
cao_qiao_001,2704,90.223557,3840,2160,15,2704
cao_qiao_001,2705,90.256924,3840,2160,16,2705
cao_qiao_001,2706,90.290290,3840,2160,16,2706
cao_qiao_001,2707,90.323657,3840,2160,15,2707
cao_qiao_001,2708,90.357024,3840,2160,16,2708
cao_qiao_001,2709,90.390390,3840,2160,15,2709
cao_qiao_001,2710,90.423757,3840,2160,15,2710
cao_qiao_001,2711,90.457124,3840,2160,15,2711
cao_qiao_001,2712,90.490490,3840,2160,17,2712
cao_qiao_001,2713,90.523857,3840,2160,16,2713
cao_qiao_001,2714,90.557224,3840,2160,16,2714
cao_qiao_001,2715,90.590591,3840,2160,16,2715
cao_qiao_001,2716,90.623957,3840,2160,16,2716
cao_qiao_001,2717,90.657324,3840,2160,16,2717
cao_qiao_001,2718,90.690691,3840,2160,16,2718
cao_qiao_001,2719,90.724057,3840,2160,16,2719
cao_qiao_001,2720,90.757424,3840,2160,16,2720
cao_qiao_001,2721,90.790791,3840,2160,15,2721
cao_qiao_001,2722,90.824157,3840,2160,15,2722
cao_qiao_001,2723,90.857524,3840,2160,15,2723
cao_qiao_001,2724,90.890891,3840,2160,16,2724
cao_qiao_001,2725,90.924258,3840,2160,16,2725
cao_qiao_001,2726,90.957624,3840,2160,16,2726
cao_qiao_001,2727,90.990991,3840,2160,16,2727
cao_qiao_001,2728,91.024358,3840,2160,17,2728
cao_qiao_001,2729,91.057724,3840,2160,16,2729
cao_qiao_001,2730,91.091091,3840,2160,16,2730
cao_qiao_001,2731,91.124458,3840,2160,16,2731
cao_qiao_001,2732,91.157824,3840,2160,16,2732
cao_qiao_001,2733,91.191191,3840,2160,16,2733
cao_qiao_001,2734,91.224558,3840,2160,16,2734
cao_qiao_001,2735,91.257925,3840,2160,16,2735
cao_qiao_001,2736,91.291291,3840,2160,16,2736
cao_qiao_001,2737,91.324658,3840,2160,16,2737
cao_qiao_001,2738,91.358025,3840,2160,16,2738
cao_qiao_001,2739,91.391391,3840,2160,16,2739
cao_qiao_001,2740,91.424758,3840,2160,16,2740
cao_qiao_001,2741,91.458125,3840,2160,16,2741
cao_qiao_001,2742,91.491491,3840,2160,16,2742
cao_qiao_001,2743,91.524858,3840,2160,16,2743
cao_qiao_001,2744,91.558225,3840,2160,16,2744
cao_qiao_001,2745,91.591592,3840,2160,16,2745
cao_qiao_001,2746,91.624958,3840,2160,16,2746
cao_qiao_001,2747,91.658325,3840,2160,16,2747
cao_qiao_001,2748,91.691692,3840,2160,16,2748
cao_qiao_001,2749,91.725058,3840,2160,16,2749
cao_qiao_001,2750,91.758425,3840,2160,16,2750
cao_qiao_001,2751,91.791792,3840,2160,16,2751
cao_qiao_001,2752,91.825158,3840,2160,16,2752
cao_qiao_001,2753,91.858525,3840,2160,16,2753
cao_qiao_001,2754,91.891892,3840,2160,16,2754
cao_qiao_001,2755,91.925259,3840,2160,16,2755
cao_qiao_001,2756,91.958625,3840,2160,16,2756
cao_qiao_001,2757,91.991992,3840,2160,17,2757
cao_qiao_001,2758,92.025359,3840,2160,16,2758
cao_qiao_001,2759,92.058725,3840,2160,15,2759
cao_qiao_001,2760,92.092092,3840,2160,15,2760
cao_qiao_001,2761,92.125459,3840,2160,16,2761
cao_qiao_001,2762,92.158825,3840,2160,17,2762
cao_qiao_001,2763,92.192192,3840,2160,17,2763
cao_qiao_001,2764,92.225559,3840,2160,15,2764
cao_qiao_001,2765,92.258926,3840,2160,15,2765
cao_qiao_001,2766,92.292292,3840,2160,15,2766
cao_qiao_001,2767,92.325659,3840,2160,16,2767
cao_qiao_001,2768,92.359026,3840,2160,16,2768
cao_qiao_001,2769,92.392392,3840,2160,16,2769
cao_qiao_001,2770,92.425759,3840,2160,16,2770
cao_qiao_001,2771,92.459126,3840,2160,16,2771
cao_qiao_001,2772,92.492492,3840,2160,16,2772
cao_qiao_001,2773,92.525859,3840,2160,16,2773
cao_qiao_001,2774,92.559226,3840,2160,16,2774
cao_qiao_001,2775,92.592593,3840,2160,16,2775
cao_qiao_001,2776,92.625959,3840,2160,16,2776
cao_qiao_001,2777,92.659326,3840,2160,16,2777
cao_qiao_001,2778,92.692693,3840,2160,16,2778
cao_qiao_001,2779,92.726059,3840,2160,16,2779
cao_qiao_001,2780,92.759426,3840,2160,16,2780
cao_qiao_001,2781,92.792793,3840,2160,15,2781
cao_qiao_001,2782,92.826159,3840,2160,15,2782
cao_qiao_001,2783,92.859526,3840,2160,15,2783
cao_qiao_001,2784,92.892893,3840,2160,15,2784
cao_qiao_001,2785,92.926260,3840,2160,15,2785
cao_qiao_001,2786,92.959626,3840,2160,15,2786
cao_qiao_001,2787,92.992993,3840,2160,17,2787
cao_qiao_001,2788,93.026360,3840,2160,18,2788
cao_qiao_001,2789,93.059726,3840,2160,18,2789
cao_qiao_001,2790,93.093093,3840,2160,18,2790
cao_qiao_001,2791,93.126460,3840,2160,19,2791
cao_qiao_001,2792,93.159826,3840,2160,19,2792
cao_qiao_001,2793,93.193193,3840,2160,19,2793
cao_qiao_001,2794,93.226560,3840,2160,19,2794
cao_qiao_001,2795,93.259927,3840,2160,19,2795
cao_qiao_001,2796,93.293293,3840,2160,19,2796
cao_qiao_001,2797,93.326660,3840,2160,19,2797
cao_qiao_001,2798,93.360027,3840,2160,19,2798
cao_qiao_001,2799,93.393393,3840,2160,19,2799
cao_qiao_001,2800,93.426760,3840,2160,19,2800
cao_qiao_001,2801,93.460127,3840,2160,19,2801
cao_qiao_001,2802,93.493493,3840,2160,19,2802
cao_qiao_001,2803,93.526860,3840,2160,18,2803
cao_qiao_001,2804,93.560227,3840,2160,18,2804
cao_qiao_001,2805,93.593594,3840,2160,18,2805
cao_qiao_001,2806,93.626960,3840,2160,18,2806
cao_qiao_001,2807,93.660327,3840,2160,18,2807
cao_qiao_001,2808,93.693694,3840,2160,18,2808
cao_qiao_001,2809,93.727060,3840,2160,18,2809
cao_qiao_001,2810,93.760427,3840,2160,18,2810
cao_qiao_001,2811,93.793794,3840,2160,19,2811
cao_qiao_001,2812,93.827160,3840,2160,19,2812
cao_qiao_001,2813,93.860527,3840,2160,19,2813
cao_qiao_001,2814,93.893894,3840,2160,18,2814
cao_qiao_001,2815,93.927261,3840,2160,18,2815
cao_qiao_001,2816,93.960627,3840,2160,19,2816
cao_qiao_001,2817,93.993994,3840,2160,19,2817
cao_qiao_001,2818,94.027361,3840,2160,19,2818
cao_qiao_001,2819,94.060727,3840,2160,19,2819
cao_qiao_001,2820,94.094094,3840,2160,19,2820
cao_qiao_001,2821,94.127461,3840,2160,18,2821
cao_qiao_001,2822,94.160827,3840,2160,17,2822
cao_qiao_001,2823,94.194194,3840,2160,17,2823
cao_qiao_001,2824,94.227561,3840,2160,16,2824
cao_qiao_001,2825,94.260928,3840,2160,16,2825
cao_qiao_001,2826,94.294294,3840,2160,16,2826
cao_qiao_001,2827,94.327661,3840,2160,16,2827
cao_qiao_001,2828,94.361028,3840,2160,17,2828
cao_qiao_001,2829,94.394394,3840,2160,17,2829
cao_qiao_001,2830,94.427761,3840,2160,17,2830
cao_qiao_001,2831,94.461128,3840,2160,17,2831
cao_qiao_001,2832,94.494494,3840,2160,17,2832
cao_qiao_001,2833,94.527861,3840,2160,16,2833
cao_qiao_001,2834,94.561228,3840,2160,16,2834
cao_qiao_001,2835,94.594595,3840,2160,16,2835
cao_qiao_001,2836,94.627961,3840,2160,17,2836
cao_qiao_001,2837,94.661328,3840,2160,16,2837
cao_qiao_001,2838,94.694695,3840,2160,16,2838
cao_qiao_001,2839,94.728061,3840,2160,16,2839
cao_qiao_001,2840,94.761428,3840,2160,16,2840
cao_qiao_001,2841,94.794795,3840,2160,17,2841
cao_qiao_001,2842,94.828161,3840,2160,17,2842
cao_qiao_001,2843,94.861528,3840,2160,16,2843
cao_qiao_001,2844,94.894895,3840,2160,16,2844
cao_qiao_001,2845,94.928262,3840,2160,18,2845
cao_qiao_001,2846,94.961628,3840,2160,18,2846
cao_qiao_001,2847,94.994995,3840,2160,19,2847
cao_qiao_001,2848,95.028362,3840,2160,17,2848
cao_qiao_001,2849,95.061728,3840,2160,17,2849
cao_qiao_001,2850,95.095095,3840,2160,17,2850
cao_qiao_001,2851,95.128462,3840,2160,17,2851
cao_qiao_001,2852,95.161828,3840,2160,17,2852
cao_qiao_001,2853,95.195195,3840,2160,17,2853
cao_qiao_001,2854,95.228562,3840,2160,18,2854
cao_qiao_001,2855,95.261929,3840,2160,18,2855
cao_qiao_001,2856,95.295295,3840,2160,17,2856
cao_qiao_001,2857,95.328662,3840,2160,18,2857
cao_qiao_001,2858,95.362029,3840,2160,18,2858
cao_qiao_001,2859,95.395395,3840,2160,18,2859
cao_qiao_001,2860,95.428762,3840,2160,18,2860
cao_qiao_001,2861,95.462129,3840,2160,18,2861
cao_qiao_001,2862,95.495495,3840,2160,18,2862
cao_qiao_001,2863,95.528862,3840,2160,18,2863
cao_qiao_001,2864,95.562229,3840,2160,18,2864
cao_qiao_001,2865,95.595596,3840,2160,17,2865
cao_qiao_001,2866,95.628962,3840,2160,18,2866
cao_qiao_001,2867,95.662329,3840,2160,18,2867
cao_qiao_001,2868,95.695696,3840,2160,18,2868
cao_qiao_001,2869,95.729062,3840,2160,18,2869
cao_qiao_001,2870,95.762429,3840,2160,17,2870
cao_qiao_001,2871,95.795796,3840,2160,18,2871
cao_qiao_001,2872,95.829162,3840,2160,19,2872
cao_qiao_001,2873,95.862529,3840,2160,18,2873
cao_qiao_001,2874,95.895896,3840,2160,17,2874
cao_qiao_001,2875,95.929263,3840,2160,17,2875
cao_qiao_001,2876,95.962629,3840,2160,17,2876
cao_qiao_001,2877,95.995996,3840,2160,18,2877
cao_qiao_001,2878,96.029363,3840,2160,19,2878
cao_qiao_001,2879,96.062729,3840,2160,20,2879
cao_qiao_001,2880,96.096096,3840,2160,20,2880
cao_qiao_001,2881,96.129463,3840,2160,19,2881
cao_qiao_001,2882,96.162829,3840,2160,20,2882
cao_qiao_001,2883,96.196196,3840,2160,20,2883
cao_qiao_001,2884,96.229563,3840,2160,21,2884
cao_qiao_001,2885,96.262930,3840,2160,20,2885
cao_qiao_001,2886,96.296296,3840,2160,20,2886
cao_qiao_001,2887,96.329663,3840,2160,20,2887
cao_qiao_001,2888,96.363030,3840,2160,19,2888
cao_qiao_001,2889,96.396396,3840,2160,18,2889
cao_qiao_001,2890,96.429763,3840,2160,18,2890
cao_qiao_001,2891,96.463130,3840,2160,17,2891
cao_qiao_001,2892,96.496496,3840,2160,17,2892
cao_qiao_001,2893,96.529863,3840,2160,18,2893
cao_qiao_001,2894,96.563230,3840,2160,18,2894
cao_qiao_001,2895,96.596597,3840,2160,18,2895
cao_qiao_001,2896,96.629963,3840,2160,18,2896
cao_qiao_001,2897,96.663330,3840,2160,18,2897
cao_qiao_001,2898,96.696697,3840,2160,18,2898
cao_qiao_001,2899,96.730063,3840,2160,17,2899
cao_qiao_001,2900,96.763430,3840,2160,17,2900
cao_qiao_001,2901,96.796797,3840,2160,16,2901
cao_qiao_001,2902,96.830163,3840,2160,17,2902
cao_qiao_001,2903,96.863530,3840,2160,17,2903
cao_qiao_001,2904,96.896897,3840,2160,17,2904
cao_qiao_001,2905,96.930264,3840,2160,17,2905
cao_qiao_001,2906,96.963630,3840,2160,17,2906
cao_qiao_001,2907,96.996997,3840,2160,17,2907
cao_qiao_001,2908,97.030364,3840,2160,17,2908
cao_qiao_001,2909,97.063730,3840,2160,17,2909
cao_qiao_001,2910,97.097097,3840,2160,17,2910
cao_qiao_001,2911,97.130464,3840,2160,17,2911
cao_qiao_001,2912,97.163830,3840,2160,17,2912
cao_qiao_001,2913,97.197197,3840,2160,17,2913
cao_qiao_001,2914,97.230564,3840,2160,17,2914
cao_qiao_001,2915,97.263931,3840,2160,18,2915
cao_qiao_001,2916,97.297297,3840,2160,18,2916
cao_qiao_001,2917,97.330664,3840,2160,18,2917
cao_qiao_001,2918,97.364031,3840,2160,18,2918
cao_qiao_001,2919,97.397397,3840,2160,18,2919
cao_qiao_001,2920,97.430764,3840,2160,18,2920
cao_qiao_001,2921,97.464131,3840,2160,19,2921
cao_qiao_001,2922,97.497497,3840,2160,18,2922
cao_qiao_001,2923,97.530864,3840,2160,18,2923
cao_qiao_001,2924,97.564231,3840,2160,18,2924
cao_qiao_001,2925,97.597598,3840,2160,18,2925
cao_qiao_001,2926,97.630964,3840,2160,18,2926
cao_qiao_001,2927,97.664331,3840,2160,18,2927
cao_qiao_001,2928,97.697698,3840,2160,18,2928
cao_qiao_001,2929,97.731064,3840,2160,18,2929
cao_qiao_001,2930,97.764431,3840,2160,18,2930
cao_qiao_001,2931,97.797798,3840,2160,18,2931
cao_qiao_001,2932,97.831164,3840,2160,18,2932
cao_qiao_001,2933,97.864531,3840,2160,18,2933
cao_qiao_001,2934,97.897898,3840,2160,18,2934
cao_qiao_001,2935,97.931265,3840,2160,18,2935
cao_qiao_001,2936,97.964631,3840,2160,18,2936
cao_qiao_001,2937,97.997998,3840,2160,18,2937
cao_qiao_001,2938,98.031365,3840,2160,18,2938
cao_qiao_001,2939,98.064731,3840,2160,18,2939
cao_qiao_001,2940,98.098098,3840,2160,18,2940
cao_qiao_001,2941,98.131465,3840,2160,19,2941
cao_qiao_001,2942,98.164831,3840,2160,18,2942
cao_qiao_001,2943,98.198198,3840,2160,18,2943
cao_qiao_001,2944,98.231565,3840,2160,18,2944
cao_qiao_001,2945,98.264932,3840,2160,19,2945
cao_qiao_001,2946,98.298298,3840,2160,19,2946
cao_qiao_001,2947,98.331665,3840,2160,19,2947
cao_qiao_001,2948,98.365032,3840,2160,19,2948
cao_qiao_001,2949,98.398398,3840,2160,19,2949
cao_qiao_001,2950,98.431765,3840,2160,19,2950
cao_qiao_001,2951,98.465132,3840,2160,19,2951
cao_qiao_001,2952,98.498498,3840,2160,19,2952
cao_qiao_001,2953,98.531865,3840,2160,19,2953
cao_qiao_001,2954,98.565232,3840,2160,19,2954
cao_qiao_001,2955,98.598599,3840,2160,19,2955
cao_qiao_001,2956,98.631965,3840,2160,18,2956
cao_qiao_001,2957,98.665332,3840,2160,18,2957
cao_qiao_001,2958,98.698699,3840,2160,18,2958
cao_qiao_001,2959,98.732065,3840,2160,19,2959
cao_qiao_001,2960,98.765432,3840,2160,18,2960
cao_qiao_001,2961,98.798799,3840,2160,18,2961
cao_qiao_001,2962,98.832165,3840,2160,18,2962
cao_qiao_001,2963,98.865532,3840,2160,19,2963
cao_qiao_001,2964,98.898899,3840,2160,18,2964
cao_qiao_001,2965,98.932266,3840,2160,18,2965
cao_qiao_001,2966,98.965632,3840,2160,18,2966
cao_qiao_001,2967,98.998999,3840,2160,19,2967
cao_qiao_001,2968,99.032366,3840,2160,18,2968
cao_qiao_001,2969,99.065732,3840,2160,18,2969
cao_qiao_001,2970,99.099099,3840,2160,18,2970
cao_qiao_001,2971,99.132466,3840,2160,19,2971
cao_qiao_001,2972,99.165832,3840,2160,19,2972
cao_qiao_001,2973,99.199199,3840,2160,19,2973
cao_qiao_001,2974,99.232566,3840,2160,18,2974
cao_qiao_001,2975,99.265933,3840,2160,19,2975
cao_qiao_001,2976,99.299299,3840,2160,19,2976
cao_qiao_001,2977,99.332666,3840,2160,19,2977
cao_qiao_001,2978,99.366033,3840,2160,19,2978
cao_qiao_001,2979,99.399399,3840,2160,19,2979
cao_qiao_001,2980,99.432766,3840,2160,19,2980
cao_qiao_001,2981,99.466133,3840,2160,19,2981
cao_qiao_001,2982,99.499499,3840,2160,19,2982
cao_qiao_001,2983,99.532866,3840,2160,20,2983
cao_qiao_001,2984,99.566233,3840,2160,19,2984
cao_qiao_001,2985,99.599600,3840,2160,18,2985
cao_qiao_001,2986,99.632966,3840,2160,18,2986
cao_qiao_001,2987,99.666333,3840,2160,18,2987
cao_qiao_001,2988,99.699700,3840,2160,18,2988
cao_qiao_001,2989,99.733066,3840,2160,18,2989
cao_qiao_001,2990,99.766433,3840,2160,18,2990
cao_qiao_001,2991,99.799800,3840,2160,19,2991
cao_qiao_001,2992,99.833166,3840,2160,19,2992
cao_qiao_001,2993,99.866533,3840,2160,18,2993
cao_qiao_001,2994,99.899900,3840,2160,18,2994
cao_qiao_001,2995,99.933267,3840,2160,18,2995
cao_qiao_001,2996,99.966633,3840,2160,18,2996
cao_qiao_001,2997,100.000000,3840,2160,18,2997
cao_qiao_001,2998,100.033367,3840,2160,18,2998
cao_qiao_001,2999,100.066733,3840,2160,18,2999
cao_qiao_001,3000,100.100100,3840,2160,18,3000
cao_qiao_001,3001,100.133467,3840,2160,18,3001
cao_qiao_001,3002,100.166834,3840,2160,18,3002
cao_qiao_001,3003,100.200200,3840,2160,18,3003
cao_qiao_001,3004,100.233567,3840,2160,18,3004
cao_qiao_001,3005,100.266934,3840,2160,18,3005
cao_qiao_001,3006,100.300300,3840,2160,18,3006
cao_qiao_001,3007,100.333667,3840,2160,18,3007
cao_qiao_001,3008,100.367034,3840,2160,18,3008
cao_qiao_001,3009,100.400400,3840,2160,18,3009
cao_qiao_001,3010,100.433767,3840,2160,18,3010
cao_qiao_001,3011,100.467134,3840,2160,18,3011
cao_qiao_001,3012,100.500501,3840,2160,18,3012
cao_qiao_001,3013,100.533867,3840,2160,18,3013
cao_qiao_001,3014,100.567234,3840,2160,18,3014
cao_qiao_001,3015,100.600601,3840,2160,18,3015
cao_qiao_001,3016,100.633967,3840,2160,18,3016
cao_qiao_001,3017,100.667334,3840,2160,18,3017
cao_qiao_001,3018,100.700701,3840,2160,18,3018
cao_qiao_001,3019,100.734067,3840,2160,19,3019
cao_qiao_001,3020,100.767434,3840,2160,19,3020
cao_qiao_001,3021,100.800801,3840,2160,18,3021
cao_qiao_001,3022,100.834168,3840,2160,18,3022
cao_qiao_001,3023,100.867534,3840,2160,18,3023
cao_qiao_001,3024,100.900901,3840,2160,18,3024
cao_qiao_001,3025,100.934268,3840,2160,18,3025
cao_qiao_001,3026,100.967634,3840,2160,18,3026
cao_qiao_001,3027,101.001001,3840,2160,18,3027
cao_qiao_001,3028,101.034368,3840,2160,18,3028
cao_qiao_001,3029,101.067734,3840,2160,18,3029
cao_qiao_001,3030,101.101101,3840,2160,18,3030
cao_qiao_001,3031,101.134468,3840,2160,18,3031
cao_qiao_001,3032,101.167835,3840,2160,17,3032
cao_qiao_001,3033,101.201201,3840,2160,17,3033
cao_qiao_001,3034,101.234568,3840,2160,18,3034
cao_qiao_001,3035,101.267935,3840,2160,18,3035
cao_qiao_001,3036,101.301301,3840,2160,17,3036
cao_qiao_001,3037,101.334668,3840,2160,17,3037
cao_qiao_001,3038,101.368035,3840,2160,17,3038
cao_qiao_001,3039,101.401401,3840,2160,18,3039
cao_qiao_001,3040,101.434768,3840,2160,18,3040
cao_qiao_001,3041,101.468135,3840,2160,18,3041
cao_qiao_001,3042,101.501502,3840,2160,19,3042
cao_qiao_001,3043,101.534868,3840,2160,19,3043
cao_qiao_001,3044,101.568235,3840,2160,19,3044
cao_qiao_001,3045,101.601602,3840,2160,19,3045
cao_qiao_001,3046,101.634968,3840,2160,19,3046
cao_qiao_001,3047,101.668335,3840,2160,19,3047
cao_qiao_001,3048,101.701702,3840,2160,19,3048
cao_qiao_001,3049,101.735068,3840,2160,19,3049
cao_qiao_001,3050,101.768435,3840,2160,19,3050
cao_qiao_001,3051,101.801802,3840,2160,18,3051
cao_qiao_001,3052,101.835169,3840,2160,18,3052
cao_qiao_001,3053,101.868535,3840,2160,18,3053
cao_qiao_001,3054,101.901902,3840,2160,18,3054
cao_qiao_001,3055,101.935269,3840,2160,18,3055
cao_qiao_001,3056,101.968635,3840,2160,18,3056
cao_qiao_001,3057,102.002002,3840,2160,18,3057
cao_qiao_001,3058,102.035369,3840,2160,18,3058
cao_qiao_001,3059,102.068735,3840,2160,18,3059
cao_qiao_001,3060,102.102102,3840,2160,18,3060
cao_qiao_001,3061,102.135469,3840,2160,18,3061
cao_qiao_001,3062,102.168836,3840,2160,18,3062
cao_qiao_001,3063,102.202202,3840,2160,18,3063
cao_qiao_001,3064,102.235569,3840,2160,18,3064
cao_qiao_001,3065,102.268936,3840,2160,18,3065
cao_qiao_001,3066,102.302302,3840,2160,19,3066
cao_qiao_001,3067,102.335669,3840,2160,19,3067
cao_qiao_001,3068,102.369036,3840,2160,19,3068
cao_qiao_001,3069,102.402402,3840,2160,19,3069
cao_qiao_001,3070,102.435769,3840,2160,19,3070
cao_qiao_001,3071,102.469136,3840,2160,19,3071
cao_qiao_001,3072,102.502503,3840,2160,19,3072
cao_qiao_001,3073,102.535869,3840,2160,18,3073
cao_qiao_001,3074,102.569236,3840,2160,18,3074
cao_qiao_001,3075,102.602603,3840,2160,18,3075
cao_qiao_001,3076,102.635969,3840,2160,18,3076
cao_qiao_001,3077,102.669336,3840,2160,19,3077
cao_qiao_001,3078,102.702703,3840,2160,19,3078
cao_qiao_001,3079,102.736069,3840,2160,19,3079
cao_qiao_001,3080,102.769436,3840,2160,18,3080
cao_qiao_001,3081,102.802803,3840,2160,19,3081
cao_qiao_001,3082,102.836170,3840,2160,19,3082
cao_qiao_001,3083,102.869536,3840,2160,19,3083
cao_qiao_001,3084,102.902903,3840,2160,19,3084
cao_qiao_001,3085,102.936270,3840,2160,19,3085
cao_qiao_001,3086,102.969636,3840,2160,19,3086
cao_qiao_001,3087,103.003003,3840,2160,19,3087
cao_qiao_001,3088,103.036370,3840,2160,19,3088
cao_qiao_001,3089,103.069736,3840,2160,19,3089
cao_qiao_001,3090,103.103103,3840,2160,19,3090
cao_qiao_001,3091,103.136470,3840,2160,19,3091
cao_qiao_001,3092,103.169837,3840,2160,20,3092
cao_qiao_001,3093,103.203203,3840,2160,20,3093
cao_qiao_001,3094,103.236570,3840,2160,19,3094
cao_qiao_001,3095,103.269937,3840,2160,18,3095
cao_qiao_001,3096,103.303303,3840,2160,18,3096
cao_qiao_001,3097,103.336670,3840,2160,18,3097
cao_qiao_001,3098,103.370037,3840,2160,19,3098
cao_qiao_001,3099,103.403403,3840,2160,18,3099
cao_qiao_001,3100,103.436770,3840,2160,18,3100
cao_qiao_001,3101,103.470137,3840,2160,18,3101
cao_qiao_001,3102,103.503504,3840,2160,20,3102
cao_qiao_001,3103,103.536870,3840,2160,20,3103
cao_qiao_001,3104,103.570237,3840,2160,20,3104
cao_qiao_001,3105,103.603604,3840,2160,19,3105
cao_qiao_001,3106,103.636970,3840,2160,19,3106
cao_qiao_001,3107,103.670337,3840,2160,18,3107
cao_qiao_001,3108,103.703704,3840,2160,18,3108
cao_qiao_001,3109,103.737070,3840,2160,18,3109
cao_qiao_001,3110,103.770437,3840,2160,18,3110
cao_qiao_001,3111,103.803804,3840,2160,19,3111
cao_qiao_001,3112,103.837171,3840,2160,19,3112
cao_qiao_001,3113,103.870537,3840,2160,19,3113
cao_qiao_001,3114,103.903904,3840,2160,19,3114
cao_qiao_001,3115,103.937271,3840,2160,19,3115
cao_qiao_001,3116,103.970637,3840,2160,19,3116
cao_qiao_001,3117,104.004004,3840,2160,19,3117
cao_qiao_001,3118,104.037371,3840,2160,18,3118
cao_qiao_001,3119,104.070737,3840,2160,18,3119
cao_qiao_001,3120,104.104104,3840,2160,18,3120
cao_qiao_001,3121,104.137471,3840,2160,18,3121
cao_qiao_001,3122,104.170838,3840,2160,18,3122
cao_qiao_001,3123,104.204204,3840,2160,18,3123
cao_qiao_001,3124,104.237571,3840,2160,18,3124
cao_qiao_001,3125,104.270938,3840,2160,18,3125
cao_qiao_001,3126,104.304304,3840,2160,18,3126
cao_qiao_001,3127,104.337671,3840,2160,19,3127
cao_qiao_001,3128,104.371038,3840,2160,19,3128
cao_qiao_001,3129,104.404404,3840,2160,19,3129
cao_qiao_001,3130,104.437771,3840,2160,19,3130
cao_qiao_001,3131,104.471138,3840,2160,19,3131
cao_qiao_001,3132,104.504505,3840,2160,19,3132
cao_qiao_001,3133,104.537871,3840,2160,19,3133
cao_qiao_001,3134,104.571238,3840,2160,19,3134
cao_qiao_001,3135,104.604605,3840,2160,19,3135
cao_qiao_001,3136,104.637971,3840,2160,19,3136
cao_qiao_001,3137,104.671338,3840,2160,19,3137
cao_qiao_001,3138,104.704705,3840,2160,19,3138
cao_qiao_001,3139,104.738071,3840,2160,20,3139
cao_qiao_001,3140,104.771438,3840,2160,19,3140
cao_qiao_001,3141,104.804805,3840,2160,19,3141
cao_qiao_001,3142,104.838172,3840,2160,19,3142
cao_qiao_001,3143,104.871538,3840,2160,19,3143
cao_qiao_001,3144,104.904905,3840,2160,19,3144
cao_qiao_001,3145,104.938272,3840,2160,19,3145
cao_qiao_001,3146,104.971638,3840,2160,18,3146
cao_qiao_001,3147,105.005005,3840,2160,19,3147
cao_qiao_001,3148,105.038372,3840,2160,19,3148
cao_qiao_001,3149,105.071738,3840,2160,19,3149
cao_qiao_001,3150,105.105105,3840,2160,19,3150
cao_qiao_001,3151,105.138472,3840,2160,19,3151
cao_qiao_001,3152,105.171839,3840,2160,20,3152
cao_qiao_001,3153,105.205205,3840,2160,20,3153
cao_qiao_001,3154,105.238572,3840,2160,20,3154
cao_qiao_001,3155,105.271939,3840,2160,20,3155
cao_qiao_001,3156,105.305305,3840,2160,20,3156
cao_qiao_001,3157,105.338672,3840,2160,19,3157
cao_qiao_001,3158,105.372039,3840,2160,19,3158
cao_qiao_001,3159,105.405405,3840,2160,19,3159
cao_qiao_001,3160,105.438772,3840,2160,20,3160
cao_qiao_001,3161,105.472139,3840,2160,19,3161
cao_qiao_001,3162,105.505506,3840,2160,19,3162
cao_qiao_001,3163,105.538872,3840,2160,19,3163
cao_qiao_001,3164,105.572239,3840,2160,19,3164
cao_qiao_001,3165,105.605606,3840,2160,20,3165
cao_qiao_001,3166,105.638972,3840,2160,20,3166
cao_qiao_001,3167,105.672339,3840,2160,21,3167
cao_qiao_001,3168,105.705706,3840,2160,21,3168
cao_qiao_001,3169,105.739072,3840,2160,21,3169
cao_qiao_001,3170,105.772439,3840,2160,21,3170
cao_qiao_001,3171,105.805806,3840,2160,21,3171
cao_qiao_001,3172,105.839173,3840,2160,19,3172
cao_qiao_001,3173,105.872539,3840,2160,19,3173
cao_qiao_001,3174,105.905906,3840,2160,20,3174
cao_qiao_001,3175,105.939273,3840,2160,21,3175
cao_qiao_001,3176,105.972639,3840,2160,21,3176
cao_qiao_001,3177,106.006006,3840,2160,20,3177
cao_qiao_001,3178,106.039373,3840,2160,21,3178
cao_qiao_001,3179,106.072739,3840,2160,21,3179
cao_qiao_001,3180,106.106106,3840,2160,21,3180
cao_qiao_001,3181,106.139473,3840,2160,20,3181
cao_qiao_001,3182,106.172840,3840,2160,20,3182
cao_qiao_001,3183,106.206206,3840,2160,21,3183
cao_qiao_001,3184,106.239573,3840,2160,20,3184
cao_qiao_001,3185,106.272940,3840,2160,20,3185
cao_qiao_001,3186,106.306306,3840,2160,20,3186
cao_qiao_001,3187,106.339673,3840,2160,20,3187
cao_qiao_001,3188,106.373040,3840,2160,20,3188
cao_qiao_001,3189,106.406406,3840,2160,20,3189
cao_qiao_001,3190,106.439773,3840,2160,20,3190
cao_qiao_001,3191,106.473140,3840,2160,21,3191
cao_qiao_001,3192,106.506507,3840,2160,20,3192
cao_qiao_001,3193,106.539873,3840,2160,20,3193
cao_qiao_001,3194,106.573240,3840,2160,20,3194
cao_qiao_001,3195,106.606607,3840,2160,20,3195
cao_qiao_001,3196,106.639973,3840,2160,20,3196
cao_qiao_001,3197,106.673340,3840,2160,20,3197
cao_qiao_001,3198,106.706707,3840,2160,21,3198
cao_qiao_001,3199,106.740073,3840,2160,21,3199
cao_qiao_001,3200,106.773440,3840,2160,21,3200
cao_qiao_001,3201,106.806807,3840,2160,20,3201
cao_qiao_001,3202,106.840174,3840,2160,20,3202
cao_qiao_001,3203,106.873540,3840,2160,19,3203
cao_qiao_001,3204,106.906907,3840,2160,20,3204
cao_qiao_001,3205,106.940274,3840,2160,21,3205
cao_qiao_001,3206,106.973640,3840,2160,22,3206
cao_qiao_001,3207,107.007007,3840,2160,22,3207
cao_qiao_001,3208,107.040374,3840,2160,21,3208
cao_qiao_001,3209,107.073740,3840,2160,20,3209
cao_qiao_001,3210,107.107107,3840,2160,19,3210
cao_qiao_001,3211,107.140474,3840,2160,19,3211
cao_qiao_001,3212,107.173841,3840,2160,19,3212
cao_qiao_001,3213,107.207207,3840,2160,20,3213
cao_qiao_001,3214,107.240574,3840,2160,21,3214
cao_qiao_001,3215,107.273941,3840,2160,20,3215
cao_qiao_001,3216,107.307307,3840,2160,20,3216
cao_qiao_001,3217,107.340674,3840,2160,19,3217
cao_qiao_001,3218,107.374041,3840,2160,19,3218
cao_qiao_001,3219,107.407407,3840,2160,20,3219
cao_qiao_001,3220,107.440774,3840,2160,20,3220
cao_qiao_001,3221,107.474141,3840,2160,20,3221
cao_qiao_001,3222,107.507508,3840,2160,20,3222
cao_qiao_001,3223,107.540874,3840,2160,20,3223
cao_qiao_001,3224,107.574241,3840,2160,20,3224
cao_qiao_001,3225,107.607608,3840,2160,19,3225
cao_qiao_001,3226,107.640974,3840,2160,19,3226
cao_qiao_001,3227,107.674341,3840,2160,19,3227
cao_qiao_001,3228,107.707708,3840,2160,21,3228
cao_qiao_001,3229,107.741074,3840,2160,19,3229
cao_qiao_001,3230,107.774441,3840,2160,19,3230
cao_qiao_001,3231,107.807808,3840,2160,19,3231
cao_qiao_001,3232,107.841175,3840,2160,20,3232
cao_qiao_001,3233,107.874541,3840,2160,19,3233
cao_qiao_001,3234,107.907908,3840,2160,18,3234
cao_qiao_001,3235,107.941275,3840,2160,18,3235
cao_qiao_001,3236,107.974641,3840,2160,19,3236
cao_qiao_001,3237,108.008008,3840,2160,20,3237
cao_qiao_001,3238,108.041375,3840,2160,20,3238
cao_qiao_001,3239,108.074741,3840,2160,20,3239
cao_qiao_001,3240,108.108108,3840,2160,20,3240
cao_qiao_001,3241,108.141475,3840,2160,19,3241
cao_qiao_001,3242,108.174842,3840,2160,19,3242
cao_qiao_001,3243,108.208208,3840,2160,19,3243
cao_qiao_001,3244,108.241575,3840,2160,19,3244
cao_qiao_001,3245,108.274942,3840,2160,19,3245
cao_qiao_001,3246,108.308308,3840,2160,21,3246
cao_qiao_001,3247,108.341675,3840,2160,21,3247
cao_qiao_001,3248,108.375042,3840,2160,20,3248
cao_qiao_001,3249,108.408408,3840,2160,20,3249
cao_qiao_001,3250,108.441775,3840,2160,19,3250
cao_qiao_001,3251,108.475142,3840,2160,19,3251
cao_qiao_001,3252,108.508509,3840,2160,20,3252
cao_qiao_001,3253,108.541875,3840,2160,21,3253
cao_qiao_001,3254,108.575242,3840,2160,20,3254
cao_qiao_001,3255,108.608609,3840,2160,20,3255
cao_qiao_001,3256,108.641975,3840,2160,20,3256
cao_qiao_001,3257,108.675342,3840,2160,20,3257
cao_qiao_001,3258,108.708709,3840,2160,19,3258
cao_qiao_001,3259,108.742075,3840,2160,19,3259
cao_qiao_001,3260,108.775442,3840,2160,19,3260
cao_qiao_001,3261,108.808809,3840,2160,20,3261
cao_qiao_001,3262,108.842176,3840,2160,19,3262
cao_qiao_001,3263,108.875542,3840,2160,18,3263
cao_qiao_001,3264,108.908909,3840,2160,18,3264
cao_qiao_001,3265,108.942276,3840,2160,18,3265
cao_qiao_001,3266,108.975642,3840,2160,19,3266
cao_qiao_001,3267,109.009009,3840,2160,19,3267
cao_qiao_001,3268,109.042376,3840,2160,19,3268
cao_qiao_001,3269,109.075742,3840,2160,19,3269
cao_qiao_001,3270,109.109109,3840,2160,19,3270
cao_qiao_001,3271,109.142476,3840,2160,20,3271
cao_qiao_001,3272,109.175843,3840,2160,20,3272
cao_qiao_001,3273,109.209209,3840,2160,21,3273
cao_qiao_001,3274,109.242576,3840,2160,21,3274
cao_qiao_001,3275,109.275943,3840,2160,20,3275
cao_qiao_001,3276,109.309309,3840,2160,20,3276
cao_qiao_001,3277,109.342676,3840,2160,21,3277
cao_qiao_001,3278,109.376043,3840,2160,21,3278
cao_qiao_001,3279,109.409409,3840,2160,21,3279
cao_qiao_001,3280,109.442776,3840,2160,21,3280
cao_qiao_001,3281,109.476143,3840,2160,21,3281
cao_qiao_001,3282,109.509510,3840,2160,21,3282
cao_qiao_001,3283,109.542876,3840,2160,21,3283
cao_qiao_001,3284,109.576243,3840,2160,21,3284
cao_qiao_001,3285,109.609610,3840,2160,21,3285
cao_qiao_001,3286,109.642976,3840,2160,21,3286
cao_qiao_001,3287,109.676343,3840,2160,21,3287
cao_qiao_001,3288,109.709710,3840,2160,21,3288
cao_qiao_001,3289,109.743076,3840,2160,21,3289
cao_qiao_001,3290,109.776443,3840,2160,21,3290
cao_qiao_001,3291,109.809810,3840,2160,21,3291
cao_qiao_001,3292,109.843177,3840,2160,21,3292
cao_qiao_001,3293,109.876543,3840,2160,21,3293
cao_qiao_001,3294,109.909910,3840,2160,21,3294
cao_qiao_001,3295,109.943277,3840,2160,21,3295
cao_qiao_001,3296,109.976643,3840,2160,22,3296
cao_qiao_001,3297,110.010010,3840,2160,22,3297
cao_qiao_001,3298,110.043377,3840,2160,22,3298
cao_qiao_001,3299,110.076743,3840,2160,22,3299
cao_qiao_001,3300,110.110110,3840,2160,21,3300
cao_qiao_001,3301,110.143477,3840,2160,21,3301
cao_qiao_001,3302,110.176844,3840,2160,21,3302
cao_qiao_001,3303,110.210210,3840,2160,22,3303
cao_qiao_001,3304,110.243577,3840,2160,22,3304
cao_qiao_001,3305,110.276944,3840,2160,23,3305
cao_qiao_001,3306,110.310310,3840,2160,23,3306
cao_qiao_001,3307,110.343677,3840,2160,22,3307
cao_qiao_001,3308,110.377044,3840,2160,22,3308
cao_qiao_001,3309,110.410410,3840,2160,22,3309
cao_qiao_001,3310,110.443777,3840,2160,22,3310
cao_qiao_001,3311,110.477144,3840,2160,22,3311
cao_qiao_001,3312,110.510511,3840,2160,22,3312
cao_qiao_001,3313,110.543877,3840,2160,22,3313
cao_qiao_001,3314,110.577244,3840,2160,22,3314
cao_qiao_001,3315,110.610611,3840,2160,22,3315
cao_qiao_001,3316,110.643977,3840,2160,22,3316
cao_qiao_001,3317,110.677344,3840,2160,22,3317
cao_qiao_001,3318,110.710711,3840,2160,22,3318
cao_qiao_001,3319,110.744077,3840,2160,23,3319
cao_qiao_001,3320,110.777444,3840,2160,22,3320
cao_qiao_001,3321,110.810811,3840,2160,22,3321
cao_qiao_001,3322,110.844178,3840,2160,23,3322
cao_qiao_001,3323,110.877544,3840,2160,22,3323
cao_qiao_001,3324,110.910911,3840,2160,22,3324
cao_qiao_001,3325,110.944278,3840,2160,22,3325
cao_qiao_001,3326,110.977644,3840,2160,22,3326
cao_qiao_001,3327,111.011011,3840,2160,22,3327
cao_qiao_001,3328,111.044378,3840,2160,22,3328
cao_qiao_001,3329,111.077744,3840,2160,22,3329
cao_qiao_001,3330,111.111111,3840,2160,22,3330
cao_qiao_001,3331,111.144478,3840,2160,22,3331
cao_qiao_001,3332,111.177845,3840,2160,22,3332
cao_qiao_001,3333,111.211211,3840,2160,22,3333
cao_qiao_001,3334,111.244578,3840,2160,22,3334
cao_qiao_001,3335,111.277945,3840,2160,22,3335
cao_qiao_001,3336,111.311311,3840,2160,21,3336
cao_qiao_001,3337,111.344678,3840,2160,21,3337
cao_qiao_001,3338,111.378045,3840,2160,21,3338
cao_qiao_001,3339,111.411411,3840,2160,21,3339
cao_qiao_001,3340,111.444778,3840,2160,20,3340
cao_qiao_001,3341,111.478145,3840,2160,21,3341
cao_qiao_001,3342,111.511512,3840,2160,21,3342
cao_qiao_001,3343,111.544878,3840,2160,21,3343
cao_qiao_001,3344,111.578245,3840,2160,21,3344
cao_qiao_001,3345,111.611612,3840,2160,21,3345
cao_qiao_001,3346,111.644978,3840,2160,20,3346
cao_qiao_001,3347,111.678345,3840,2160,20,3347
cao_qiao_001,3348,111.711712,3840,2160,20,3348
cao_qiao_001,3349,111.745078,3840,2160,21,3349
cao_qiao_001,3350,111.778445,3840,2160,20,3350
cao_qiao_001,3351,111.811812,3840,2160,20,3351
cao_qiao_001,3352,111.845179,3840,2160,20,3352
cao_qiao_001,3353,111.878545,3840,2160,20,3353
cao_qiao_001,3354,111.911912,3840,2160,20,3354
cao_qiao_001,3355,111.945279,3840,2160,20,3355
cao_qiao_001,3356,111.978645,3840,2160,20,3356
cao_qiao_001,3357,112.012012,3840,2160,20,3357
cao_qiao_001,3358,112.045379,3840,2160,20,3358
cao_qiao_001,3359,112.078745,3840,2160,21,3359
cao_qiao_001,3360,112.112112,3840,2160,19,3360
cao_qiao_001,3361,112.145479,3840,2160,19,3361
cao_qiao_001,3362,112.178846,3840,2160,19,3362
cao_qiao_001,3363,112.212212,3840,2160,19,3363
cao_qiao_001,3364,112.245579,3840,2160,21,3364
cao_qiao_001,3365,112.278946,3840,2160,20,3365
cao_qiao_001,3366,112.312312,3840,2160,20,3366
cao_qiao_001,3367,112.345679,3840,2160,21,3367
cao_qiao_001,3368,112.379046,3840,2160,21,3368
cao_qiao_001,3369,112.412412,3840,2160,20,3369
cao_qiao_001,3370,112.445779,3840,2160,20,3370
cao_qiao_001,3371,112.479146,3840,2160,20,3371
cao_qiao_001,3372,112.512513,3840,2160,20,3372
cao_qiao_001,3373,112.545879,3840,2160,19,3373
cao_qiao_001,3374,112.579246,3840,2160,19,3374
cao_qiao_001,3375,112.612613,3840,2160,18,3375
cao_qiao_001,3376,112.645979,3840,2160,19,3376
cao_qiao_001,3377,112.679346,3840,2160,19,3377
cao_qiao_001,3378,112.712713,3840,2160,19,3378
cao_qiao_001,3379,112.746079,3840,2160,19,3379
cao_qiao_001,3380,112.779446,3840,2160,19,3380
cao_qiao_001,3381,112.812813,3840,2160,19,3381
cao_qiao_001,3382,112.846180,3840,2160,20,3382
cao_qiao_001,3383,112.879546,3840,2160,20,3383
cao_qiao_001,3384,112.912913,3840,2160,21,3384
cao_qiao_001,3385,112.946280,3840,2160,21,3385
cao_qiao_001,3386,112.979646,3840,2160,21,3386
cao_qiao_001,3387,113.013013,3840,2160,19,3387
cao_qiao_001,3388,113.046380,3840,2160,19,3388
cao_qiao_001,3389,113.079746,3840,2160,20,3389
cao_qiao_001,3390,113.113113,3840,2160,20,3390
cao_qiao_001,3391,113.146480,3840,2160,20,3391
cao_qiao_001,3392,113.179847,3840,2160,21,3392
cao_qiao_001,3393,113.213213,3840,2160,19,3393
cao_qiao_001,3394,113.246580,3840,2160,20,3394
cao_qiao_001,3395,113.279947,3840,2160,20,3395
cao_qiao_001,3396,113.313313,3840,2160,21,3396
cao_qiao_001,3397,113.346680,3840,2160,20,3397
cao_qiao_001,3398,113.380047,3840,2160,20,3398
cao_qiao_001,3399,113.413413,3840,2160,20,3399
cao_qiao_001,3400,113.446780,3840,2160,21,3400
cao_qiao_001,3401,113.480147,3840,2160,21,3401
cao_qiao_001,3402,113.513514,3840,2160,19,3402
cao_qiao_001,3403,113.546880,3840,2160,19,3403
cao_qiao_001,3404,113.580247,3840,2160,20,3404
cao_qiao_001,3405,113.613614,3840,2160,20,3405
cao_qiao_001,3406,113.646980,3840,2160,20,3406
cao_qiao_001,3407,113.680347,3840,2160,20,3407
cao_qiao_001,3408,113.713714,3840,2160,20,3408
cao_qiao_001,3409,113.747080,3840,2160,20,3409
cao_qiao_001,3410,113.780447,3840,2160,20,3410
cao_qiao_001,3411,113.813814,3840,2160,20,3411
cao_qiao_001,3412,113.847181,3840,2160,21,3412
cao_qiao_001,3413,113.880547,3840,2160,20,3413
cao_qiao_001,3414,113.913914,3840,2160,20,3414
cao_qiao_001,3415,113.947281,3840,2160,20,3415
cao_qiao_001,3416,113.980647,3840,2160,20,3416
cao_qiao_001,3417,114.014014,3840,2160,20,3417
cao_qiao_001,3418,114.047381,3840,2160,20,3418
cao_qiao_001,3419,114.080747,3840,2160,20,3419
cao_qiao_001,3420,114.114114,3840,2160,21,3420
cao_qiao_001,3421,114.147481,3840,2160,20,3421
cao_qiao_001,3422,114.180848,3840,2160,19,3422
cao_qiao_001,3423,114.214214,3840,2160,19,3423
cao_qiao_001,3424,114.247581,3840,2160,20,3424
cao_qiao_001,3425,114.280948,3840,2160,20,3425
cao_qiao_001,3426,114.314314,3840,2160,20,3426
cao_qiao_001,3427,114.347681,3840,2160,20,3427
cao_qiao_001,3428,114.381048,3840,2160,20,3428
cao_qiao_001,3429,114.414414,3840,2160,21,3429
cao_qiao_001,3430,114.447781,3840,2160,20,3430
cao_qiao_001,3431,114.481148,3840,2160,19,3431
cao_qiao_001,3432,114.514515,3840,2160,18,3432
cao_qiao_001,3433,114.547881,3840,2160,18,3433
cao_qiao_001,3434,114.581248,3840,2160,19,3434
cao_qiao_001,3435,114.614615,3840,2160,19,3435
cao_qiao_001,3436,114.647981,3840,2160,19,3436
cao_qiao_001,3437,114.681348,3840,2160,18,3437
cao_qiao_001,3438,114.714715,3840,2160,18,3438
cao_qiao_001,3439,114.748081,3840,2160,18,3439
cao_qiao_001,3440,114.781448,3840,2160,19,3440
cao_qiao_001,3441,114.814815,3840,2160,19,3441
cao_qiao_001,3442,114.848182,3840,2160,19,3442
cao_qiao_001,3443,114.881548,3840,2160,19,3443
cao_qiao_001,3444,114.914915,3840,2160,19,3444
cao_qiao_001,3445,114.948282,3840,2160,18,3445
cao_qiao_001,3446,114.981648,3840,2160,18,3446
cao_qiao_001,3447,115.015015,3840,2160,18,3447
cao_qiao_001,3448,115.048382,3840,2160,19,3448
cao_qiao_001,3449,115.081748,3840,2160,19,3449
cao_qiao_001,3450,115.115115,3840,2160,19,3450
cao_qiao_001,3451,115.148482,3840,2160,19,3451
cao_qiao_001,3452,115.181849,3840,2160,18,3452
cao_qiao_001,3453,115.215215,3840,2160,18,3453
cao_qiao_001,3454,115.248582,3840,2160,18,3454
cao_qiao_001,3455,115.281949,3840,2160,19,3455
cao_qiao_001,3456,115.315315,3840,2160,20,3456
cao_qiao_001,3457,115.348682,3840,2160,20,3457
cao_qiao_001,3458,115.382049,3840,2160,21,3458
cao_qiao_001,3459,115.415415,3840,2160,20,3459
cao_qiao_001,3460,115.448782,3840,2160,19,3460
cao_qiao_001,3461,115.482149,3840,2160,17,3461
cao_qiao_001,3462,115.515516,3840,2160,17,3462
cao_qiao_001,3463,115.548882,3840,2160,18,3463
cao_qiao_001,3464,115.582249,3840,2160,19,3464
cao_qiao_001,3465,115.615616,3840,2160,18,3465
cao_qiao_001,3466,115.648982,3840,2160,18,3466
cao_qiao_001,3467,115.682349,3840,2160,18,3467
cao_qiao_001,3468,115.715716,3840,2160,18,3468
cao_qiao_001,3469,115.749082,3840,2160,17,3469
cao_qiao_001,3470,115.782449,3840,2160,17,3470
cao_qiao_001,3471,115.815816,3840,2160,18,3471
cao_qiao_001,3472,115.849183,3840,2160,18,3472
cao_qiao_001,3473,115.882549,3840,2160,17,3473
cao_qiao_001,3474,115.915916,3840,2160,17,3474
cao_qiao_001,3475,115.949283,3840,2160,18,3475
cao_qiao_001,3476,115.982649,3840,2160,19,3476
cao_qiao_001,3477,116.016016,3840,2160,18,3477
cao_qiao_001,3478,116.049383,3840,2160,18,3478
cao_qiao_001,3479,116.082749,3840,2160,18,3479
cao_qiao_001,3480,116.116116,3840,2160,18,3480
cao_qiao_001,3481,116.149483,3840,2160,18,3481
cao_qiao_001,3482,116.182850,3840,2160,19,3482
cao_qiao_001,3483,116.216216,3840,2160,20,3483
cao_qiao_001,3484,116.249583,3840,2160,19,3484
cao_qiao_001,3485,116.282950,3840,2160,19,3485
cao_qiao_001,3486,116.316316,3840,2160,19,3486
cao_qiao_001,3487,116.349683,3840,2160,19,3487
cao_qiao_001,3488,116.383050,3840,2160,19,3488
cao_qiao_001,3489,116.416416,3840,2160,19,3489
cao_qiao_001,3490,116.449783,3840,2160,18,3490
cao_qiao_001,3491,116.483150,3840,2160,18,3491
cao_qiao_001,3492,116.516517,3840,2160,18,3492
cao_qiao_001,3493,116.549883,3840,2160,19,3493
cao_qiao_001,3494,116.583250,3840,2160,20,3494
cao_qiao_001,3495,116.616617,3840,2160,20,3495
cao_qiao_001,3496,116.649983,3840,2160,21,3496
cao_qiao_001,3497,116.683350,3840,2160,20,3497
cao_qiao_001,3498,116.716717,3840,2160,19,3498
cao_qiao_001,3499,116.750083,3840,2160,19,3499
cao_qiao_001,3500,116.783450,3840,2160,19,3500
cao_qiao_001,3501,116.816817,3840,2160,19,3501
cao_qiao_001,3502,116.850184,3840,2160,19,3502
cao_qiao_001,3503,116.883550,3840,2160,19,3503
cao_qiao_001,3504,116.916917,3840,2160,20,3504
cao_qiao_001,3505,116.950284,3840,2160,19,3505
cao_qiao_001,3506,116.983650,3840,2160,19,3506
cao_qiao_001,3507,117.017017,3840,2160,20,3507
cao_qiao_001,3508,117.050384,3840,2160,21,3508
cao_qiao_001,3509,117.083750,3840,2160,20,3509
cao_qiao_001,3510,117.117117,3840,2160,20,3510
cao_qiao_001,3511,117.150484,3840,2160,20,3511
cao_qiao_001,3512,117.183851,3840,2160,19,3512
cao_qiao_001,3513,117.217217,3840,2160,19,3513
cao_qiao_001,3514,117.250584,3840,2160,20,3514
cao_qiao_001,3515,117.283951,3840,2160,20,3515
cao_qiao_001,3516,117.317317,3840,2160,19,3516
cao_qiao_001,3517,117.350684,3840,2160,20,3517
cao_qiao_001,3518,117.384051,3840,2160,21,3518
cao_qiao_001,3519,117.417417,3840,2160,22,3519
cao_qiao_001,3520,117.450784,3840,2160,21,3520
cao_qiao_001,3521,117.484151,3840,2160,21,3521
cao_qiao_001,3522,117.517518,3840,2160,20,3522
cao_qiao_001,3523,117.550884,3840,2160,20,3523
cao_qiao_001,3524,117.584251,3840,2160,20,3524
cao_qiao_001,3525,117.617618,3840,2160,20,3525
cao_qiao_001,3526,117.650984,3840,2160,20,3526
cao_qiao_001,3527,117.684351,3840,2160,20,3527
cao_qiao_001,3528,117.717718,3840,2160,20,3528
cao_qiao_001,3529,117.751084,3840,2160,19,3529
cao_qiao_001,3530,117.784451,3840,2160,19,3530
cao_qiao_001,3531,117.817818,3840,2160,19,3531
cao_qiao_001,3532,117.851185,3840,2160,19,3532
cao_qiao_001,3533,117.884551,3840,2160,20,3533
cao_qiao_001,3534,117.917918,3840,2160,20,3534
cao_qiao_001,3535,117.951285,3840,2160,20,3535
cao_qiao_001,3536,117.984651,3840,2160,19,3536
cao_qiao_001,3537,118.018018,3840,2160,18,3537
cao_qiao_001,3538,118.051385,3840,2160,18,3538
cao_qiao_001,3539,118.084751,3840,2160,19,3539
cao_qiao_001,3540,118.118118,3840,2160,18,3540
cao_qiao_001,3541,118.151485,3840,2160,19,3541
cao_qiao_001,3542,118.184852,3840,2160,20,3542
cao_qiao_001,3543,118.218218,3840,2160,18,3543
cao_qiao_001,3544,118.251585,3840,2160,18,3544
cao_qiao_001,3545,118.284952,3840,2160,18,3545
cao_qiao_001,3546,118.318318,3840,2160,19,3546
cao_qiao_001,3547,118.351685,3840,2160,20,3547
cao_qiao_001,3548,118.385052,3840,2160,19,3548
cao_qiao_001,3549,118.418418,3840,2160,19,3549
cao_qiao_001,3550,118.451785,3840,2160,20,3550
cao_qiao_001,3551,118.485152,3840,2160,19,3551
cao_qiao_001,3552,118.518519,3840,2160,19,3552
cao_qiao_001,3553,118.551885,3840,2160,19,3553
cao_qiao_001,3554,118.585252,3840,2160,20,3554
cao_qiao_001,3555,118.618619,3840,2160,20,3555
cao_qiao_001,3556,118.651985,3840,2160,20,3556
cao_qiao_001,3557,118.685352,3840,2160,19,3557
cao_qiao_001,3558,118.718719,3840,2160,20,3558
cao_qiao_001,3559,118.752085,3840,2160,19,3559
cao_qiao_001,3560,118.785452,3840,2160,19,3560
cao_qiao_001,3561,118.818819,3840,2160,20,3561
cao_qiao_001,3562,118.852186,3840,2160,20,3562
cao_qiao_001,3563,118.885552,3840,2160,18,3563
cao_qiao_001,3564,118.918919,3840,2160,17,3564
cao_qiao_001,3565,118.952286,3840,2160,17,3565
cao_qiao_001,3566,118.985652,3840,2160,17,3566
cao_qiao_001,3567,119.019019,3840,2160,17,3567
cao_qiao_001,3568,119.052386,3840,2160,16,3568
cao_qiao_001,3569,119.085752,3840,2160,17,3569
cao_qiao_001,3570,119.119119,3840,2160,17,3570
cao_qiao_001,3571,119.152486,3840,2160,17,3571
cao_qiao_001,3572,119.185853,3840,2160,17,3572
cao_qiao_001,3573,119.219219,3840,2160,17,3573
cao_qiao_001,3574,119.252586,3840,2160,16,3574
cao_qiao_001,3575,119.285953,3840,2160,16,3575
cao_qiao_001,3576,119.319319,3840,2160,17,3576
cao_qiao_001,3577,119.352686,3840,2160,16,3577
cao_qiao_001,3578,119.386053,3840,2160,16,3578
cao_qiao_001,3579,119.419419,3840,2160,15,3579
cao_qiao_001,3580,119.452786,3840,2160,16,3580
cao_qiao_001,3581,119.486153,3840,2160,15,3581
cao_qiao_001,3582,119.519520,3840,2160,16,3582
cao_qiao_001,3583,119.552886,3840,2160,15,3583
cao_qiao_001,3584,119.586253,3840,2160,15,3584
cao_qiao_001,3585,119.619620,3840,2160,15,3585
cao_qiao_001,3586,119.652986,3840,2160,17,3586
cao_qiao_001,3587,119.686353,3840,2160,17,3587
cao_qiao_001,3588,119.719720,3840,2160,17,3588
cao_qiao_001,3589,119.753086,3840,2160,16,3589
cao_qiao_001,3590,119.786453,3840,2160,16,3590
cao_qiao_001,3591,119.819820,3840,2160,16,3591
cao_qiao_001,3592,119.853187,3840,2160,16,3592
cao_qiao_001,3593,119.886553,3840,2160,16,3593
cao_qiao_001,3594,119.919920,3840,2160,16,3594
cao_qiao_001,3595,119.953287,3840,2160,17,3595
cao_qiao_001,3596,119.986653,3840,2160,17,3596
cao_qiao_001,3597,120.020020,3840,2160,15,3597
cao_qiao_001,3598,120.053387,3840,2160,15,3598
cao_qiao_001,3599,120.086753,3840,2160,15,3599
cao_qiao_001,3600,120.120120,3840,2160,15,3600
cao_qiao_001,3601,120.153487,3840,2160,15,3601
cao_qiao_001,3602,120.186854,3840,2160,16,3602
cao_qiao_001,3603,120.220220,3840,2160,16,3603
cao_qiao_001,3604,120.253587,3840,2160,16,3604
cao_qiao_001,3605,120.286954,3840,2160,16,3605
cao_qiao_001,3606,120.320320,3840,2160,16,3606
cao_qiao_001,3607,120.353687,3840,2160,18,3607
cao_qiao_001,3608,120.387054,3840,2160,18,3608
cao_qiao_001,3609,120.420420,3840,2160,18,3609
cao_qiao_001,3610,120.453787,3840,2160,18,3610
cao_qiao_001,3611,120.487154,3840,2160,18,3611
cao_qiao_001,3612,120.520521,3840,2160,16,3612
cao_qiao_001,3613,120.553887,3840,2160,15,3613
cao_qiao_001,3614,120.587254,3840,2160,15,3614
cao_qiao_001,3615,120.620621,3840,2160,15,3615
cao_qiao_001,3616,120.653987,3840,2160,16,3616
cao_qiao_001,3617,120.687354,3840,2160,15,3617
cao_qiao_001,3618,120.720721,3840,2160,16,3618
cao_qiao_001,3619,120.754087,3840,2160,16,3619
cao_qiao_001,3620,120.787454,3840,2160,17,3620
cao_qiao_001,3621,120.820821,3840,2160,17,3621
cao_qiao_001,3622,120.854188,3840,2160,17,3622
cao_qiao_001,3623,120.887554,3840,2160,17,3623
cao_qiao_001,3624,120.920921,3840,2160,17,3624
cao_qiao_001,3625,120.954288,3840,2160,17,3625
cao_qiao_001,3626,120.987654,3840,2160,16,3626
cao_qiao_001,3627,121.021021,3840,2160,16,3627
cao_qiao_001,3628,121.054388,3840,2160,16,3628
cao_qiao_001,3629,121.087754,3840,2160,17,3629
cao_qiao_001,3630,121.121121,3840,2160,16,3630
cao_qiao_001,3631,121.154488,3840,2160,16,3631
cao_qiao_001,3632,121.187855,3840,2160,16,3632
cao_qiao_001,3633,121.221221,3840,2160,16,3633
cao_qiao_001,3634,121.254588,3840,2160,16,3634
cao_qiao_001,3635,121.287955,3840,2160,16,3635
cao_qiao_001,3636,121.321321,3840,2160,17,3636
cao_qiao_001,3637,121.354688,3840,2160,17,3637
cao_qiao_001,3638,121.388055,3840,2160,18,3638
cao_qiao_001,3639,121.421421,3840,2160,18,3639
cao_qiao_001,3640,121.454788,3840,2160,18,3640
cao_qiao_001,3641,121.488155,3840,2160,17,3641
cao_qiao_001,3642,121.521522,3840,2160,17,3642
cao_qiao_001,3643,121.554888,3840,2160,17,3643
cao_qiao_001,3644,121.588255,3840,2160,17,3644
cao_qiao_001,3645,121.621622,3840,2160,17,3645
cao_qiao_001,3646,121.654988,3840,2160,17,3646
cao_qiao_001,3647,121.688355,3840,2160,17,3647
cao_qiao_001,3648,121.721722,3840,2160,17,3648
cao_qiao_001,3649,121.755088,3840,2160,17,3649
cao_qiao_001,3650,121.788455,3840,2160,17,3650
cao_qiao_001,3651,121.821822,3840,2160,16,3651
cao_qiao_001,3652,121.855189,3840,2160,15,3652
cao_qiao_001,3653,121.888555,3840,2160,15,3653
cao_qiao_001,3654,121.921922,3840,2160,15,3654
cao_qiao_001,3655,121.955289,3840,2160,15,3655
cao_qiao_001,3656,121.988655,3840,2160,16,3656
cao_qiao_001,3657,122.022022,3840,2160,16,3657
cao_qiao_001,3658,122.055389,3840,2160,15,3658
cao_qiao_001,3659,122.088755,3840,2160,15,3659
cao_qiao_001,3660,122.122122,3840,2160,14,3660
cao_qiao_001,3661,122.155489,3840,2160,14,3661
cao_qiao_001,3662,122.188856,3840,2160,14,3662
cao_qiao_001,3663,122.222222,3840,2160,15,3663
cao_qiao_001,3664,122.255589,3840,2160,14,3664
cao_qiao_001,3665,122.288956,3840,2160,14,3665
cao_qiao_001,3666,122.322322,3840,2160,14,3666
cao_qiao_001,3667,122.355689,3840,2160,14,3667
cao_qiao_001,3668,122.389056,3840,2160,14,3668
cao_qiao_001,3669,122.422422,3840,2160,14,3669
cao_qiao_001,3670,122.455789,3840,2160,14,3670
cao_qiao_001,3671,122.489156,3840,2160,14,3671
cao_qiao_001,3672,122.522523,3840,2160,14,3672
cao_qiao_001,3673,122.555889,3840,2160,14,3673
cao_qiao_001,3674,122.589256,3840,2160,14,3674
cao_qiao_001,3675,122.622623,3840,2160,15,3675
cao_qiao_001,3676,122.655989,3840,2160,15,3676
cao_qiao_001,3677,122.689356,3840,2160,15,3677
cao_qiao_001,3678,122.722723,3840,2160,16,3678
cao_qiao_001,3679,122.756089,3840,2160,15,3679
cao_qiao_001,3680,122.789456,3840,2160,15,3680
cao_qiao_001,3681,122.822823,3840,2160,15,3681
cao_qiao_001,3682,122.856190,3840,2160,16,3682
cao_qiao_001,3683,122.889556,3840,2160,15,3683
cao_qiao_001,3684,122.922923,3840,2160,15,3684
cao_qiao_001,3685,122.956290,3840,2160,15,3685
cao_qiao_001,3686,122.989656,3840,2160,15,3686
cao_qiao_001,3687,123.023023,3840,2160,15,3687
cao_qiao_001,3688,123.056390,3840,2160,15,3688
cao_qiao_001,3689,123.089756,3840,2160,15,3689
cao_qiao_001,3690,123.123123,3840,2160,16,3690
cao_qiao_001,3691,123.156490,3840,2160,16,3691
cao_qiao_001,3692,123.189857,3840,2160,16,3692
cao_qiao_001,3693,123.223223,3840,2160,16,3693
cao_qiao_001,3694,123.256590,3840,2160,16,3694
cao_qiao_001,3695,123.289957,3840,2160,14,3695
cao_qiao_001,3696,123.323323,3840,2160,14,3696
cao_qiao_001,3697,123.356690,3840,2160,14,3697
cao_qiao_001,3698,123.390057,3840,2160,15,3698
cao_qiao_001,3699,123.423423,3840,2160,15,3699
cao_qiao_001,3700,123.456790,3840,2160,16,3700
cao_qiao_001,3701,123.490157,3840,2160,16,3701
cao_qiao_001,3702,123.523524,3840,2160,15,3702
cao_qiao_001,3703,123.556890,3840,2160,15,3703
cao_qiao_001,3704,123.590257,3840,2160,15,3704
cao_qiao_001,3705,123.623624,3840,2160,15,3705
cao_qiao_001,3706,123.656990,3840,2160,15,3706
cao_qiao_001,3707,123.690357,3840,2160,15,3707
cao_qiao_001,3708,123.723724,3840,2160,15,3708
cao_qiao_001,3709,123.757090,3840,2160,16,3709
cao_qiao_001,3710,123.790457,3840,2160,14,3710
cao_qiao_001,3711,123.823824,3840,2160,14,3711
cao_qiao_001,3712,123.857191,3840,2160,14,3712
cao_qiao_001,3713,123.890557,3840,2160,13,3713
cao_qiao_001,3714,123.923924,3840,2160,14,3714
cao_qiao_001,3715,123.957291,3840,2160,14,3715
cao_qiao_001,3716,123.990657,3840,2160,14,3716
cao_qiao_001,3717,124.024024,3840,2160,14,3717
cao_qiao_001,3718,124.057391,3840,2160,13,3718
cao_qiao_001,3719,124.090757,3840,2160,13,3719
cao_qiao_001,3720,124.124124,3840,2160,13,3720
cao_qiao_001,3721,124.157491,3840,2160,13,3721
cao_qiao_001,3722,124.190858,3840,2160,14,3722
cao_qiao_001,3723,124.224224,3840,2160,14,3723
cao_qiao_001,3724,124.257591,3840,2160,17,3724
cao_qiao_001,3725,124.290958,3840,2160,16,3725
cao_qiao_001,3726,124.324324,3840,2160,16,3726
cao_qiao_001,3727,124.357691,3840,2160,15,3727
cao_qiao_001,3728,124.391058,3840,2160,15,3728
cao_qiao_001,3729,124.424424,3840,2160,15,3729
cao_qiao_001,3730,124.457791,3840,2160,15,3730
cao_qiao_001,3731,124.491158,3840,2160,15,3731
cao_qiao_001,3732,124.524525,3840,2160,16,3732
cao_qiao_001,3733,124.557891,3840,2160,15,3733
cao_qiao_001,3734,124.591258,3840,2160,15,3734
cao_qiao_001,3735,124.624625,3840,2160,15,3735
cao_qiao_001,3736,124.657991,3840,2160,15,3736
cao_qiao_001,3737,124.691358,3840,2160,15,3737
cao_qiao_001,3738,124.724725,3840,2160,15,3738
cao_qiao_001,3739,124.758091,3840,2160,15,3739
cao_qiao_001,3740,124.791458,3840,2160,15,3740
cao_qiao_001,3741,124.824825,3840,2160,16,3741
cao_qiao_001,3742,124.858192,3840,2160,16,3742
cao_qiao_001,3743,124.891558,3840,2160,16,3743
cao_qiao_001,3744,124.924925,3840,2160,16,3744
cao_qiao_001,3745,124.958292,3840,2160,18,3745
cao_qiao_001,3746,124.991658,3840,2160,18,3746
cao_qiao_001,3747,125.025025,3840,2160,18,3747
cao_qiao_001,3748,125.058392,3840,2160,18,3748
cao_qiao_001,3749,125.091758,3840,2160,19,3749
cao_qiao_001,3750,125.125125,3840,2160,19,3750
cao_qiao_001,3751,125.158492,3840,2160,19,3751
cao_qiao_001,3752,125.191859,3840,2160,20,3752
cao_qiao_001,3753,125.225225,3840,2160,21,3753
cao_qiao_001,3754,125.258592,3840,2160,21,3754
cao_qiao_001,3755,125.291959,3840,2160,21,3755
cao_qiao_001,3756,125.325325,3840,2160,21,3756
cao_qiao_001,3757,125.358692,3840,2160,20,3757
cao_qiao_001,3758,125.392059,3840,2160,20,3758
cao_qiao_001,3759,125.425425,3840,2160,20,3759
cao_qiao_001,3760,125.458792,3840,2160,20,3760
cao_qiao_001,3761,125.492159,3840,2160,19,3761
cao_qiao_001,3762,125.525526,3840,2160,18,3762
cao_qiao_001,3763,125.558892,3840,2160,18,3763
cao_qiao_001,3764,125.592259,3840,2160,18,3764
cao_qiao_001,3765,125.625626,3840,2160,18,3765
cao_qiao_001,3766,125.658992,3840,2160,17,3766
cao_qiao_001,3767,125.692359,3840,2160,17,3767
cao_qiao_001,3768,125.725726,3840,2160,17,3768
cao_qiao_001,3769,125.759092,3840,2160,17,3769
cao_qiao_001,3770,125.792459,3840,2160,17,3770
cao_qiao_001,3771,125.825826,3840,2160,18,3771
cao_qiao_001,3772,125.859193,3840,2160,19,3772
cao_qiao_001,3773,125.892559,3840,2160,18,3773
cao_qiao_001,3774,125.925926,3840,2160,18,3774
cao_qiao_001,3775,125.959293,3840,2160,18,3775
cao_qiao_001,3776,125.992659,3840,2160,17,3776
cao_qiao_001,3777,126.026026,3840,2160,17,3777
cao_qiao_001,3778,126.059393,3840,2160,17,3778
cao_qiao_001,3779,126.092759,3840,2160,19,3779
cao_qiao_001,3780,126.126126,3840,2160,19,3780
cao_qiao_001,3781,126.159493,3840,2160,20,3781
cao_qiao_001,3782,126.192860,3840,2160,19,3782
cao_qiao_001,3783,126.226226,3840,2160,19,3783
cao_qiao_001,3784,126.259593,3840,2160,17,3784
cao_qiao_001,3785,126.292960,3840,2160,17,3785
cao_qiao_001,3786,126.326326,3840,2160,17,3786
cao_qiao_001,3787,126.359693,3840,2160,17,3787
cao_qiao_001,3788,126.393060,3840,2160,18,3788
cao_qiao_001,3789,126.426426,3840,2160,18,3789
cao_qiao_001,3790,126.459793,3840,2160,18,3790
cao_qiao_001,3791,126.493160,3840,2160,17,3791
cao_qiao_001,3792,126.526527,3840,2160,19,3792
cao_qiao_001,3793,126.559893,3840,2160,19,3793
cao_qiao_001,3794,126.593260,3840,2160,18,3794
cao_qiao_001,3795,126.626627,3840,2160,18,3795
cao_qiao_001,3796,126.659993,3840,2160,18,3796
cao_qiao_001,3797,126.693360,3840,2160,19,3797
cao_qiao_001,3798,126.726727,3840,2160,19,3798
cao_qiao_001,3799,126.760093,3840,2160,19,3799
cao_qiao_001,3800,126.793460,3840,2160,19,3800
cao_qiao_001,3801,126.826827,3840,2160,19,3801
cao_qiao_001,3802,126.860194,3840,2160,19,3802
cao_qiao_001,3803,126.893560,3840,2160,19,3803
cao_qiao_001,3804,126.926927,3840,2160,18,3804
cao_qiao_001,3805,126.960294,3840,2160,17,3805
cao_qiao_001,3806,126.993660,3840,2160,17,3806
cao_qiao_001,3807,127.027027,3840,2160,18,3807
cao_qiao_001,3808,127.060394,3840,2160,18,3808
cao_qiao_001,3809,127.093760,3840,2160,18,3809
cao_qiao_001,3810,127.127127,3840,2160,18,3810
cao_qiao_001,3811,127.160494,3840,2160,18,3811
cao_qiao_001,3812,127.193861,3840,2160,18,3812
cao_qiao_001,3813,127.227227,3840,2160,18,3813
cao_qiao_001,3814,127.260594,3840,2160,18,3814
cao_qiao_001,3815,127.293961,3840,2160,19,3815
cao_qiao_001,3816,127.327327,3840,2160,19,3816
cao_qiao_001,3817,127.360694,3840,2160,19,3817
cao_qiao_001,3818,127.394061,3840,2160,19,3818
cao_qiao_001,3819,127.427427,3840,2160,19,3819
cao_qiao_001,3820,127.460794,3840,2160,19,3820
cao_qiao_001,3821,127.494161,3840,2160,19,3821
cao_qiao_001,3822,127.527528,3840,2160,19,3822
cao_qiao_001,3823,127.560894,3840,2160,18,3823
cao_qiao_001,3824,127.594261,3840,2160,17,3824
cao_qiao_001,3825,127.627628,3840,2160,17,3825
cao_qiao_001,3826,127.660994,3840,2160,18,3826
cao_qiao_001,3827,127.694361,3840,2160,19,3827
cao_qiao_001,3828,127.727728,3840,2160,19,3828
cao_qiao_001,3829,127.761094,3840,2160,19,3829
cao_qiao_001,3830,127.794461,3840,2160,19,3830
cao_qiao_001,3831,127.827828,3840,2160,19,3831
cao_qiao_001,3832,127.861195,3840,2160,19,3832
cao_qiao_001,3833,127.894561,3840,2160,18,3833
cao_qiao_001,3834,127.927928,3840,2160,18,3834
cao_qiao_001,3835,127.961295,3840,2160,18,3835
cao_qiao_001,3836,127.994661,3840,2160,19,3836
cao_qiao_001,3837,128.028028,3840,2160,19,3837
cao_qiao_001,3838,128.061395,3840,2160,20,3838
cao_qiao_001,3839,128.094761,3840,2160,20,3839
cao_qiao_001,3840,128.128128,3840,2160,20,3840
cao_qiao_001,3841,128.161495,3840,2160,20,3841
cao_qiao_001,3842,128.194862,3840,2160,20,3842
cao_qiao_001,3843,128.228228,3840,2160,19,3843
cao_qiao_001,3844,128.261595,3840,2160,19,3844
cao_qiao_001,3845,128.294962,3840,2160,18,3845
cao_qiao_001,3846,128.328328,3840,2160,18,3846
cao_qiao_001,3847,128.361695,3840,2160,18,3847
cao_qiao_001,3848,128.395062,3840,2160,18,3848
cao_qiao_001,3849,128.428428,3840,2160,18,3849
cao_qiao_001,3850,128.461795,3840,2160,19,3850
cao_qiao_001,3851,128.495162,3840,2160,19,3851
cao_qiao_001,3852,128.528529,3840,2160,19,3852
cao_qiao_001,3853,128.561895,3840,2160,19,3853
cao_qiao_001,3854,128.595262,3840,2160,20,3854
cao_qiao_001,3855,128.628629,3840,2160,19,3855
cao_qiao_001,3856,128.661995,3840,2160,19,3856
cao_qiao_001,3857,128.695362,3840,2160,19,3857
cao_qiao_001,3858,128.728729,3840,2160,19,3858
cao_qiao_001,3859,128.762095,3840,2160,18,3859
cao_qiao_001,3860,128.795462,3840,2160,18,3860
cao_qiao_001,3861,128.828829,3840,2160,18,3861
cao_qiao_001,3862,128.862196,3840,2160,18,3862
cao_qiao_001,3863,128.895562,3840,2160,17,3863
cao_qiao_001,3864,128.928929,3840,2160,17,3864
cao_qiao_001,3865,128.962296,3840,2160,18,3865
cao_qiao_001,3866,128.995662,3840,2160,18,3866
cao_qiao_001,3867,129.029029,3840,2160,17,3867
cao_qiao_001,3868,129.062396,3840,2160,17,3868
cao_qiao_001,3869,129.095762,3840,2160,17,3869
cao_qiao_001,3870,129.129129,3840,2160,17,3870
cao_qiao_001,3871,129.162496,3840,2160,17,3871
cao_qiao_001,3872,129.195863,3840,2160,17,3872
cao_qiao_001,3873,129.229229,3840,2160,17,3873
cao_qiao_001,3874,129.262596,3840,2160,17,3874
cao_qiao_001,3875,129.295963,3840,2160,17,3875
cao_qiao_001,3876,129.329329,3840,2160,17,3876
cao_qiao_001,3877,129.362696,3840,2160,17,3877
cao_qiao_001,3878,129.396063,3840,2160,17,3878
cao_qiao_001,3879,129.429429,3840,2160,17,3879
cao_qiao_001,3880,129.462796,3840,2160,17,3880
cao_qiao_001,3881,129.496163,3840,2160,17,3881
cao_qiao_001,3882,129.529530,3840,2160,18,3882
cao_qiao_001,3883,129.562896,3840,2160,18,3883
cao_qiao_001,3884,129.596263,3840,2160,17,3884
cao_qiao_001,3885,129.629630,3840,2160,17,3885
cao_qiao_001,3886,129.662996,3840,2160,18,3886
cao_qiao_001,3887,129.696363,3840,2160,18,3887
cao_qiao_001,3888,129.729730,3840,2160,18,3888
cao_qiao_001,3889,129.763096,3840,2160,18,3889
cao_qiao_001,3890,129.796463,3840,2160,18,3890
cao_qiao_001,3891,129.829830,3840,2160,18,3891
cao_qiao_001,3892,129.863197,3840,2160,18,3892
cao_qiao_001,3893,129.896563,3840,2160,18,3893
cao_qiao_001,3894,129.929930,3840,2160,17,3894
cao_qiao_001,3895,129.963297,3840,2160,17,3895
cao_qiao_001,3896,129.996663,3840,2160,17,3896
cao_qiao_001,3897,130.030030,3840,2160,17,3897
cao_qiao_001,3898,130.063397,3840,2160,17,3898
cao_qiao_001,3899,130.096763,3840,2160,17,3899
cao_qiao_001,3900,130.130130,3840,2160,17,3900
cao_qiao_001,3901,130.163497,3840,2160,17,3901
cao_qiao_001,3902,130.196864,3840,2160,17,3902
cao_qiao_001,3903,130.230230,3840,2160,17,3903
cao_qiao_001,3904,130.263597,3840,2160,17,3904
cao_qiao_001,3905,130.296964,3840,2160,18,3905
cao_qiao_001,3906,130.330330,3840,2160,18,3906
cao_qiao_001,3907,130.363697,3840,2160,18,3907
cao_qiao_001,3908,130.397064,3840,2160,18,3908
cao_qiao_001,3909,130.430430,3840,2160,18,3909
cao_qiao_001,3910,130.463797,3840,2160,17,3910
cao_qiao_001,3911,130.497164,3840,2160,17,3911
cao_qiao_001,3912,130.530531,3840,2160,17,3912
cao_qiao_001,3913,130.563897,3840,2160,17,3913
cao_qiao_001,3914,130.597264,3840,2160,18,3914
cao_qiao_001,3915,130.630631,3840,2160,18,3915
cao_qiao_001,3916,130.663997,3840,2160,18,3916
cao_qiao_001,3917,130.697364,3840,2160,18,3917
cao_qiao_001,3918,130.730731,3840,2160,18,3918
cao_qiao_001,3919,130.764097,3840,2160,19,3919
cao_qiao_001,3920,130.797464,3840,2160,19,3920
cao_qiao_001,3921,130.830831,3840,2160,19,3921
cao_qiao_001,3922,130.864198,3840,2160,19,3922
cao_qiao_001,3923,130.897564,3840,2160,18,3923
cao_qiao_001,3924,130.930931,3840,2160,18,3924
cao_qiao_001,3925,130.964298,3840,2160,18,3925
cao_qiao_001,3926,130.997664,3840,2160,18,3926
cao_qiao_001,3927,131.031031,3840,2160,18,3927
cao_qiao_001,3928,131.064398,3840,2160,18,3928
cao_qiao_001,3929,131.097764,3840,2160,18,3929
cao_qiao_001,3930,131.131131,3840,2160,19,3930
cao_qiao_001,3931,131.164498,3840,2160,18,3931
cao_qiao_001,3932,131.197865,3840,2160,18,3932
cao_qiao_001,3933,131.231231,3840,2160,18,3933
cao_qiao_001,3934,131.264598,3840,2160,18,3934
cao_qiao_001,3935,131.297965,3840,2160,18,3935
cao_qiao_001,3936,131.331331,3840,2160,19,3936
cao_qiao_001,3937,131.364698,3840,2160,20,3937
cao_qiao_001,3938,131.398065,3840,2160,20,3938
cao_qiao_001,3939,131.431431,3840,2160,20,3939
cao_qiao_001,3940,131.464798,3840,2160,20,3940
cao_qiao_001,3941,131.498165,3840,2160,20,3941
cao_qiao_001,3942,131.531532,3840,2160,19,3942
cao_qiao_001,3943,131.564898,3840,2160,19,3943
cao_qiao_001,3944,131.598265,3840,2160,19,3944
cao_qiao_001,3945,131.631632,3840,2160,18,3945
cao_qiao_001,3946,131.664998,3840,2160,18,3946
cao_qiao_001,3947,131.698365,3840,2160,18,3947
cao_qiao_001,3948,131.731732,3840,2160,19,3948
cao_qiao_001,3949,131.765098,3840,2160,19,3949
cao_qiao_001,3950,131.798465,3840,2160,19,3950
cao_qiao_001,3951,131.831832,3840,2160,19,3951
cao_qiao_001,3952,131.865199,3840,2160,20,3952
cao_qiao_001,3953,131.898565,3840,2160,19,3953
cao_qiao_001,3954,131.931932,3840,2160,19,3954
cao_qiao_001,3955,131.965299,3840,2160,20,3955
cao_qiao_001,3956,131.998665,3840,2160,20,3956
cao_qiao_001,3957,132.032032,3840,2160,20,3957
cao_qiao_001,3958,132.065399,3840,2160,19,3958
cao_qiao_001,3959,132.098765,3840,2160,19,3959
cao_qiao_001,3960,132.132132,3840,2160,19,3960
cao_qiao_001,3961,132.165499,3840,2160,19,3961
cao_qiao_001,3962,132.198866,3840,2160,19,3962
cao_qiao_001,3963,132.232232,3840,2160,19,3963
cao_qiao_001,3964,132.265599,3840,2160,19,3964
cao_qiao_001,3965,132.298966,3840,2160,20,3965
cao_qiao_001,3966,132.332332,3840,2160,20,3966
cao_qiao_001,3967,132.365699,3840,2160,19,3967
cao_qiao_001,3968,132.399066,3840,2160,19,3968
cao_qiao_001,3969,132.432432,3840,2160,19,3969
cao_qiao_001,3970,132.465799,3840,2160,19,3970
cao_qiao_001,3971,132.499166,3840,2160,19,3971
cao_qiao_001,3972,132.532533,3840,2160,19,3972
cao_qiao_001,3973,132.565899,3840,2160,19,3973
cao_qiao_001,3974,132.599266,3840,2160,19,3974
cao_qiao_001,3975,132.632633,3840,2160,19,3975
cao_qiao_001,3976,132.665999,3840,2160,19,3976
cao_qiao_001,3977,132.699366,3840,2160,19,3977
cao_qiao_001,3978,132.732733,3840,2160,20,3978
cao_qiao_001,3979,132.766099,3840,2160,20,3979
cao_qiao_001,3980,132.799466,3840,2160,19,3980
cao_qiao_001,3981,132.832833,3840,2160,19,3981
cao_qiao_001,3982,132.866200,3840,2160,19,3982
cao_qiao_001,3983,132.899566,3840,2160,19,3983
cao_qiao_001,3984,132.932933,3840,2160,20,3984
cao_qiao_001,3985,132.966300,3840,2160,20,3985
cao_qiao_001,3986,132.999666,3840,2160,19,3986
cao_qiao_001,3987,133.033033,3840,2160,19,3987
cao_qiao_001,3988,133.066400,3840,2160,19,3988
cao_qiao_001,3989,133.099766,3840,2160,19,3989
cao_qiao_001,3990,133.133133,3840,2160,19,3990
cao_qiao_001,3991,133.166500,3840,2160,19,3991
cao_qiao_001,3992,133.199867,3840,2160,19,3992
cao_qiao_001,3993,133.233233,3840,2160,19,3993
cao_qiao_001,3994,133.266600,3840,2160,19,3994
cao_qiao_001,3995,133.299967,3840,2160,19,3995
cao_qiao_001,3996,133.333333,3840,2160,19,3996
cao_qiao_001,3997,133.366700,3840,2160,19,3997
cao_qiao_001,3998,133.400067,3840,2160,20,3998
cao_qiao_001,3999,133.433433,3840,2160,20,3999
cao_qiao_001,4000,133.466800,3840,2160,20,4000
cao_qiao_001,4001,133.500167,3840,2160,20,4001
cao_qiao_001,4002,133.533534,3840,2160,20,4002
cao_qiao_001,4003,133.566900,3840,2160,19,4003
cao_qiao_001,4004,133.600267,3840,2160,19,4004
cao_qiao_001,4005,133.633634,3840,2160,20,4005
cao_qiao_001,4006,133.667000,3840,2160,20,4006
cao_qiao_001,4007,133.700367,3840,2160,19,4007
cao_qiao_001,4008,133.733734,3840,2160,19,4008
cao_qiao_001,4009,133.767100,3840,2160,19,4009
cao_qiao_001,4010,133.800467,3840,2160,19,4010
cao_qiao_001,4011,133.833834,3840,2160,19,4011
cao_qiao_001,4012,133.867201,3840,2160,19,4012
cao_qiao_001,4013,133.900567,3840,2160,20,4013
cao_qiao_001,4014,133.933934,3840,2160,20,4014
cao_qiao_001,4015,133.967301,3840,2160,20,4015
cao_qiao_001,4016,134.000667,3840,2160,21,4016
cao_qiao_001,4017,134.034034,3840,2160,21,4017
cao_qiao_001,4018,134.067401,3840,2160,21,4018
cao_qiao_001,4019,134.100767,3840,2160,20,4019
cao_qiao_001,4020,134.134134,3840,2160,20,4020
cao_qiao_001,4021,134.167501,3840,2160,20,4021
cao_qiao_001,4022,134.200868,3840,2160,21,4022
cao_qiao_001,4023,134.234234,3840,2160,22,4023
cao_qiao_001,4024,134.267601,3840,2160,23,4024
cao_qiao_001,4025,134.300968,3840,2160,22,4025
cao_qiao_001,4026,134.334334,3840,2160,22,4026
cao_qiao_001,4027,134.367701,3840,2160,22,4027
cao_qiao_001,4028,134.401068,3840,2160,22,4028
cao_qiao_001,4029,134.434434,3840,2160,21,4029
cao_qiao_001,4030,134.467801,3840,2160,21,4030
cao_qiao_001,4031,134.501168,3840,2160,21,4031
cao_qiao_001,4032,134.534535,3840,2160,21,4032
cao_qiao_001,4033,134.567901,3840,2160,22,4033
cao_qiao_001,4034,134.601268,3840,2160,22,4034
cao_qiao_001,4035,134.634635,3840,2160,22,4035
cao_qiao_001,4036,134.668001,3840,2160,22,4036
cao_qiao_001,4037,134.701368,3840,2160,21,4037
cao_qiao_001,4038,134.734735,3840,2160,21,4038
cao_qiao_001,4039,134.768101,3840,2160,21,4039
cao_qiao_001,4040,134.801468,3840,2160,22,4040
cao_qiao_001,4041,134.834835,3840,2160,22,4041
cao_qiao_001,4042,134.868202,3840,2160,22,4042
cao_qiao_001,4043,134.901568,3840,2160,22,4043
cao_qiao_001,4044,134.934935,3840,2160,22,4044
cao_qiao_001,4045,134.968302,3840,2160,22,4045
cao_qiao_001,4046,135.001668,3840,2160,21,4046
cao_qiao_001,4047,135.035035,3840,2160,21,4047
cao_qiao_001,4048,135.068402,3840,2160,21,4048
cao_qiao_001,4049,135.101768,3840,2160,21,4049
cao_qiao_001,4050,135.135135,3840,2160,22,4050
cao_qiao_001,4051,135.168502,3840,2160,22,4051
cao_qiao_001,4052,135.201869,3840,2160,22,4052
cao_qiao_001,4053,135.235235,3840,2160,21,4053
cao_qiao_001,4054,135.268602,3840,2160,21,4054
cao_qiao_001,4055,135.301969,3840,2160,22,4055
cao_qiao_001,4056,135.335335,3840,2160,22,4056
cao_qiao_001,4057,135.368702,3840,2160,22,4057
cao_qiao_001,4058,135.402069,3840,2160,22,4058
cao_qiao_001,4059,135.435435,3840,2160,22,4059
cao_qiao_001,4060,135.468802,3840,2160,21,4060
cao_qiao_001,4061,135.502169,3840,2160,21,4061
cao_qiao_001,4062,135.535536,3840,2160,21,4062
cao_qiao_001,4063,135.568902,3840,2160,22,4063
cao_qiao_001,4064,135.602269,3840,2160,22,4064
cao_qiao_001,4065,135.635636,3840,2160,22,4065
cao_qiao_001,4066,135.669002,3840,2160,22,4066
cao_qiao_001,4067,135.702369,3840,2160,22,4067
cao_qiao_001,4068,135.735736,3840,2160,22,4068
cao_qiao_001,4069,135.769102,3840,2160,22,4069
cao_qiao_001,4070,135.802469,3840,2160,21,4070
cao_qiao_001,4071,135.835836,3840,2160,21,4071
cao_qiao_001,4072,135.869203,3840,2160,21,4072
cao_qiao_001,4073,135.902569,3840,2160,21,4073
cao_qiao_001,4074,135.935936,3840,2160,20,4074
cao_qiao_001,4075,135.969303,3840,2160,22,4075
cao_qiao_001,4076,136.002669,3840,2160,22,4076
cao_qiao_001,4077,136.036036,3840,2160,21,4077
cao_qiao_001,4078,136.069403,3840,2160,20,4078
cao_qiao_001,4079,136.102769,3840,2160,20,4079
cao_qiao_001,4080,136.136136,3840,2160,20,4080
cao_qiao_001,4081,136.169503,3840,2160,21,4081
cao_qiao_001,4082,136.202870,3840,2160,21,4082
cao_qiao_001,4083,136.236236,3840,2160,21,4083
cao_qiao_001,4084,136.269603,3840,2160,21,4084
cao_qiao_001,4085,136.302970,3840,2160,21,4085
cao_qiao_001,4086,136.336336,3840,2160,21,4086
cao_qiao_001,4087,136.369703,3840,2160,21,4087
cao_qiao_001,4088,136.403070,3840,2160,21,4088
cao_qiao_001,4089,136.436436,3840,2160,21,4089
cao_qiao_001,4090,136.469803,3840,2160,20,4090
cao_qiao_001,4091,136.503170,3840,2160,20,4091
cao_qiao_001,4092,136.536537,3840,2160,20,4092
cao_qiao_001,4093,136.569903,3840,2160,20,4093
cao_qiao_001,4094,136.603270,3840,2160,20,4094
cao_qiao_001,4095,136.636637,3840,2160,20,4095
cao_qiao_001,4096,136.670003,3840,2160,20,4096
cao_qiao_001,4097,136.703370,3840,2160,20,4097
cao_qiao_001,4098,136.736737,3840,2160,20,4098
cao_qiao_001,4099,136.770103,3840,2160,20,4099
cao_qiao_001,4100,136.803470,3840,2160,20,4100
cao_qiao_001,4101,136.836837,3840,2160,20,4101
cao_qiao_001,4102,136.870204,3840,2160,20,4102
cao_qiao_001,4103,136.903570,3840,2160,20,4103
cao_qiao_001,4104,136.936937,3840,2160,20,4104
cao_qiao_001,4105,136.970304,3840,2160,20,4105
cao_qiao_001,4106,137.003670,3840,2160,20,4106
cao_qiao_001,4107,137.037037,3840,2160,22,4107
cao_qiao_001,4108,137.070404,3840,2160,23,4108
cao_qiao_001,4109,137.103770,3840,2160,23,4109
cao_qiao_001,4110,137.137137,3840,2160,22,4110
cao_qiao_001,4111,137.170504,3840,2160,22,4111
cao_qiao_001,4112,137.203871,3840,2160,22,4112
cao_qiao_001,4113,137.237237,3840,2160,21,4113
cao_qiao_001,4114,137.270604,3840,2160,21,4114
cao_qiao_001,4115,137.303971,3840,2160,21,4115
cao_qiao_001,4116,137.337337,3840,2160,21,4116
cao_qiao_001,4117,137.370704,3840,2160,21,4117
cao_qiao_001,4118,137.404071,3840,2160,21,4118
cao_qiao_001,4119,137.437437,3840,2160,21,4119
cao_qiao_001,4120,137.470804,3840,2160,21,4120
cao_qiao_001,4121,137.504171,3840,2160,21,4121
cao_qiao_001,4122,137.537538,3840,2160,21,4122
cao_qiao_001,4123,137.570904,3840,2160,22,4123
cao_qiao_001,4124,137.604271,3840,2160,22,4124
cao_qiao_001,4125,137.637638,3840,2160,22,4125
cao_qiao_001,4126,137.671004,3840,2160,22,4126
cao_qiao_001,4127,137.704371,3840,2160,22,4127
cao_qiao_001,4128,137.737738,3840,2160,22,4128
cao_qiao_001,4129,137.771104,3840,2160,22,4129
cao_qiao_001,4130,137.804471,3840,2160,22,4130
cao_qiao_001,4131,137.837838,3840,2160,22,4131
cao_qiao_001,4132,137.871205,3840,2160,22,4132
cao_qiao_001,4133,137.904571,3840,2160,22,4133
cao_qiao_001,4134,137.937938,3840,2160,22,4134
cao_qiao_001,4135,137.971305,3840,2160,22,4135
cao_qiao_001,4136,138.004671,3840,2160,22,4136
cao_qiao_001,4137,138.038038,3840,2160,23,4137
cao_qiao_001,4138,138.071405,3840,2160,23,4138
cao_qiao_001,4139,138.104771,3840,2160,23,4139
cao_qiao_001,4140,138.138138,3840,2160,23,4140
cao_qiao_001,4141,138.171505,3840,2160,23,4141
cao_qiao_001,4142,138.204872,3840,2160,22,4142
cao_qiao_001,4143,138.238238,3840,2160,22,4143
cao_qiao_001,4144,138.271605,3840,2160,22,4144
cao_qiao_001,4145,138.304972,3840,2160,22,4145
cao_qiao_001,4146,138.338338,3840,2160,22,4146
cao_qiao_001,4147,138.371705,3840,2160,22,4147
cao_qiao_001,4148,138.405072,3840,2160,22,4148
cao_qiao_001,4149,138.438438,3840,2160,22,4149
cao_qiao_001,4150,138.471805,3840,2160,22,4150
cao_qiao_001,4151,138.505172,3840,2160,21,4151
cao_qiao_001,4152,138.538539,3840,2160,21,4152
cao_qiao_001,4153,138.571905,3840,2160,21,4153
cao_qiao_001,4154,138.605272,3840,2160,22,4154
cao_qiao_001,4155,138.638639,3840,2160,22,4155
cao_qiao_001,4156,138.672005,3840,2160,22,4156
cao_qiao_001,4157,138.705372,3840,2160,21,4157
cao_qiao_001,4158,138.738739,3840,2160,21,4158
cao_qiao_001,4159,138.772105,3840,2160,21,4159
cao_qiao_001,4160,138.805472,3840,2160,21,4160
cao_qiao_001,4161,138.838839,3840,2160,21,4161
cao_qiao_001,4162,138.872206,3840,2160,21,4162
cao_qiao_001,4163,138.905572,3840,2160,21,4163
cao_qiao_001,4164,138.938939,3840,2160,21,4164
cao_qiao_001,4165,138.972306,3840,2160,22,4165
cao_qiao_001,4166,139.005672,3840,2160,21,4166
cao_qiao_001,4167,139.039039,3840,2160,21,4167
cao_qiao_001,4168,139.072406,3840,2160,21,4168
cao_qiao_001,4169,139.105772,3840,2160,21,4169
cao_qiao_001,4170,139.139139,3840,2160,21,4170
cao_qiao_001,4171,139.172506,3840,2160,21,4171
cao_qiao_001,4172,139.205873,3840,2160,22,4172
cao_qiao_001,4173,139.239239,3840,2160,21,4173
cao_qiao_001,4174,139.272606,3840,2160,21,4174
cao_qiao_001,4175,139.305973,3840,2160,21,4175
cao_qiao_001,4176,139.339339,3840,2160,21,4176
cao_qiao_001,4177,139.372706,3840,2160,22,4177
cao_qiao_001,4178,139.406073,3840,2160,21,4178
cao_qiao_001,4179,139.439439,3840,2160,21,4179
cao_qiao_001,4180,139.472806,3840,2160,22,4180
cao_qiao_001,4181,139.506173,3840,2160,22,4181
cao_qiao_001,4182,139.539540,3840,2160,21,4182
cao_qiao_001,4183,139.572906,3840,2160,21,4183
cao_qiao_001,4184,139.606273,3840,2160,21,4184
cao_qiao_001,4185,139.639640,3840,2160,22,4185
cao_qiao_001,4186,139.673006,3840,2160,22,4186
cao_qiao_001,4187,139.706373,3840,2160,22,4187
cao_qiao_001,4188,139.739740,3840,2160,21,4188
cao_qiao_001,4189,139.773106,3840,2160,21,4189
cao_qiao_001,4190,139.806473,3840,2160,21,4190
cao_qiao_001,4191,139.839840,3840,2160,22,4191
cao_qiao_001,4192,139.873207,3840,2160,22,4192
cao_qiao_001,4193,139.906573,3840,2160,21,4193
cao_qiao_001,4194,139.939940,3840,2160,21,4194
cao_qiao_001,4195,139.973307,3840,2160,22,4195
cao_qiao_001,4196,140.006673,3840,2160,22,4196
cao_qiao_001,4197,140.040040,3840,2160,22,4197
cao_qiao_001,4198,140.073407,3840,2160,22,4198
cao_qiao_001,4199,140.106773,3840,2160,22,4199
cao_qiao_001,4200,140.140140,3840,2160,22,4200
cao_qiao_001,4201,140.173507,3840,2160,22,4201
cao_qiao_001,4202,140.206874,3840,2160,22,4202
cao_qiao_001,4203,140.240240,3840,2160,21,4203
cao_qiao_001,4204,140.273607,3840,2160,21,4204
cao_qiao_001,4205,140.306974,3840,2160,21,4205
cao_qiao_001,4206,140.340340,3840,2160,22,4206
cao_qiao_001,4207,140.373707,3840,2160,22,4207
cao_qiao_001,4208,140.407074,3840,2160,22,4208
cao_qiao_001,4209,140.440440,3840,2160,22,4209
cao_qiao_001,4210,140.473807,3840,2160,21,4210
cao_qiao_001,4211,140.507174,3840,2160,22,4211
cao_qiao_001,4212,140.540541,3840,2160,22,4212
cao_qiao_001,4213,140.573907,3840,2160,23,4213
cao_qiao_001,4214,140.607274,3840,2160,22,4214
cao_qiao_001,4215,140.640641,3840,2160,22,4215
cao_qiao_001,4216,140.674007,3840,2160,22,4216
cao_qiao_001,4217,140.707374,3840,2160,22,4217
cao_qiao_001,4218,140.740741,3840,2160,22,4218
cao_qiao_001,4219,140.774107,3840,2160,21,4219
cao_qiao_001,4220,140.807474,3840,2160,22,4220
cao_qiao_001,4221,140.840841,3840,2160,22,4221
cao_qiao_001,4222,140.874208,3840,2160,21,4222
cao_qiao_001,4223,140.907574,3840,2160,21,4223
cao_qiao_001,4224,140.940941,3840,2160,21,4224
cao_qiao_001,4225,140.974308,3840,2160,21,4225
cao_qiao_001,4226,141.007674,3840,2160,23,4226
cao_qiao_001,4227,141.041041,3840,2160,22,4227
cao_qiao_001,4228,141.074408,3840,2160,21,4228
cao_qiao_001,4229,141.107774,3840,2160,21,4229
cao_qiao_001,4230,141.141141,3840,2160,21,4230
cao_qiao_001,4231,141.174508,3840,2160,22,4231
cao_qiao_001,4232,141.207875,3840,2160,22,4232
cao_qiao_001,4233,141.241241,3840,2160,23,4233
cao_qiao_001,4234,141.274608,3840,2160,23,4234
cao_qiao_001,4235,141.307975,3840,2160,23,4235
cao_qiao_001,4236,141.341341,3840,2160,23,4236
cao_qiao_001,4237,141.374708,3840,2160,23,4237
cao_qiao_001,4238,141.408075,3840,2160,23,4238
cao_qiao_001,4239,141.441441,3840,2160,23,4239
cao_qiao_001,4240,141.474808,3840,2160,23,4240
cao_qiao_001,4241,141.508175,3840,2160,23,4241
cao_qiao_001,4242,141.541542,3840,2160,23,4242
cao_qiao_001,4243,141.574908,3840,2160,22,4243
cao_qiao_001,4244,141.608275,3840,2160,22,4244
cao_qiao_001,4245,141.641642,3840,2160,21,4245
cao_qiao_001,4246,141.675008,3840,2160,22,4246
cao_qiao_001,4247,141.708375,3840,2160,23,4247
cao_qiao_001,4248,141.741742,3840,2160,21,4248
cao_qiao_001,4249,141.775108,3840,2160,21,4249
cao_qiao_001,4250,141.808475,3840,2160,19,4250
cao_qiao_001,4251,141.841842,3840,2160,19,4251
cao_qiao_001,4252,141.875209,3840,2160,19,4252
cao_qiao_001,4253,141.908575,3840,2160,21,4253
cao_qiao_001,4254,141.941942,3840,2160,22,4254
cao_qiao_001,4255,141.975309,3840,2160,21,4255
cao_qiao_001,4256,142.008675,3840,2160,21,4256
cao_qiao_001,4257,142.042042,3840,2160,21,4257
cao_qiao_001,4258,142.075409,3840,2160,22,4258
cao_qiao_001,4259,142.108775,3840,2160,21,4259
cao_qiao_001,4260,142.142142,3840,2160,22,4260
cao_qiao_001,4261,142.175509,3840,2160,22,4261
cao_qiao_001,4262,142.208876,3840,2160,20,4262
cao_qiao_001,4263,142.242242,3840,2160,20,4263
cao_qiao_001,4264,142.275609,3840,2160,20,4264
cao_qiao_001,4265,142.308976,3840,2160,20,4265
cao_qiao_001,4266,142.342342,3840,2160,21,4266
cao_qiao_001,4267,142.375709,3840,2160,19,4267
cao_qiao_001,4268,142.409076,3840,2160,19,4268
cao_qiao_001,4269,142.442442,3840,2160,19,4269
cao_qiao_001,4270,142.475809,3840,2160,21,4270
cao_qiao_001,4271,142.509176,3840,2160,20,4271
cao_qiao_001,4272,142.542543,3840,2160,20,4272
cao_qiao_001,4273,142.575909,3840,2160,19,4273
cao_qiao_001,4274,142.609276,3840,2160,20,4274
cao_qiao_001,4275,142.642643,3840,2160,19,4275
cao_qiao_001,4276,142.676009,3840,2160,20,4276
cao_qiao_001,4277,142.709376,3840,2160,20,4277
cao_qiao_001,4278,142.742743,3840,2160,21,4278
cao_qiao_001,4279,142.776109,3840,2160,21,4279
cao_qiao_001,4280,142.809476,3840,2160,21,4280
cao_qiao_001,4281,142.842843,3840,2160,20,4281
cao_qiao_001,4282,142.876210,3840,2160,20,4282
cao_qiao_001,4283,142.909576,3840,2160,20,4283
cao_qiao_001,4284,142.942943,3840,2160,20,4284
cao_qiao_001,4285,142.976310,3840,2160,20,4285
cao_qiao_001,4286,143.009676,3840,2160,20,4286
cao_qiao_001,4287,143.043043,3840,2160,20,4287
cao_qiao_001,4288,143.076410,3840,2160,20,4288
cao_qiao_001,4289,143.109776,3840,2160,21,4289
cao_qiao_001,4290,143.143143,3840,2160,21,4290
cao_qiao_001,4291,143.176510,3840,2160,21,4291
cao_qiao_001,4292,143.209877,3840,2160,20,4292
cao_qiao_001,4293,143.243243,3840,2160,20,4293
cao_qiao_001,4294,143.276610,3840,2160,20,4294
cao_qiao_001,4295,143.309977,3840,2160,20,4295
cao_qiao_001,4296,143.343343,3840,2160,20,4296
cao_qiao_001,4297,143.376710,3840,2160,20,4297
cao_qiao_001,4298,143.410077,3840,2160,20,4298
cao_qiao_001,4299,143.443443,3840,2160,20,4299
cao_qiao_001,4300,143.476810,3840,2160,21,4300
cao_qiao_001,4301,143.510177,3840,2160,21,4301
cao_qiao_001,4302,143.543544,3840,2160,21,4302
cao_qiao_001,4303,143.576910,3840,2160,20,4303
cao_qiao_001,4304,143.610277,3840,2160,20,4304
cao_qiao_001,4305,143.643644,3840,2160,20,4305
cao_qiao_001,4306,143.677010,3840,2160,19,4306
cao_qiao_001,4307,143.710377,3840,2160,19,4307
cao_qiao_001,4308,143.743744,3840,2160,20,4308
cao_qiao_001,4309,143.777110,3840,2160,19,4309
cao_qiao_001,4310,143.810477,3840,2160,19,4310
cao_qiao_001,4311,143.843844,3840,2160,19,4311
cao_qiao_001,4312,143.877211,3840,2160,20,4312
cao_qiao_001,4313,143.910577,3840,2160,20,4313
cao_qiao_001,4314,143.943944,3840,2160,20,4314
cao_qiao_001,4315,143.977311,3840,2160,20,4315
cao_qiao_001,4316,144.010677,3840,2160,20,4316
cao_qiao_001,4317,144.044044,3840,2160,20,4317
cao_qiao_001,4318,144.077411,3840,2160,19,4318
cao_qiao_001,4319,144.110777,3840,2160,19,4319
cao_qiao_001,4320,144.144144,3840,2160,19,4320
cao_qiao_001,4321,144.177511,3840,2160,18,4321
cao_qiao_001,4322,144.210878,3840,2160,19,4322
cao_qiao_001,4323,144.244244,3840,2160,18,4323
cao_qiao_001,4324,144.277611,3840,2160,18,4324
cao_qiao_001,4325,144.310978,3840,2160,18,4325
cao_qiao_001,4326,144.344344,3840,2160,18,4326
cao_qiao_001,4327,144.377711,3840,2160,18,4327
cao_qiao_001,4328,144.411078,3840,2160,17,4328
cao_qiao_001,4329,144.444444,3840,2160,18,4329
cao_qiao_001,4330,144.477811,3840,2160,17,4330
cao_qiao_001,4331,144.511178,3840,2160,18,4331
cao_qiao_001,4332,144.544545,3840,2160,18,4332
cao_qiao_001,4333,144.577911,3840,2160,17,4333
cao_qiao_001,4334,144.611278,3840,2160,17,4334
cao_qiao_001,4335,144.644645,3840,2160,17,4335
cao_qiao_001,4336,144.678011,3840,2160,18,4336
cao_qiao_001,4337,144.711378,3840,2160,19,4337
cao_qiao_001,4338,144.744745,3840,2160,19,4338
cao_qiao_001,4339,144.778111,3840,2160,19,4339
cao_qiao_001,4340,144.811478,3840,2160,19,4340
cao_qiao_001,4341,144.844845,3840,2160,19,4341
cao_qiao_001,4342,144.878212,3840,2160,19,4342
cao_qiao_001,4343,144.911578,3840,2160,19,4343
cao_qiao_001,4344,144.944945,3840,2160,19,4344
cao_qiao_001,4345,144.978312,3840,2160,18,4345
cao_qiao_001,4346,145.011678,3840,2160,18,4346
cao_qiao_001,4347,145.045045,3840,2160,18,4347
cao_qiao_001,4348,145.078412,3840,2160,19,4348
cao_qiao_001,4349,145.111778,3840,2160,19,4349
cao_qiao_001,4350,145.145145,3840,2160,19,4350
cao_qiao_001,4351,145.178512,3840,2160,19,4351
cao_qiao_001,4352,145.211879,3840,2160,19,4352
cao_qiao_001,4353,145.245245,3840,2160,19,4353
cao_qiao_001,4354,145.278612,3840,2160,19,4354
cao_qiao_001,4355,145.311979,3840,2160,19,4355
cao_qiao_001,4356,145.345345,3840,2160,18,4356
cao_qiao_001,4357,145.378712,3840,2160,18,4357
cao_qiao_001,4358,145.412079,3840,2160,18,4358
cao_qiao_001,4359,145.445445,3840,2160,19,4359
cao_qiao_001,4360,145.478812,3840,2160,19,4360
cao_qiao_001,4361,145.512179,3840,2160,19,4361
cao_qiao_001,4362,145.545546,3840,2160,19,4362
cao_qiao_001,4363,145.578912,3840,2160,18,4363
cao_qiao_001,4364,145.612279,3840,2160,19,4364
cao_qiao_001,4365,145.645646,3840,2160,19,4365
cao_qiao_001,4366,145.679012,3840,2160,19,4366
cao_qiao_001,4367,145.712379,3840,2160,19,4367
cao_qiao_001,4368,145.745746,3840,2160,18,4368
cao_qiao_001,4369,145.779112,3840,2160,19,4369
cao_qiao_001,4370,145.812479,3840,2160,19,4370
cao_qiao_001,4371,145.845846,3840,2160,19,4371
cao_qiao_001,4372,145.879213,3840,2160,18,4372
cao_qiao_001,4373,145.912579,3840,2160,19,4373
cao_qiao_001,4374,145.945946,3840,2160,20,4374
cao_qiao_001,4375,145.979313,3840,2160,20,4375
cao_qiao_001,4376,146.012679,3840,2160,19,4376
cao_qiao_001,4377,146.046046,3840,2160,19,4377
cao_qiao_001,4378,146.079413,3840,2160,19,4378
cao_qiao_001,4379,146.112779,3840,2160,19,4379
cao_qiao_001,4380,146.146146,3840,2160,19,4380
cao_qiao_001,4381,146.179513,3840,2160,19,4381
cao_qiao_001,4382,146.212880,3840,2160,19,4382
cao_qiao_001,4383,146.246246,3840,2160,19,4383
cao_qiao_001,4384,146.279613,3840,2160,19,4384
cao_qiao_001,4385,146.312980,3840,2160,19,4385
cao_qiao_001,4386,146.346346,3840,2160,19,4386
cao_qiao_001,4387,146.379713,3840,2160,19,4387
cao_qiao_001,4388,146.413080,3840,2160,19,4388
cao_qiao_001,4389,146.446446,3840,2160,19,4389
cao_qiao_001,4390,146.479813,3840,2160,19,4390
cao_qiao_001,4391,146.513180,3840,2160,19,4391
cao_qiao_001,4392,146.546547,3840,2160,19,4392
cao_qiao_001,4393,146.579913,3840,2160,19,4393
cao_qiao_001,4394,146.613280,3840,2160,18,4394
cao_qiao_001,4395,146.646647,3840,2160,18,4395
cao_qiao_001,4396,146.680013,3840,2160,17,4396
cao_qiao_001,4397,146.713380,3840,2160,17,4397
cao_qiao_001,4398,146.746747,3840,2160,17,4398
cao_qiao_001,4399,146.780113,3840,2160,19,4399
cao_qiao_001,4400,146.813480,3840,2160,19,4400
cao_qiao_001,4401,146.846847,3840,2160,19,4401
cao_qiao_001,4402,146.880214,3840,2160,20,4402
cao_qiao_001,4403,146.913580,3840,2160,20,4403
cao_qiao_001,4404,146.946947,3840,2160,19,4404
cao_qiao_001,4405,146.980314,3840,2160,19,4405
cao_qiao_001,4406,147.013680,3840,2160,19,4406
cao_qiao_001,4407,147.047047,3840,2160,19,4407
cao_qiao_001,4408,147.080414,3840,2160,19,4408
cao_qiao_001,4409,147.113780,3840,2160,19,4409
cao_qiao_001,4410,147.147147,3840,2160,19,4410
cao_qiao_001,4411,147.180514,3840,2160,18,4411
cao_qiao_001,4412,147.213881,3840,2160,18,4412
cao_qiao_001,4413,147.247247,3840,2160,19,4413
cao_qiao_001,4414,147.280614,3840,2160,19,4414
cao_qiao_001,4415,147.313981,3840,2160,19,4415
cao_qiao_001,4416,147.347347,3840,2160,19,4416
cao_qiao_001,4417,147.380714,3840,2160,19,4417
cao_qiao_001,4418,147.414081,3840,2160,19,4418
cao_qiao_001,4419,147.447447,3840,2160,18,4419
cao_qiao_001,4420,147.480814,3840,2160,18,4420
cao_qiao_001,4421,147.514181,3840,2160,18,4421
cao_qiao_001,4422,147.547548,3840,2160,19,4422
cao_qiao_001,4423,147.580914,3840,2160,19,4423
cao_qiao_001,4424,147.614281,3840,2160,18,4424
cao_qiao_001,4425,147.647648,3840,2160,18,4425
cao_qiao_001,4426,147.681014,3840,2160,18,4426
cao_qiao_001,4427,147.714381,3840,2160,18,4427
cao_qiao_001,4428,147.747748,3840,2160,18,4428
cao_qiao_001,4429,147.781114,3840,2160,19,4429
cao_qiao_001,4430,147.814481,3840,2160,19,4430
cao_qiao_001,4431,147.847848,3840,2160,19,4431
cao_qiao_001,4432,147.881215,3840,2160,19,4432
cao_qiao_001,4433,147.914581,3840,2160,19,4433
cao_qiao_001,4434,147.947948,3840,2160,20,4434
cao_qiao_001,4435,147.981315,3840,2160,19,4435
cao_qiao_001,4436,148.014681,3840,2160,19,4436
cao_qiao_001,4437,148.048048,3840,2160,20,4437
cao_qiao_001,4438,148.081415,3840,2160,19,4438
cao_qiao_001,4439,148.114781,3840,2160,18,4439
cao_qiao_001,4440,148.148148,3840,2160,18,4440
cao_qiao_001,4441,148.181515,3840,2160,18,4441
cao_qiao_001,4442,148.214882,3840,2160,18,4442
cao_qiao_001,4443,148.248248,3840,2160,18,4443
cao_qiao_001,4444,148.281615,3840,2160,18,4444
cao_qiao_001,4445,148.314982,3840,2160,18,4445
cao_qiao_001,4446,148.348348,3840,2160,18,4446
cao_qiao_001,4447,148.381715,3840,2160,18,4447
cao_qiao_001,4448,148.415082,3840,2160,18,4448
cao_qiao_001,4449,148.448448,3840,2160,18,4449
cao_qiao_001,4450,148.481815,3840,2160,18,4450
cao_qiao_001,4451,148.515182,3840,2160,18,4451
cao_qiao_001,4452,148.548549,3840,2160,18,4452
cao_qiao_001,4453,148.581915,3840,2160,18,4453
cao_qiao_001,4454,148.615282,3840,2160,18,4454
cao_qiao_001,4455,148.648649,3840,2160,18,4455
cao_qiao_001,4456,148.682015,3840,2160,18,4456
cao_qiao_001,4457,148.715382,3840,2160,18,4457
cao_qiao_001,4458,148.748749,3840,2160,18,4458
cao_qiao_001,4459,148.782115,3840,2160,18,4459
cao_qiao_001,4460,148.815482,3840,2160,18,4460
cao_qiao_001,4461,148.848849,3840,2160,18,4461
cao_qiao_001,4462,148.882216,3840,2160,18,4462
cao_qiao_001,4463,148.915582,3840,2160,18,4463
cao_qiao_001,4464,148.948949,3840,2160,18,4464
cao_qiao_001,4465,148.982316,3840,2160,18,4465
cao_qiao_001,4466,149.015682,3840,2160,18,4466
cao_qiao_001,4467,149.049049,3840,2160,18,4467
cao_qiao_001,4468,149.082416,3840,2160,18,4468
cao_qiao_001,4469,149.115782,3840,2160,18,4469
cao_qiao_001,4470,149.149149,3840,2160,18,4470
cao_qiao_001,4471,149.182516,3840,2160,18,4471
cao_qiao_001,4472,149.215883,3840,2160,18,4472
cao_qiao_001,4473,149.249249,3840,2160,18,4473
cao_qiao_001,4474,149.282616,3840,2160,18,4474
cao_qiao_001,4475,149.315983,3840,2160,18,4475
cao_qiao_001,4476,149.349349,3840,2160,18,4476
cao_qiao_001,4477,149.382716,3840,2160,18,4477
cao_qiao_001,4478,149.416083,3840,2160,19,4478
cao_qiao_001,4479,149.449449,3840,2160,19,4479
cao_qiao_001,4480,149.482816,3840,2160,18,4480
cao_qiao_001,4481,149.516183,3840,2160,18,4481
cao_qiao_001,4482,149.549550,3840,2160,18,4482
cao_qiao_001,4483,149.582916,3840,2160,18,4483
cao_qiao_001,4484,149.616283,3840,2160,18,4484
cao_qiao_001,4485,149.649650,3840,2160,18,4485
cao_qiao_001,4486,149.683016,3840,2160,18,4486
cao_qiao_001,4487,149.716383,3840,2160,18,4487
cao_qiao_001,4488,149.749750,3840,2160,19,4488
cao_qiao_001,4489,149.783116,3840,2160,18,4489
cao_qiao_001,4490,149.816483,3840,2160,18,4490
cao_qiao_001,4491,149.849850,3840,2160,18,4491
cao_qiao_001,4492,149.883217,3840,2160,18,4492
cao_qiao_001,4493,149.916583,3840,2160,18,4493
cao_qiao_001,4494,149.949950,3840,2160,18,4494
cao_qiao_001,4495,149.983317,3840,2160,18,4495
cao_qiao_001,4496,150.016683,3840,2160,18,4496
cao_qiao_001,4497,150.050050,3840,2160,18,4497
cao_qiao_001,4498,150.083417,3840,2160,18,4498
cao_qiao_001,4499,150.116783,3840,2160,18,4499
cao_qiao_001,4500,150.150150,3840,2160,18,4500
cao_qiao_001,4501,150.183517,3840,2160,18,4501
cao_qiao_001,4502,150.216884,3840,2160,18,4502
cao_qiao_001,4503,150.250250,3840,2160,18,4503
cao_qiao_001,4504,150.283617,3840,2160,18,4504
cao_qiao_001,4505,150.316984,3840,2160,19,4505
cao_qiao_001,4506,150.350350,3840,2160,19,4506
cao_qiao_001,4507,150.383717,3840,2160,18,4507
cao_qiao_001,4508,150.417084,3840,2160,18,4508
cao_qiao_001,4509,150.450450,3840,2160,18,4509
cao_qiao_001,4510,150.483817,3840,2160,19,4510
cao_qiao_001,4511,150.517184,3840,2160,19,4511
cao_qiao_001,4512,150.550551,3840,2160,19,4512
cao_qiao_001,4513,150.583917,3840,2160,19,4513
cao_qiao_001,4514,150.617284,3840,2160,18,4514
cao_qiao_001,4515,150.650651,3840,2160,18,4515
cao_qiao_001,4516,150.684017,3840,2160,18,4516
cao_qiao_001,4517,150.717384,3840,2160,18,4517
cao_qiao_001,4518,150.750751,3840,2160,18,4518
cao_qiao_001,4519,150.784117,3840,2160,18,4519
cao_qiao_001,4520,150.817484,3840,2160,19,4520
cao_qiao_001,4521,150.850851,3840,2160,19,4521
cao_qiao_001,4522,150.884218,3840,2160,18,4522
cao_qiao_001,4523,150.917584,3840,2160,18,4523
cao_qiao_001,4524,150.950951,3840,2160,18,4524
cao_qiao_001,4525,150.984318,3840,2160,18,4525
cao_qiao_001,4526,151.017684,3840,2160,18,4526
cao_qiao_001,4527,151.051051,3840,2160,19,4527
cao_qiao_001,4528,151.084418,3840,2160,18,4528
cao_qiao_001,4529,151.117784,3840,2160,18,4529
cao_qiao_001,4530,151.151151,3840,2160,18,4530
cao_qiao_001,4531,151.184518,3840,2160,18,4531
cao_qiao_001,4532,151.217885,3840,2160,19,4532
cao_qiao_001,4533,151.251251,3840,2160,20,4533
cao_qiao_001,4534,151.284618,3840,2160,20,4534
cao_qiao_001,4535,151.317985,3840,2160,19,4535
cao_qiao_001,4536,151.351351,3840,2160,19,4536
cao_qiao_001,4537,151.384718,3840,2160,18,4537
cao_qiao_001,4538,151.418085,3840,2160,18,4538
cao_qiao_001,4539,151.451451,3840,2160,18,4539
cao_qiao_001,4540,151.484818,3840,2160,18,4540
cao_qiao_001,4541,151.518185,3840,2160,18,4541
cao_qiao_001,4542,151.551552,3840,2160,18,4542
cao_qiao_001,4543,151.584918,3840,2160,18,4543
cao_qiao_001,4544,151.618285,3840,2160,18,4544
cao_qiao_001,4545,151.651652,3840,2160,18,4545
cao_qiao_001,4546,151.685018,3840,2160,17,4546
cao_qiao_001,4547,151.718385,3840,2160,17,4547
cao_qiao_001,4548,151.751752,3840,2160,17,4548
cao_qiao_001,4549,151.785118,3840,2160,17,4549
cao_qiao_001,4550,151.818485,3840,2160,17,4550
cao_qiao_001,4551,151.851852,3840,2160,18,4551
cao_qiao_001,4552,151.885219,3840,2160,18,4552
cao_qiao_001,4553,151.918585,3840,2160,18,4553
cao_qiao_001,4554,151.951952,3840,2160,18,4554
cao_qiao_001,4555,151.985319,3840,2160,17,4555
cao_qiao_001,4556,152.018685,3840,2160,17,4556
cao_qiao_001,4557,152.052052,3840,2160,17,4557
cao_qiao_001,4558,152.085419,3840,2160,17,4558
cao_qiao_001,4559,152.118785,3840,2160,17,4559
cao_qiao_001,4560,152.152152,3840,2160,16,4560
cao_qiao_001,4561,152.185519,3840,2160,16,4561
cao_qiao_001,4562,152.218886,3840,2160,16,4562
cao_qiao_001,4563,152.252252,3840,2160,16,4563
cao_qiao_001,4564,152.285619,3840,2160,16,4564
cao_qiao_001,4565,152.318986,3840,2160,16,4565
cao_qiao_001,4566,152.352352,3840,2160,16,4566
cao_qiao_001,4567,152.385719,3840,2160,16,4567
cao_qiao_001,4568,152.419086,3840,2160,17,4568
cao_qiao_001,4569,152.452452,3840,2160,17,4569
cao_qiao_001,4570,152.485819,3840,2160,16,4570
cao_qiao_001,4571,152.519186,3840,2160,15,4571
cao_qiao_001,4572,152.552553,3840,2160,15,4572
cao_qiao_001,4573,152.585919,3840,2160,15,4573
cao_qiao_001,4574,152.619286,3840,2160,15,4574
cao_qiao_001,4575,152.652653,3840,2160,15,4575
cao_qiao_001,4576,152.686019,3840,2160,16,4576
cao_qiao_001,4577,152.719386,3840,2160,16,4577
cao_qiao_001,4578,152.752753,3840,2160,16,4578
cao_qiao_001,4579,152.786119,3840,2160,15,4579
cao_qiao_001,4580,152.819486,3840,2160,15,4580
cao_qiao_001,4581,152.852853,3840,2160,15,4581
cao_qiao_001,4582,152.886220,3840,2160,16,4582
cao_qiao_001,4583,152.919586,3840,2160,16,4583
cao_qiao_001,4584,152.952953,3840,2160,16,4584
cao_qiao_001,4585,152.986320,3840,2160,16,4585
cao_qiao_001,4586,153.019686,3840,2160,16,4586
cao_qiao_001,4587,153.053053,3840,2160,16,4587
cao_qiao_001,4588,153.086420,3840,2160,16,4588
cao_qiao_001,4589,153.119786,3840,2160,17,4589
cao_qiao_001,4590,153.153153,3840,2160,17,4590
cao_qiao_001,4591,153.186520,3840,2160,17,4591
cao_qiao_001,4592,153.219887,3840,2160,16,4592
cao_qiao_001,4593,153.253253,3840,2160,16,4593
cao_qiao_001,4594,153.286620,3840,2160,16,4594
cao_qiao_001,4595,153.319987,3840,2160,16,4595
cao_qiao_001,4596,153.353353,3840,2160,16,4596
cao_qiao_001,4597,153.386720,3840,2160,15,4597
cao_qiao_001,4598,153.420087,3840,2160,15,4598
cao_qiao_001,4599,153.453453,3840,2160,15,4599
cao_qiao_001,4600,153.486820,3840,2160,15,4600
cao_qiao_001,4601,153.520187,3840,2160,15,4601
cao_qiao_001,4602,153.553554,3840,2160,15,4602
cao_qiao_001,4603,153.586920,3840,2160,15,4603
cao_qiao_001,4604,153.620287,3840,2160,15,4604
cao_qiao_001,4605,153.653654,3840,2160,15,4605
cao_qiao_001,4606,153.687020,3840,2160,15,4606
cao_qiao_001,4607,153.720387,3840,2160,18,4607
cao_qiao_001,4608,153.753754,3840,2160,16,4608
cao_qiao_001,4609,153.787120,3840,2160,16,4609
cao_qiao_001,4610,153.820487,3840,2160,16,4610
cao_qiao_001,4611,153.853854,3840,2160,16,4611
cao_qiao_001,4612,153.887221,3840,2160,16,4612
cao_qiao_001,4613,153.920587,3840,2160,16,4613
cao_qiao_001,4614,153.953954,3840,2160,16,4614
cao_qiao_001,4615,153.987321,3840,2160,15,4615
cao_qiao_001,4616,154.020687,3840,2160,15,4616
cao_qiao_001,4617,154.054054,3840,2160,15,4617
cao_qiao_001,4618,154.087421,3840,2160,16,4618
cao_qiao_001,4619,154.120787,3840,2160,17,4619
cao_qiao_001,4620,154.154154,3840,2160,17,4620
cao_qiao_001,4621,154.187521,3840,2160,16,4621
cao_qiao_001,4622,154.220888,3840,2160,16,4622
cao_qiao_001,4623,154.254254,3840,2160,15,4623
cao_qiao_001,4624,154.287621,3840,2160,15,4624
cao_qiao_001,4625,154.320988,3840,2160,16,4625
cao_qiao_001,4626,154.354354,3840,2160,16,4626
cao_qiao_001,4627,154.387721,3840,2160,16,4627
cao_qiao_001,4628,154.421088,3840,2160,16,4628
cao_qiao_001,4629,154.454454,3840,2160,16,4629
cao_qiao_001,4630,154.487821,3840,2160,16,4630
cao_qiao_001,4631,154.521188,3840,2160,16,4631
cao_qiao_001,4632,154.554555,3840,2160,16,4632
cao_qiao_001,4633,154.587921,3840,2160,16,4633
cao_qiao_001,4634,154.621288,3840,2160,16,4634
cao_qiao_001,4635,154.654655,3840,2160,16,4635
cao_qiao_001,4636,154.688021,3840,2160,16,4636
cao_qiao_001,4637,154.721388,3840,2160,16,4637
cao_qiao_001,4638,154.754755,3840,2160,16,4638
cao_qiao_001,4639,154.788121,3840,2160,16,4639
cao_qiao_001,4640,154.821488,3840,2160,16,4640
cao_qiao_001,4641,154.854855,3840,2160,16,4641
cao_qiao_001,4642,154.888222,3840,2160,16,4642
cao_qiao_001,4643,154.921588,3840,2160,16,4643
cao_qiao_001,4644,154.954955,3840,2160,15,4644
cao_qiao_001,4645,154.988322,3840,2160,15,4645
cao_qiao_001,4646,155.021688,3840,2160,15,4646
cao_qiao_001,4647,155.055055,3840,2160,17,4647
cao_qiao_001,4648,155.088422,3840,2160,16,4648
cao_qiao_001,4649,155.121788,3840,2160,15,4649
cao_qiao_001,4650,155.155155,3840,2160,15,4650
cao_qiao_001,4651,155.188522,3840,2160,15,4651
cao_qiao_001,4652,155.221889,3840,2160,16,4652
cao_qiao_001,4653,155.255255,3840,2160,16,4653
cao_qiao_001,4654,155.288622,3840,2160,14,4654
cao_qiao_001,4655,155.321989,3840,2160,14,4655
cao_qiao_001,4656,155.355355,3840,2160,14,4656
cao_qiao_001,4657,155.388722,3840,2160,14,4657
cao_qiao_001,4658,155.422089,3840,2160,14,4658
cao_qiao_001,4659,155.455455,3840,2160,14,4659
cao_qiao_001,4660,155.488822,3840,2160,14,4660
cao_qiao_001,4661,155.522189,3840,2160,14,4661
cao_qiao_001,4662,155.555556,3840,2160,14,4662
cao_qiao_001,4663,155.588922,3840,2160,13,4663
cao_qiao_001,4664,155.622289,3840,2160,13,4664
cao_qiao_001,4665,155.655656,3840,2160,13,4665
cao_qiao_001,4666,155.689022,3840,2160,13,4666
cao_qiao_001,4667,155.722389,3840,2160,13,4667
cao_qiao_001,4668,155.755756,3840,2160,13,4668
cao_qiao_001,4669,155.789122,3840,2160,14,4669
cao_qiao_001,4670,155.822489,3840,2160,14,4670
cao_qiao_001,4671,155.855856,3840,2160,14,4671
cao_qiao_001,4672,155.889223,3840,2160,14,4672
cao_qiao_001,4673,155.922589,3840,2160,14,4673
cao_qiao_001,4674,155.955956,3840,2160,14,4674
cao_qiao_001,4675,155.989323,3840,2160,14,4675
cao_qiao_001,4676,156.022689,3840,2160,14,4676
cao_qiao_001,4677,156.056056,3840,2160,14,4677
cao_qiao_001,4678,156.089423,3840,2160,14,4678
cao_qiao_001,4679,156.122789,3840,2160,14,4679
cao_qiao_001,4680,156.156156,3840,2160,13,4680
cao_qiao_001,4681,156.189523,3840,2160,13,4681
cao_qiao_001,4682,156.222890,3840,2160,13,4682
cao_qiao_001,4683,156.256256,3840,2160,14,4683
cao_qiao_001,4684,156.289623,3840,2160,13,4684
cao_qiao_001,4685,156.322990,3840,2160,13,4685
cao_qiao_001,4686,156.356356,3840,2160,13,4686
cao_qiao_001,4687,156.389723,3840,2160,14,4687
cao_qiao_001,4688,156.423090,3840,2160,14,4688
cao_qiao_001,4689,156.456456,3840,2160,14,4689
cao_qiao_001,4690,156.489823,3840,2160,14,4690
cao_qiao_001,4691,156.523190,3840,2160,14,4691
cao_qiao_001,4692,156.556557,3840,2160,14,4692
cao_qiao_001,4693,156.589923,3840,2160,14,4693
cao_qiao_001,4694,156.623290,3840,2160,14,4694
cao_qiao_001,4695,156.656657,3840,2160,14,4695
cao_qiao_001,4696,156.690023,3840,2160,15,4696
cao_qiao_001,4697,156.723390,3840,2160,14,4697
cao_qiao_001,4698,156.756757,3840,2160,13,4698
cao_qiao_001,4699,156.790123,3840,2160,13,4699
cao_qiao_001,4700,156.823490,3840,2160,14,4700
cao_qiao_001,4701,156.856857,3840,2160,14,4701
cao_qiao_001,4702,156.890224,3840,2160,14,4702
cao_qiao_001,4703,156.923590,3840,2160,14,4703
cao_qiao_001,4704,156.956957,3840,2160,14,4704
cao_qiao_001,4705,156.990324,3840,2160,14,4705
cao_qiao_001,4706,157.023690,3840,2160,15,4706
cao_qiao_001,4707,157.057057,3840,2160,15,4707
cao_qiao_001,4708,157.090424,3840,2160,15,4708
cao_qiao_001,4709,157.123790,3840,2160,14,4709
cao_qiao_001,4710,157.157157,3840,2160,14,4710
cao_qiao_001,4711,157.190524,3840,2160,14,4711
cao_qiao_001,4712,157.223891,3840,2160,15,4712
cao_qiao_001,4713,157.257257,3840,2160,15,4713
cao_qiao_001,4714,157.290624,3840,2160,15,4714
cao_qiao_001,4715,157.323991,3840,2160,15,4715
cao_qiao_001,4716,157.357357,3840,2160,15,4716
cao_qiao_001,4717,157.390724,3840,2160,14,4717
cao_qiao_001,4718,157.424091,3840,2160,14,4718
cao_qiao_001,4719,157.457457,3840,2160,14,4719
cao_qiao_001,4720,157.490824,3840,2160,14,4720
cao_qiao_001,4721,157.524191,3840,2160,14,4721
cao_qiao_001,4722,157.557558,3840,2160,14,4722
cao_qiao_001,4723,157.590924,3840,2160,14,4723
cao_qiao_001,4724,157.624291,3840,2160,14,4724
cao_qiao_001,4725,157.657658,3840,2160,14,4725
cao_qiao_001,4726,157.691024,3840,2160,14,4726
cao_qiao_001,4727,157.724391,3840,2160,14,4727
cao_qiao_001,4728,157.757758,3840,2160,14,4728
cao_qiao_001,4729,157.791124,3840,2160,13,4729
cao_qiao_001,4730,157.824491,3840,2160,14,4730
cao_qiao_001,4731,157.857858,3840,2160,14,4731
cao_qiao_001,4732,157.891225,3840,2160,15,4732
cao_qiao_001,4733,157.924591,3840,2160,15,4733
cao_qiao_001,4734,157.957958,3840,2160,15,4734
cao_qiao_001,4735,157.991325,3840,2160,15,4735
cao_qiao_001,4736,158.024691,3840,2160,15,4736
cao_qiao_001,4737,158.058058,3840,2160,15,4737
cao_qiao_001,4738,158.091425,3840,2160,14,4738
cao_qiao_001,4739,158.124791,3840,2160,15,4739
cao_qiao_001,4740,158.158158,3840,2160,15,4740
cao_qiao_001,4741,158.191525,3840,2160,15,4741
cao_qiao_001,4742,158.224892,3840,2160,15,4742
cao_qiao_001,4743,158.258258,3840,2160,15,4743
cao_qiao_001,4744,158.291625,3840,2160,16,4744
cao_qiao_001,4745,158.324992,3840,2160,18,4745
cao_qiao_001,4746,158.358358,3840,2160,16,4746
cao_qiao_001,4747,158.391725,3840,2160,16,4747
cao_qiao_001,4748,158.425092,3840,2160,16,4748
cao_qiao_001,4749,158.458458,3840,2160,16,4749
cao_qiao_001,4750,158.491825,3840,2160,17,4750
cao_qiao_001,4751,158.525192,3840,2160,17,4751
cao_qiao_001,4752,158.558559,3840,2160,17,4752
cao_qiao_001,4753,158.591925,3840,2160,17,4753
cao_qiao_001,4754,158.625292,3840,2160,17,4754
cao_qiao_001,4755,158.658659,3840,2160,17,4755
cao_qiao_001,4756,158.692025,3840,2160,17,4756
cao_qiao_001,4757,158.725392,3840,2160,17,4757
cao_qiao_001,4758,158.758759,3840,2160,17,4758
cao_qiao_001,4759,158.792125,3840,2160,17,4759
cao_qiao_001,4760,158.825492,3840,2160,17,4760
cao_qiao_001,4761,158.858859,3840,2160,18,4761
cao_qiao_001,4762,158.892226,3840,2160,18,4762
cao_qiao_001,4763,158.925592,3840,2160,17,4763
cao_qiao_001,4764,158.958959,3840,2160,17,4764
cao_qiao_001,4765,158.992326,3840,2160,17,4765
cao_qiao_001,4766,159.025692,3840,2160,17,4766
cao_qiao_001,4767,159.059059,3840,2160,17,4767
cao_qiao_001,4768,159.092426,3840,2160,17,4768
cao_qiao_001,4769,159.125792,3840,2160,17,4769
cao_qiao_001,4770,159.159159,3840,2160,17,4770
cao_qiao_001,4771,159.192526,3840,2160,17,4771
cao_qiao_001,4772,159.225893,3840,2160,18,4772
cao_qiao_001,4773,159.259259,3840,2160,18,4773
cao_qiao_001,4774,159.292626,3840,2160,18,4774
cao_qiao_001,4775,159.325993,3840,2160,18,4775
cao_qiao_001,4776,159.359359,3840,2160,17,4776
cao_qiao_001,4777,159.392726,3840,2160,17,4777
cao_qiao_001,4778,159.426093,3840,2160,17,4778
cao_qiao_001,4779,159.459459,3840,2160,17,4779
cao_qiao_001,4780,159.492826,3840,2160,17,4780
cao_qiao_001,4781,159.526193,3840,2160,17,4781
cao_qiao_001,4782,159.559560,3840,2160,17,4782
cao_qiao_001,4783,159.592926,3840,2160,17,4783
cao_qiao_001,4784,159.626293,3840,2160,18,4784
cao_qiao_001,4785,159.659660,3840,2160,18,4785
cao_qiao_001,4786,159.693026,3840,2160,18,4786
cao_qiao_001,4787,159.726393,3840,2160,18,4787
cao_qiao_001,4788,159.759760,3840,2160,18,4788
cao_qiao_001,4789,159.793126,3840,2160,18,4789
cao_qiao_001,4790,159.826493,3840,2160,18,4790
cao_qiao_001,4791,159.859860,3840,2160,18,4791
cao_qiao_001,4792,159.893227,3840,2160,18,4792
cao_qiao_001,4793,159.926593,3840,2160,18,4793
cao_qiao_001,4794,159.959960,3840,2160,18,4794
cao_qiao_001,4795,159.993327,3840,2160,18,4795
cao_qiao_001,4796,160.026693,3840,2160,18,4796
cao_qiao_001,4797,160.060060,3840,2160,18,4797
cao_qiao_001,4798,160.093427,3840,2160,18,4798
cao_qiao_001,4799,160.126793,3840,2160,18,4799
cao_qiao_001,4800,160.160160,3840,2160,18,4800
cao_qiao_001,4801,160.193527,3840,2160,18,4801
cao_qiao_001,4802,160.226894,3840,2160,18,4802
cao_qiao_001,4803,160.260260,3840,2160,18,4803
cao_qiao_001,4804,160.293627,3840,2160,18,4804
cao_qiao_001,4805,160.326994,3840,2160,18,4805
cao_qiao_001,4806,160.360360,3840,2160,18,4806
cao_qiao_001,4807,160.393727,3840,2160,19,4807
cao_qiao_001,4808,160.427094,3840,2160,18,4808
cao_qiao_001,4809,160.460460,3840,2160,18,4809
cao_qiao_001,4810,160.493827,3840,2160,17,4810
cao_qiao_001,4811,160.527194,3840,2160,17,4811
cao_qiao_001,4812,160.560561,3840,2160,17,4812
cao_qiao_001,4813,160.593927,3840,2160,17,4813
cao_qiao_001,4814,160.627294,3840,2160,17,4814
cao_qiao_001,4815,160.660661,3840,2160,17,4815
cao_qiao_001,4816,160.694027,3840,2160,16,4816
cao_qiao_001,4817,160.727394,3840,2160,16,4817
cao_qiao_001,4818,160.760761,3840,2160,15,4818
cao_qiao_001,4819,160.794127,3840,2160,16,4819
cao_qiao_001,4820,160.827494,3840,2160,16,4820
cao_qiao_001,4821,160.860861,3840,2160,16,4821
cao_qiao_001,4822,160.894228,3840,2160,16,4822
cao_qiao_001,4823,160.927594,3840,2160,16,4823
cao_qiao_001,4824,160.960961,3840,2160,16,4824
cao_qiao_001,4825,160.994328,3840,2160,16,4825
cao_qiao_001,4826,161.027694,3840,2160,17,4826
cao_qiao_001,4827,161.061061,3840,2160,17,4827
cao_qiao_001,4828,161.094428,3840,2160,17,4828
cao_qiao_001,4829,161.127794,3840,2160,17,4829
cao_qiao_001,4830,161.161161,3840,2160,17,4830
cao_qiao_001,4831,161.194528,3840,2160,17,4831
cao_qiao_001,4832,161.227895,3840,2160,17,4832
cao_qiao_001,4833,161.261261,3840,2160,17,4833
cao_qiao_001,4834,161.294628,3840,2160,16,4834
cao_qiao_001,4835,161.327995,3840,2160,16,4835
cao_qiao_001,4836,161.361361,3840,2160,16,4836
cao_qiao_001,4837,161.394728,3840,2160,17,4837
cao_qiao_001,4838,161.428095,3840,2160,16,4838
cao_qiao_001,4839,161.461461,3840,2160,16,4839
cao_qiao_001,4840,161.494828,3840,2160,16,4840
cao_qiao_001,4841,161.528195,3840,2160,16,4841
cao_qiao_001,4842,161.561562,3840,2160,16,4842
cao_qiao_001,4843,161.594928,3840,2160,16,4843
cao_qiao_001,4844,161.628295,3840,2160,16,4844
cao_qiao_001,4845,161.661662,3840,2160,16,4845
cao_qiao_001,4846,161.695028,3840,2160,16,4846
cao_qiao_001,4847,161.728395,3840,2160,16,4847
cao_qiao_001,4848,161.761762,3840,2160,16,4848
cao_qiao_001,4849,161.795128,3840,2160,16,4849
cao_qiao_001,4850,161.828495,3840,2160,16,4850
cao_qiao_001,4851,161.861862,3840,2160,17,4851
cao_qiao_001,4852,161.895229,3840,2160,16,4852
cao_qiao_001,4853,161.928595,3840,2160,16,4853
cao_qiao_001,4854,161.961962,3840,2160,15,4854
cao_qiao_001,4855,161.995329,3840,2160,15,4855
cao_qiao_001,4856,162.028695,3840,2160,15,4856
cao_qiao_001,4857,162.062062,3840,2160,15,4857
cao_qiao_001,4858,162.095429,3840,2160,15,4858
cao_qiao_001,4859,162.128795,3840,2160,15,4859
cao_qiao_001,4860,162.162162,3840,2160,16,4860
cao_qiao_001,4861,162.195529,3840,2160,16,4861
cao_qiao_001,4862,162.228896,3840,2160,16,4862
cao_qiao_001,4863,162.262262,3840,2160,16,4863
cao_qiao_001,4864,162.295629,3840,2160,16,4864
cao_qiao_001,4865,162.328996,3840,2160,16,4865
cao_qiao_001,4866,162.362362,3840,2160,16,4866
cao_qiao_001,4867,162.395729,3840,2160,16,4867
cao_qiao_001,4868,162.429096,3840,2160,16,4868
cao_qiao_001,4869,162.462462,3840,2160,15,4869
cao_qiao_001,4870,162.495829,3840,2160,16,4870
cao_qiao_001,4871,162.529196,3840,2160,16,4871
cao_qiao_001,4872,162.562563,3840,2160,17,4872
cao_qiao_001,4873,162.595929,3840,2160,17,4873
cao_qiao_001,4874,162.629296,3840,2160,16,4874
cao_qiao_001,4875,162.662663,3840,2160,16,4875
cao_qiao_001,4876,162.696029,3840,2160,16,4876
cao_qiao_001,4877,162.729396,3840,2160,16,4877
cao_qiao_001,4878,162.762763,3840,2160,16,4878
cao_qiao_001,4879,162.796129,3840,2160,16,4879
cao_qiao_001,4880,162.829496,3840,2160,17,4880
cao_qiao_001,4881,162.862863,3840,2160,17,4881
cao_qiao_001,4882,162.896230,3840,2160,17,4882
cao_qiao_001,4883,162.929596,3840,2160,17,4883
cao_qiao_001,4884,162.962963,3840,2160,17,4884
cao_qiao_001,4885,162.996330,3840,2160,18,4885
cao_qiao_001,4886,163.029696,3840,2160,18,4886
cao_qiao_001,4887,163.063063,3840,2160,18,4887
cao_qiao_001,4888,163.096430,3840,2160,17,4888
cao_qiao_001,4889,163.129796,3840,2160,17,4889
cao_qiao_001,4890,163.163163,3840,2160,17,4890
cao_qiao_001,4891,163.196530,3840,2160,17,4891
cao_qiao_001,4892,163.229897,3840,2160,17,4892
cao_qiao_001,4893,163.263263,3840,2160,17,4893
cao_qiao_001,4894,163.296630,3840,2160,19,4894
cao_qiao_001,4895,163.329997,3840,2160,18,4895
cao_qiao_001,4896,163.363363,3840,2160,18,4896
cao_qiao_001,4897,163.396730,3840,2160,18,4897
cao_qiao_001,4898,163.430097,3840,2160,19,4898
cao_qiao_001,4899,163.463463,3840,2160,19,4899
cao_qiao_001,4900,163.496830,3840,2160,19,4900
cao_qiao_001,4901,163.530197,3840,2160,19,4901
cao_qiao_001,4902,163.563564,3840,2160,19,4902
cao_qiao_001,4903,163.596930,3840,2160,19,4903
cao_qiao_001,4904,163.630297,3840,2160,19,4904
cao_qiao_001,4905,163.663664,3840,2160,18,4905
cao_qiao_001,4906,163.697030,3840,2160,18,4906
cao_qiao_001,4907,163.730397,3840,2160,18,4907
cao_qiao_001,4908,163.763764,3840,2160,19,4908
cao_qiao_001,4909,163.797130,3840,2160,19,4909
cao_qiao_001,4910,163.830497,3840,2160,19,4910
cao_qiao_001,4911,163.863864,3840,2160,19,4911
cao_qiao_001,4912,163.897231,3840,2160,19,4912
cao_qiao_001,4913,163.930597,3840,2160,19,4913
cao_qiao_001,4914,163.963964,3840,2160,19,4914
cao_qiao_001,4915,163.997331,3840,2160,19,4915
cao_qiao_001,4916,164.030697,3840,2160,19,4916
cao_qiao_001,4917,164.064064,3840,2160,19,4917
cao_qiao_001,4918,164.097431,3840,2160,19,4918
cao_qiao_001,4919,164.130797,3840,2160,19,4919
cao_qiao_001,4920,164.164164,3840,2160,19,4920
cao_qiao_001,4921,164.197531,3840,2160,19,4921
cao_qiao_001,4922,164.230898,3840,2160,19,4922
cao_qiao_001,4923,164.264264,3840,2160,18,4923
cao_qiao_001,4924,164.297631,3840,2160,18,4924
cao_qiao_001,4925,164.330998,3840,2160,18,4925
cao_qiao_001,4926,164.364364,3840,2160,18,4926
cao_qiao_001,4927,164.397731,3840,2160,19,4927
cao_qiao_001,4928,164.431098,3840,2160,19,4928
cao_qiao_001,4929,164.464464,3840,2160,19,4929
cao_qiao_001,4930,164.497831,3840,2160,19,4930
cao_qiao_001,4931,164.531198,3840,2160,19,4931
cao_qiao_001,4932,164.564565,3840,2160,19,4932
cao_qiao_001,4933,164.597931,3840,2160,19,4933
cao_qiao_001,4934,164.631298,3840,2160,19,4934
cao_qiao_001,4935,164.664665,3840,2160,19,4935
cao_qiao_001,4936,164.698031,3840,2160,19,4936
cao_qiao_001,4937,164.731398,3840,2160,19,4937
cao_qiao_001,4938,164.764765,3840,2160,19,4938
cao_qiao_001,4939,164.798131,3840,2160,19,4939
cao_qiao_001,4940,164.831498,3840,2160,19,4940
cao_qiao_001,4941,164.864865,3840,2160,19,4941
cao_qiao_001,4942,164.898232,3840,2160,19,4942
cao_qiao_001,4943,164.931598,3840,2160,19,4943
cao_qiao_001,4944,164.964965,3840,2160,19,4944
cao_qiao_001,4945,164.998332,3840,2160,19,4945
cao_qiao_001,4946,165.031698,3840,2160,20,4946
cao_qiao_001,4947,165.065065,3840,2160,19,4947
cao_qiao_001,4948,165.098432,3840,2160,19,4948
cao_qiao_001,4949,165.131798,3840,2160,19,4949
cao_qiao_001,4950,165.165165,3840,2160,19,4950
cao_qiao_001,4951,165.198532,3840,2160,19,4951
cao_qiao_001,4952,165.231899,3840,2160,19,4952
cao_qiao_001,4953,165.265265,3840,2160,19,4953
cao_qiao_001,4954,165.298632,3840,2160,18,4954
cao_qiao_001,4955,165.331999,3840,2160,18,4955
cao_qiao_001,4956,165.365365,3840,2160,17,4956
cao_qiao_001,4957,165.398732,3840,2160,18,4957
cao_qiao_001,4958,165.432099,3840,2160,18,4958
cao_qiao_001,4959,165.465465,3840,2160,19,4959
cao_qiao_001,4960,165.498832,3840,2160,19,4960
cao_qiao_001,4961,165.532199,3840,2160,18,4961
cao_qiao_001,4962,165.565566,3840,2160,17,4962
cao_qiao_001,4963,165.598932,3840,2160,17,4963
cao_qiao_001,4964,165.632299,3840,2160,17,4964
cao_qiao_001,4965,165.665666,3840,2160,17,4965
cao_qiao_001,4966,165.699032,3840,2160,17,4966
cao_qiao_001,4967,165.732399,3840,2160,17,4967
cao_qiao_001,4968,165.765766,3840,2160,19,4968
cao_qiao_001,4969,165.799132,3840,2160,18,4969
cao_qiao_001,4970,165.832499,3840,2160,18,4970
cao_qiao_001,4971,165.865866,3840,2160,18,4971
cao_qiao_001,4972,165.899233,3840,2160,18,4972
cao_qiao_001,4973,165.932599,3840,2160,18,4973
cao_qiao_001,4974,165.965966,3840,2160,18,4974
cao_qiao_001,4975,165.999333,3840,2160,18,4975
cao_qiao_001,4976,166.032699,3840,2160,18,4976
cao_qiao_001,4977,166.066066,3840,2160,19,4977
cao_qiao_001,4978,166.099433,3840,2160,19,4978
cao_qiao_001,4979,166.132799,3840,2160,19,4979
cao_qiao_001,4980,166.166166,3840,2160,20,4980
cao_qiao_001,4981,166.199533,3840,2160,20,4981
cao_qiao_001,4982,166.232900,3840,2160,20,4982
cao_qiao_001,4983,166.266266,3840,2160,20,4983
cao_qiao_001,4984,166.299633,3840,2160,21,4984
cao_qiao_001,4985,166.333000,3840,2160,21,4985
cao_qiao_001,4986,166.366366,3840,2160,20,4986
cao_qiao_001,4987,166.399733,3840,2160,20,4987
cao_qiao_001,4988,166.433100,3840,2160,20,4988
cao_qiao_001,4989,166.466466,3840,2160,21,4989
cao_qiao_001,4990,166.499833,3840,2160,21,4990
cao_qiao_001,4991,166.533200,3840,2160,22,4991
cao_qiao_001,4992,166.566567,3840,2160,21,4992
cao_qiao_001,4993,166.599933,3840,2160,20,4993
cao_qiao_001,4994,166.633300,3840,2160,20,4994
cao_qiao_001,4995,166.666667,3840,2160,20,4995
cao_qiao_001,4996,166.700033,3840,2160,20,4996
cao_qiao_001,4997,166.733400,3840,2160,21,4997
cao_qiao_001,4998,166.766767,3840,2160,20,4998
cao_qiao_001,4999,166.800133,3840,2160,20,4999
cao_qiao_001,5000,166.833500,3840,2160,20,5000
cao_qiao_001,5001,166.866867,3840,2160,19,5001
cao_qiao_001,5002,166.900234,3840,2160,20,5002
cao_qiao_001,5003,166.933600,3840,2160,19,5003
cao_qiao_001,5004,166.966967,3840,2160,20,5004
cao_qiao_001,5005,167.000334,3840,2160,20,5005
cao_qiao_001,5006,167.033700,3840,2160,21,5006
cao_qiao_001,5007,167.067067,3840,2160,21,5007
cao_qiao_001,5008,167.100434,3840,2160,22,5008
cao_qiao_001,5009,167.133800,3840,2160,21,5009
cao_qiao_001,5010,167.167167,3840,2160,22,5010
cao_qiao_001,5011,167.200534,3840,2160,22,5011
cao_qiao_001,5012,167.233901,3840,2160,23,5012
cao_qiao_001,5013,167.267267,3840,2160,23,5013
cao_qiao_001,5014,167.300634,3840,2160,23,5014
cao_qiao_001,5015,167.334001,3840,2160,23,5015
cao_qiao_001,5016,167.367367,3840,2160,23,5016
cao_qiao_001,5017,167.400734,3840,2160,21,5017
cao_qiao_001,5018,167.434101,3840,2160,22,5018
cao_qiao_001,5019,167.467467,3840,2160,22,5019
cao_qiao_001,5020,167.500834,3840,2160,21,5020
cao_qiao_001,5021,167.534201,3840,2160,21,5021
cao_qiao_001,5022,167.567568,3840,2160,21,5022
cao_qiao_001,5023,167.600934,3840,2160,22,5023
cao_qiao_001,5024,167.634301,3840,2160,23,5024
cao_qiao_001,5025,167.667668,3840,2160,23,5025
cao_qiao_001,5026,167.701034,3840,2160,22,5026
cao_qiao_001,5027,167.734401,3840,2160,21,5027
cao_qiao_001,5028,167.767768,3840,2160,19,5028
cao_qiao_001,5029,167.801134,3840,2160,19,5029
cao_qiao_001,5030,167.834501,3840,2160,21,5030
cao_qiao_001,5031,167.867868,3840,2160,20,5031
cao_qiao_001,5032,167.901235,3840,2160,21,5032
cao_qiao_001,5033,167.934601,3840,2160,22,5033
cao_qiao_001,5034,167.967968,3840,2160,22,5034
cao_qiao_001,5035,168.001335,3840,2160,23,5035
cao_qiao_001,5036,168.034701,3840,2160,22,5036
cao_qiao_001,5037,168.068068,3840,2160,22,5037
cao_qiao_001,5038,168.101435,3840,2160,22,5038
cao_qiao_001,5039,168.134801,3840,2160,23,5039
cao_qiao_001,5040,168.168168,3840,2160,22,5040
cao_qiao_001,5041,168.201535,3840,2160,23,5041
cao_qiao_001,5042,168.234902,3840,2160,22,5042
cao_qiao_001,5043,168.268268,3840,2160,22,5043
cao_qiao_001,5044,168.301635,3840,2160,21,5044
cao_qiao_001,5045,168.335002,3840,2160,22,5045
cao_qiao_001,5046,168.368368,3840,2160,20,5046
cao_qiao_001,5047,168.401735,3840,2160,20,5047
cao_qiao_001,5048,168.435102,3840,2160,20,5048
cao_qiao_001,5049,168.468468,3840,2160,21,5049
cao_qiao_001,5050,168.501835,3840,2160,21,5050
cao_qiao_001,5051,168.535202,3840,2160,21,5051
cao_qiao_001,5052,168.568569,3840,2160,21,5052
cao_qiao_001,5053,168.601935,3840,2160,21,5053
cao_qiao_001,5054,168.635302,3840,2160,21,5054
cao_qiao_001,5055,168.668669,3840,2160,21,5055
cao_qiao_001,5056,168.702035,3840,2160,21,5056
cao_qiao_001,5057,168.735402,3840,2160,20,5057
cao_qiao_001,5058,168.768769,3840,2160,20,5058
cao_qiao_001,5059,168.802135,3840,2160,20,5059
cao_qiao_001,5060,168.835502,3840,2160,21,5060
cao_qiao_001,5061,168.868869,3840,2160,20,5061
cao_qiao_001,5062,168.902236,3840,2160,20,5062
cao_qiao_001,5063,168.935602,3840,2160,20,5063
cao_qiao_001,5064,168.968969,3840,2160,20,5064
cao_qiao_001,5065,169.002336,3840,2160,20,5065
cao_qiao_001,5066,169.035702,3840,2160,20,5066
cao_qiao_001,5067,169.069069,3840,2160,20,5067
cao_qiao_001,5068,169.102436,3840,2160,20,5068
cao_qiao_001,5069,169.135802,3840,2160,20,5069
cao_qiao_001,5070,169.169169,3840,2160,20,5070
cao_qiao_001,5071,169.202536,3840,2160,20,5071
cao_qiao_001,5072,169.235903,3840,2160,20,5072
cao_qiao_001,5073,169.269269,3840,2160,20,5073
cao_qiao_001,5074,169.302636,3840,2160,20,5074
cao_qiao_001,5075,169.336003,3840,2160,20,5075
cao_qiao_001,5076,169.369369,3840,2160,20,5076
cao_qiao_001,5077,169.402736,3840,2160,20,5077
cao_qiao_001,5078,169.436103,3840,2160,20,5078
cao_qiao_001,5079,169.469469,3840,2160,20,5079
cao_qiao_001,5080,169.502836,3840,2160,20,5080
cao_qiao_001,5081,169.536203,3840,2160,18,5081
cao_qiao_001,5082,169.569570,3840,2160,18,5082
cao_qiao_001,5083,169.602936,3840,2160,17,5083
cao_qiao_001,5084,169.636303,3840,2160,18,5084
cao_qiao_001,5085,169.669670,3840,2160,18,5085
cao_qiao_001,5086,169.703036,3840,2160,18,5086
cao_qiao_001,5087,169.736403,3840,2160,19,5087
cao_qiao_001,5088,169.769770,3840,2160,19,5088
cao_qiao_001,5089,169.803136,3840,2160,19,5089
cao_qiao_001,5090,169.836503,3840,2160,19,5090
cao_qiao_001,5091,169.869870,3840,2160,19,5091
cao_qiao_001,5092,169.903237,3840,2160,19,5092
cao_qiao_001,5093,169.936603,3840,2160,20,5093
cao_qiao_001,5094,169.969970,3840,2160,19,5094
cao_qiao_001,5095,170.003337,3840,2160,19,5095
cao_qiao_001,5096,170.036703,3840,2160,20,5096
cao_qiao_001,5097,170.070070,3840,2160,20,5097
cao_qiao_001,5098,170.103437,3840,2160,21,5098
cao_qiao_001,5099,170.136803,3840,2160,21,5099
cao_qiao_001,5100,170.170170,3840,2160,21,5100
cao_qiao_001,5101,170.203537,3840,2160,20,5101
cao_qiao_001,5102,170.236904,3840,2160,19,5102
cao_qiao_001,5103,170.270270,3840,2160,19,5103
cao_qiao_001,5104,170.303637,3840,2160,19,5104
cao_qiao_001,5105,170.337004,3840,2160,20,5105
cao_qiao_001,5106,170.370370,3840,2160,19,5106
cao_qiao_001,5107,170.403737,3840,2160,19,5107
cao_qiao_001,5108,170.437104,3840,2160,19,5108
cao_qiao_001,5109,170.470470,3840,2160,20,5109
cao_qiao_001,5110,170.503837,3840,2160,20,5110
cao_qiao_001,5111,170.537204,3840,2160,20,5111
cao_qiao_001,5112,170.570571,3840,2160,20,5112
cao_qiao_001,5113,170.603937,3840,2160,19,5113
cao_qiao_001,5114,170.637304,3840,2160,19,5114
cao_qiao_001,5115,170.670671,3840,2160,19,5115
cao_qiao_001,5116,170.704037,3840,2160,20,5116
cao_qiao_001,5117,170.737404,3840,2160,19,5117
cao_qiao_001,5118,170.770771,3840,2160,18,5118
cao_qiao_001,5119,170.804137,3840,2160,18,5119
cao_qiao_001,5120,170.837504,3840,2160,18,5120
cao_qiao_001,5121,170.870871,3840,2160,18,5121
cao_qiao_001,5122,170.904238,3840,2160,18,5122
cao_qiao_001,5123,170.937604,3840,2160,18,5123
cao_qiao_001,5124,170.970971,3840,2160,18,5124
cao_qiao_001,5125,171.004338,3840,2160,19,5125
cao_qiao_001,5126,171.037704,3840,2160,19,5126
cao_qiao_001,5127,171.071071,3840,2160,18,5127
cao_qiao_001,5128,171.104438,3840,2160,18,5128
cao_qiao_001,5129,171.137804,3840,2160,18,5129
cao_qiao_001,5130,171.171171,3840,2160,18,5130
cao_qiao_001,5131,171.204538,3840,2160,18,5131
cao_qiao_001,5132,171.237905,3840,2160,18,5132
cao_qiao_001,5133,171.271271,3840,2160,18,5133
cao_qiao_001,5134,171.304638,3840,2160,18,5134
cao_qiao_001,5135,171.338005,3840,2160,18,5135
cao_qiao_001,5136,171.371371,3840,2160,18,5136
cao_qiao_001,5137,171.404738,3840,2160,18,5137
cao_qiao_001,5138,171.438105,3840,2160,19,5138
cao_qiao_001,5139,171.471471,3840,2160,19,5139
cao_qiao_001,5140,171.504838,3840,2160,18,5140
cao_qiao_001,5141,171.538205,3840,2160,18,5141
cao_qiao_001,5142,171.571572,3840,2160,18,5142
cao_qiao_001,5143,171.604938,3840,2160,18,5143
cao_qiao_001,5144,171.638305,3840,2160,18,5144
cao_qiao_001,5145,171.671672,3840,2160,18,5145
cao_qiao_001,5146,171.705038,3840,2160,18,5146
cao_qiao_001,5147,171.738405,3840,2160,18,5147
cao_qiao_001,5148,171.771772,3840,2160,18,5148
cao_qiao_001,5149,171.805138,3840,2160,19,5149
cao_qiao_001,5150,171.838505,3840,2160,19,5150
cao_qiao_001,5151,171.871872,3840,2160,19,5151
cao_qiao_001,5152,171.905239,3840,2160,17,5152
cao_qiao_001,5153,171.938605,3840,2160,17,5153
cao_qiao_001,5154,171.971972,3840,2160,17,5154
cao_qiao_001,5155,172.005339,3840,2160,18,5155
cao_qiao_001,5156,172.038705,3840,2160,18,5156
cao_qiao_001,5157,172.072072,3840,2160,17,5157
cao_qiao_001,5158,172.105439,3840,2160,17,5158
cao_qiao_001,5159,172.138805,3840,2160,16,5159
cao_qiao_001,5160,172.172172,3840,2160,16,5160
cao_qiao_001,5161,172.205539,3840,2160,16,5161
cao_qiao_001,5162,172.238906,3840,2160,17,5162
cao_qiao_001,5163,172.272272,3840,2160,18,5163
cao_qiao_001,5164,172.305639,3840,2160,17,5164
cao_qiao_001,5165,172.339006,3840,2160,17,5165
cao_qiao_001,5166,172.372372,3840,2160,18,5166
cao_qiao_001,5167,172.405739,3840,2160,19,5167
cao_qiao_001,5168,172.439106,3840,2160,18,5168
cao_qiao_001,5169,172.472472,3840,2160,18,5169
cao_qiao_001,5170,172.505839,3840,2160,17,5170
cao_qiao_001,5171,172.539206,3840,2160,19,5171
cao_qiao_001,5172,172.572573,3840,2160,18,5172
cao_qiao_001,5173,172.605939,3840,2160,19,5173
cao_qiao_001,5174,172.639306,3840,2160,19,5174
cao_qiao_001,5175,172.672673,3840,2160,20,5175
cao_qiao_001,5176,172.706039,3840,2160,19,5176
cao_qiao_001,5177,172.739406,3840,2160,18,5177
cao_qiao_001,5178,172.772773,3840,2160,18,5178
cao_qiao_001,5179,172.806139,3840,2160,18,5179
cao_qiao_001,5180,172.839506,3840,2160,18,5180
cao_qiao_001,5181,172.872873,3840,2160,18,5181
cao_qiao_001,5182,172.906240,3840,2160,19,5182
cao_qiao_001,5183,172.939606,3840,2160,18,5183
cao_qiao_001,5184,172.972973,3840,2160,18,5184
cao_qiao_001,5185,173.006340,3840,2160,18,5185
cao_qiao_001,5186,173.039706,3840,2160,18,5186
cao_qiao_001,5187,173.073073,3840,2160,18,5187
cao_qiao_001,5188,173.106440,3840,2160,18,5188
cao_qiao_001,5189,173.139806,3840,2160,17,5189
cao_qiao_001,5190,173.173173,3840,2160,18,5190
cao_qiao_001,5191,173.206540,3840,2160,18,5191
cao_qiao_001,5192,173.239907,3840,2160,20,5192
cao_qiao_001,5193,173.273273,3840,2160,20,5193
cao_qiao_001,5194,173.306640,3840,2160,20,5194
cao_qiao_001,5195,173.340007,3840,2160,20,5195
cao_qiao_001,5196,173.373373,3840,2160,19,5196
cao_qiao_001,5197,173.406740,3840,2160,19,5197
cao_qiao_001,5198,173.440107,3840,2160,19,5198
cao_qiao_001,5199,173.473473,3840,2160,21,5199
cao_qiao_001,5200,173.506840,3840,2160,21,5200
cao_qiao_001,5201,173.540207,3840,2160,20,5201
cao_qiao_001,5202,173.573574,3840,2160,19,5202
cao_qiao_001,5203,173.606940,3840,2160,18,5203
cao_qiao_001,5204,173.640307,3840,2160,18,5204
cao_qiao_001,5205,173.673674,3840,2160,18,5205
cao_qiao_001,5206,173.707040,3840,2160,18,5206
cao_qiao_001,5207,173.740407,3840,2160,18,5207
cao_qiao_001,5208,173.773774,3840,2160,18,5208
cao_qiao_001,5209,173.807140,3840,2160,18,5209
cao_qiao_001,5210,173.840507,3840,2160,19,5210
cao_qiao_001,5211,173.873874,3840,2160,19,5211
cao_qiao_001,5212,173.907241,3840,2160,19,5212
cao_qiao_001,5213,173.940607,3840,2160,19,5213
cao_qiao_001,5214,173.973974,3840,2160,18,5214
cao_qiao_001,5215,174.007341,3840,2160,18,5215
cao_qiao_001,5216,174.040707,3840,2160,18,5216
cao_qiao_001,5217,174.074074,3840,2160,17,5217
cao_qiao_001,5218,174.107441,3840,2160,18,5218
cao_qiao_001,5219,174.140807,3840,2160,18,5219
cao_qiao_001,5220,174.174174,3840,2160,18,5220
cao_qiao_001,5221,174.207541,3840,2160,19,5221
cao_qiao_001,5222,174.240908,3840,2160,21,5222
cao_qiao_001,5223,174.274274,3840,2160,21,5223
cao_qiao_001,5224,174.307641,3840,2160,21,5224
cao_qiao_001,5225,174.341008,3840,2160,21,5225
cao_qiao_001,5226,174.374374,3840,2160,18,5226
cao_qiao_001,5227,174.407741,3840,2160,18,5227
cao_qiao_001,5228,174.441108,3840,2160,18,5228
cao_qiao_001,5229,174.474474,3840,2160,19,5229
cao_qiao_001,5230,174.507841,3840,2160,19,5230
cao_qiao_001,5231,174.541208,3840,2160,19,5231
cao_qiao_001,5232,174.574575,3840,2160,19,5232
cao_qiao_001,5233,174.607941,3840,2160,19,5233
cao_qiao_001,5234,174.641308,3840,2160,18,5234
cao_qiao_001,5235,174.674675,3840,2160,18,5235
cao_qiao_001,5236,174.708041,3840,2160,18,5236
cao_qiao_001,5237,174.741408,3840,2160,19,5237
cao_qiao_001,5238,174.774775,3840,2160,19,5238
cao_qiao_001,5239,174.808141,3840,2160,19,5239
cao_qiao_001,5240,174.841508,3840,2160,19,5240
cao_qiao_001,5241,174.874875,3840,2160,19,5241
cao_qiao_001,5242,174.908242,3840,2160,19,5242
cao_qiao_001,5243,174.941608,3840,2160,19,5243
cao_qiao_001,5244,174.974975,3840,2160,19,5244
cao_qiao_001,5245,175.008342,3840,2160,19,5245
cao_qiao_001,5246,175.041708,3840,2160,19,5246
cao_qiao_001,5247,175.075075,3840,2160,20,5247
cao_qiao_001,5248,175.108442,3840,2160,20,5248
cao_qiao_001,5249,175.141808,3840,2160,20,5249
cao_qiao_001,5250,175.175175,3840,2160,20,5250
cao_qiao_001,5251,175.208542,3840,2160,20,5251
cao_qiao_001,5252,175.241909,3840,2160,19,5252
cao_qiao_001,5253,175.275275,3840,2160,19,5253
cao_qiao_001,5254,175.308642,3840,2160,19,5254
cao_qiao_001,5255,175.342009,3840,2160,19,5255
cao_qiao_001,5256,175.375375,3840,2160,19,5256
cao_qiao_001,5257,175.408742,3840,2160,19,5257
cao_qiao_001,5258,175.442109,3840,2160,19,5258
cao_qiao_001,5259,175.475475,3840,2160,19,5259
cao_qiao_001,5260,175.508842,3840,2160,19,5260
cao_qiao_001,5261,175.542209,3840,2160,19,5261
cao_qiao_001,5262,175.575576,3840,2160,19,5262
cao_qiao_001,5263,175.608942,3840,2160,19,5263
cao_qiao_001,5264,175.642309,3840,2160,19,5264
cao_qiao_001,5265,175.675676,3840,2160,19,5265
cao_qiao_001,5266,175.709042,3840,2160,19,5266
cao_qiao_001,5267,175.742409,3840,2160,19,5267
cao_qiao_001,5268,175.775776,3840,2160,19,5268
cao_qiao_001,5269,175.809142,3840,2160,20,5269
cao_qiao_001,5270,175.842509,3840,2160,20,5270
cao_qiao_001,5271,175.875876,3840,2160,19,5271
cao_qiao_001,5272,175.909243,3840,2160,19,5272
cao_qiao_001,5273,175.942609,3840,2160,19,5273
cao_qiao_001,5274,175.975976,3840,2160,19,5274
cao_qiao_001,5275,176.009343,3840,2160,19,5275
cao_qiao_001,5276,176.042709,3840,2160,19,5276
cao_qiao_001,5277,176.076076,3840,2160,19,5277
cao_qiao_001,5278,176.109443,3840,2160,19,5278
cao_qiao_001,5279,176.142809,3840,2160,19,5279
cao_qiao_001,5280,176.176176,3840,2160,19,5280
cao_qiao_001,5281,176.209543,3840,2160,19,5281
cao_qiao_001,5282,176.242910,3840,2160,19,5282
cao_qiao_001,5283,176.276276,3840,2160,19,5283
cao_qiao_001,5284,176.309643,3840,2160,19,5284
cao_qiao_001,5285,176.343010,3840,2160,19,5285
cao_qiao_001,5286,176.376376,3840,2160,20,5286
cao_qiao_001,5287,176.409743,3840,2160,20,5287
cao_qiao_001,5288,176.443110,3840,2160,20,5288
cao_qiao_001,5289,176.476476,3840,2160,20,5289
cao_qiao_001,5290,176.509843,3840,2160,20,5290
cao_qiao_001,5291,176.543210,3840,2160,19,5291
cao_qiao_001,5292,176.576577,3840,2160,19,5292
cao_qiao_001,5293,176.609943,3840,2160,19,5293
cao_qiao_001,5294,176.643310,3840,2160,19,5294
cao_qiao_001,5295,176.676677,3840,2160,19,5295
cao_qiao_001,5296,176.710043,3840,2160,19,5296
cao_qiao_001,5297,176.743410,3840,2160,19,5297
cao_qiao_001,5298,176.776777,3840,2160,19,5298
cao_qiao_001,5299,176.810143,3840,2160,19,5299
cao_qiao_001,5300,176.843510,3840,2160,19,5300
cao_qiao_001,5301,176.876877,3840,2160,19,5301
cao_qiao_001,5302,176.910244,3840,2160,19,5302
cao_qiao_001,5303,176.943610,3840,2160,19,5303
cao_qiao_001,5304,176.976977,3840,2160,19,5304
cao_qiao_001,5305,177.010344,3840,2160,20,5305
cao_qiao_001,5306,177.043710,3840,2160,19,5306
cao_qiao_001,5307,177.077077,3840,2160,19,5307
cao_qiao_001,5308,177.110444,3840,2160,18,5308
cao_qiao_001,5309,177.143810,3840,2160,18,5309
cao_qiao_001,5310,177.177177,3840,2160,17,5310
cao_qiao_001,5311,177.210544,3840,2160,17,5311
cao_qiao_001,5312,177.243911,3840,2160,17,5312
cao_qiao_001,5313,177.277277,3840,2160,17,5313
cao_qiao_001,5314,177.310644,3840,2160,17,5314
cao_qiao_001,5315,177.344011,3840,2160,18,5315
cao_qiao_001,5316,177.377377,3840,2160,18,5316
cao_qiao_001,5317,177.410744,3840,2160,19,5317
cao_qiao_001,5318,177.444111,3840,2160,19,5318
cao_qiao_001,5319,177.477477,3840,2160,19,5319
cao_qiao_001,5320,177.510844,3840,2160,19,5320
cao_qiao_001,5321,177.544211,3840,2160,20,5321
cao_qiao_001,5322,177.577578,3840,2160,19,5322
cao_qiao_001,5323,177.610944,3840,2160,19,5323
cao_qiao_001,5324,177.644311,3840,2160,19,5324
cao_qiao_001,5325,177.677678,3840,2160,19,5325
cao_qiao_001,5326,177.711044,3840,2160,19,5326
cao_qiao_001,5327,177.744411,3840,2160,19,5327
cao_qiao_001,5328,177.777778,3840,2160,20,5328
cao_qiao_001,5329,177.811144,3840,2160,19,5329
cao_qiao_001,5330,177.844511,3840,2160,19,5330
cao_qiao_001,5331,177.877878,3840,2160,19,5331
cao_qiao_001,5332,177.911245,3840,2160,19,5332
cao_qiao_001,5333,177.944611,3840,2160,19,5333
cao_qiao_001,5334,177.977978,3840,2160,19,5334
cao_qiao_001,5335,178.011345,3840,2160,19,5335
cao_qiao_001,5336,178.044711,3840,2160,19,5336
cao_qiao_001,5337,178.078078,3840,2160,19,5337
cao_qiao_001,5338,178.111445,3840,2160,19,5338
cao_qiao_001,5339,178.144811,3840,2160,19,5339
cao_qiao_001,5340,178.178178,3840,2160,20,5340
cao_qiao_001,5341,178.211545,3840,2160,20,5341
cao_qiao_001,5342,178.244912,3840,2160,19,5342
cao_qiao_001,5343,178.278278,3840,2160,19,5343
cao_qiao_001,5344,178.311645,3840,2160,20,5344
cao_qiao_001,5345,178.345012,3840,2160,20,5345
cao_qiao_001,5346,178.378378,3840,2160,21,5346
cao_qiao_001,5347,178.411745,3840,2160,21,5347
cao_qiao_001,5348,178.445112,3840,2160,21,5348
cao_qiao_001,5349,178.478478,3840,2160,21,5349
cao_qiao_001,5350,178.511845,3840,2160,20,5350
cao_qiao_001,5351,178.545212,3840,2160,19,5351
cao_qiao_001,5352,178.578579,3840,2160,19,5352
cao_qiao_001,5353,178.611945,3840,2160,19,5353
cao_qiao_001,5354,178.645312,3840,2160,20,5354
cao_qiao_001,5355,178.678679,3840,2160,20,5355
cao_qiao_001,5356,178.712045,3840,2160,21,5356
cao_qiao_001,5357,178.745412,3840,2160,22,5357
cao_qiao_001,5358,178.778779,3840,2160,22,5358
cao_qiao_001,5359,178.812145,3840,2160,21,5359
cao_qiao_001,5360,178.845512,3840,2160,21,5360
cao_qiao_001,5361,178.878879,3840,2160,21,5361
cao_qiao_001,5362,178.912246,3840,2160,22,5362
cao_qiao_001,5363,178.945612,3840,2160,22,5363
cao_qiao_001,5364,178.978979,3840,2160,22,5364
cao_qiao_001,5365,179.012346,3840,2160,22,5365
cao_qiao_001,5366,179.045712,3840,2160,21,5366
cao_qiao_001,5367,179.079079,3840,2160,21,5367
cao_qiao_001,5368,179.112446,3840,2160,21,5368
cao_qiao_001,5369,179.145812,3840,2160,21,5369
cao_qiao_001,5370,179.179179,3840,2160,21,5370
cao_qiao_001,5371,179.212546,3840,2160,22,5371
cao_qiao_001,5372,179.245913,3840,2160,22,5372
cao_qiao_001,5373,179.279279,3840,2160,22,5373
cao_qiao_001,5374,179.312646,3840,2160,21,5374
cao_qiao_001,5375,179.346013,3840,2160,20,5375
cao_qiao_001,5376,179.379379,3840,2160,20,5376
cao_qiao_001,5377,179.412746,3840,2160,22,5377
cao_qiao_001,5378,179.446113,3840,2160,22,5378
cao_qiao_001,5379,179.479479,3840,2160,23,5379
cao_qiao_001,5380,179.512846,3840,2160,23,5380
cao_qiao_001,5381,179.546213,3840,2160,22,5381
cao_qiao_001,5382,179.579580,3840,2160,22,5382
cao_qiao_001,5383,179.612946,3840,2160,22,5383
cao_qiao_001,5384,179.646313,3840,2160,22,5384
cao_qiao_001,5385,179.679680,3840,2160,22,5385
cao_qiao_001,5386,179.713046,3840,2160,22,5386
cao_qiao_001,5387,179.746413,3840,2160,22,5387
cao_qiao_001,5388,179.779780,3840,2160,23,5388
cao_qiao_001,5389,179.813146,3840,2160,22,5389
cao_qiao_001,5390,179.846513,3840,2160,22,5390
cao_qiao_001,5391,179.879880,3840,2160,22,5391
cao_qiao_001,5392,179.913247,3840,2160,22,5392
cao_qiao_001,5393,179.946613,3840,2160,22,5393
cao_qiao_001,5394,179.979980,3840,2160,22,5394
cao_qiao_001,5395,180.013347,3840,2160,22,5395
cao_qiao_001,5396,180.046713,3840,2160,22,5396
cao_qiao_001,5397,180.080080,3840,2160,22,5397
cao_qiao_001,5398,180.113447,3840,2160,21,5398
cao_qiao_001,5399,180.146813,3840,2160,20,5399
cao_qiao_001,5400,180.180180,3840,2160,20,5400
cao_qiao_001,5401,180.213547,3840,2160,20,5401
cao_qiao_001,5402,180.246914,3840,2160,21,5402
cao_qiao_001,5403,180.280280,3840,2160,21,5403
cao_qiao_001,5404,180.313647,3840,2160,22,5404
cao_qiao_001,5405,180.347014,3840,2160,21,5405
cao_qiao_001,5406,180.380380,3840,2160,19,5406
cao_qiao_001,5407,180.413747,3840,2160,20,5407
cao_qiao_001,5408,180.447114,3840,2160,20,5408
cao_qiao_001,5409,180.480480,3840,2160,19,5409
cao_qiao_001,5410,180.513847,3840,2160,20,5410
cao_qiao_001,5411,180.547214,3840,2160,19,5411
cao_qiao_001,5412,180.580581,3840,2160,19,5412
cao_qiao_001,5413,180.613947,3840,2160,19,5413
cao_qiao_001,5414,180.647314,3840,2160,20,5414
cao_qiao_001,5415,180.680681,3840,2160,19,5415
cao_qiao_001,5416,180.714047,3840,2160,19,5416
cao_qiao_001,5417,180.747414,3840,2160,19,5417
cao_qiao_001,5418,180.780781,3840,2160,18,5418
cao_qiao_001,5419,180.814147,3840,2160,17,5419
cao_qiao_001,5420,180.847514,3840,2160,19,5420
cao_qiao_001,5421,180.880881,3840,2160,19,5421
cao_qiao_001,5422,180.914248,3840,2160,19,5422
cao_qiao_001,5423,180.947614,3840,2160,18,5423
cao_qiao_001,5424,180.980981,3840,2160,18,5424
cao_qiao_001,5425,181.014348,3840,2160,17,5425
cao_qiao_001,5426,181.047714,3840,2160,17,5426
cao_qiao_001,5427,181.081081,3840,2160,18,5427
cao_qiao_001,5428,181.114448,3840,2160,18,5428
cao_qiao_001,5429,181.147814,3840,2160,19,5429
cao_qiao_001,5430,181.181181,3840,2160,20,5430
cao_qiao_001,5431,181.214548,3840,2160,20,5431
cao_qiao_001,5432,181.247915,3840,2160,20,5432
cao_qiao_001,5433,181.281281,3840,2160,18,5433
cao_qiao_001,5434,181.314648,3840,2160,18,5434
cao_qiao_001,5435,181.348015,3840,2160,18,5435
cao_qiao_001,5436,181.381381,3840,2160,20,5436
cao_qiao_001,5437,181.414748,3840,2160,19,5437
cao_qiao_001,5438,181.448115,3840,2160,18,5438
cao_qiao_001,5439,181.481481,3840,2160,19,5439
cao_qiao_001,5440,181.514848,3840,2160,19,5440
cao_qiao_001,5441,181.548215,3840,2160,18,5441
cao_qiao_001,5442,181.581582,3840,2160,19,5442
cao_qiao_001,5443,181.614948,3840,2160,19,5443
cao_qiao_001,5444,181.648315,3840,2160,18,5444
cao_qiao_001,5445,181.681682,3840,2160,19,5445
cao_qiao_001,5446,181.715048,3840,2160,19,5446
cao_qiao_001,5447,181.748415,3840,2160,19,5447
cao_qiao_001,5448,181.781782,3840,2160,19,5448
cao_qiao_001,5449,181.815148,3840,2160,19,5449
cao_qiao_001,5450,181.848515,3840,2160,18,5450
cao_qiao_001,5451,181.881882,3840,2160,18,5451
cao_qiao_001,5452,181.915249,3840,2160,17,5452
cao_qiao_001,5453,181.948615,3840,2160,18,5453
cao_qiao_001,5454,181.981982,3840,2160,19,5454
cao_qiao_001,5455,182.015349,3840,2160,19,5455
cao_qiao_001,5456,182.048715,3840,2160,18,5456
cao_qiao_001,5457,182.082082,3840,2160,18,5457
cao_qiao_001,5458,182.115449,3840,2160,19,5458
cao_qiao_001,5459,182.148815,3840,2160,19,5459
cao_qiao_001,5460,182.182182,3840,2160,21,5460
cao_qiao_001,5461,182.215549,3840,2160,20,5461
cao_qiao_001,5462,182.248916,3840,2160,20,5462
cao_qiao_001,5463,182.282282,3840,2160,19,5463
cao_qiao_001,5464,182.315649,3840,2160,18,5464
cao_qiao_001,5465,182.349016,3840,2160,20,5465
cao_qiao_001,5466,182.382382,3840,2160,20,5466
cao_qiao_001,5467,182.415749,3840,2160,20,5467
cao_qiao_001,5468,182.449116,3840,2160,20,5468
cao_qiao_001,5469,182.482482,3840,2160,20,5469
cao_qiao_001,5470,182.515849,3840,2160,20,5470
cao_qiao_001,5471,182.549216,3840,2160,20,5471
cao_qiao_001,5472,182.582583,3840,2160,20,5472
cao_qiao_001,5473,182.615949,3840,2160,20,5473
cao_qiao_001,5474,182.649316,3840,2160,21,5474
cao_qiao_001,5475,182.682683,3840,2160,21,5475
cao_qiao_001,5476,182.716049,3840,2160,21,5476
cao_qiao_001,5477,182.749416,3840,2160,21,5477
cao_qiao_001,5478,182.782783,3840,2160,21,5478
cao_qiao_001,5479,182.816149,3840,2160,21,5479
cao_qiao_001,5480,182.849516,3840,2160,20,5480
cao_qiao_001,5481,182.882883,3840,2160,20,5481
cao_qiao_001,5482,182.916250,3840,2160,20,5482
cao_qiao_001,5483,182.949616,3840,2160,20,5483
cao_qiao_001,5484,182.982983,3840,2160,20,5484
cao_qiao_001,5485,183.016350,3840,2160,20,5485
cao_qiao_001,5486,183.049716,3840,2160,21,5486
cao_qiao_001,5487,183.083083,3840,2160,20,5487
cao_qiao_001,5488,183.116450,3840,2160,20,5488
cao_qiao_001,5489,183.149816,3840,2160,21,5489
cao_qiao_001,5490,183.183183,3840,2160,21,5490
cao_qiao_001,5491,183.216550,3840,2160,21,5491
cao_qiao_001,5492,183.249917,3840,2160,21,5492
cao_qiao_001,5493,183.283283,3840,2160,20,5493
cao_qiao_001,5494,183.316650,3840,2160,20,5494
cao_qiao_001,5495,183.350017,3840,2160,20,5495
cao_qiao_001,5496,183.383383,3840,2160,20,5496
cao_qiao_001,5497,183.416750,3840,2160,21,5497
cao_qiao_001,5498,183.450117,3840,2160,21,5498
cao_qiao_001,5499,183.483483,3840,2160,21,5499
cao_qiao_001,5500,183.516850,3840,2160,20,5500
cao_qiao_001,5501,183.550217,3840,2160,20,5501
cao_qiao_001,5502,183.583584,3840,2160,20,5502
cao_qiao_001,5503,183.616950,3840,2160,22,5503
cao_qiao_001,5504,183.650317,3840,2160,21,5504
cao_qiao_001,5505,183.683684,3840,2160,21,5505
cao_qiao_001,5506,183.717050,3840,2160,20,5506
cao_qiao_001,5507,183.750417,3840,2160,20,5507
cao_qiao_001,5508,183.783784,3840,2160,20,5508
cao_qiao_001,5509,183.817150,3840,2160,21,5509
cao_qiao_001,5510,183.850517,3840,2160,20,5510
cao_qiao_001,5511,183.883884,3840,2160,20,5511
cao_qiao_001,5512,183.917251,3840,2160,22,5512
cao_qiao_001,5513,183.950617,3840,2160,22,5513
cao_qiao_001,5514,183.983984,3840,2160,22,5514
cao_qiao_001,5515,184.017351,3840,2160,21,5515
cao_qiao_001,5516,184.050717,3840,2160,21,5516
cao_qiao_001,5517,184.084084,3840,2160,22,5517
cao_qiao_001,5518,184.117451,3840,2160,22,5518
cao_qiao_001,5519,184.150817,3840,2160,22,5519
cao_qiao_001,5520,184.184184,3840,2160,22,5520
cao_qiao_001,5521,184.217551,3840,2160,22,5521
cao_qiao_001,5522,184.250918,3840,2160,22,5522
cao_qiao_001,5523,184.284284,3840,2160,21,5523
cao_qiao_001,5524,184.317651,3840,2160,22,5524
cao_qiao_001,5525,184.351018,3840,2160,20,5525
cao_qiao_001,5526,184.384384,3840,2160,21,5526
cao_qiao_001,5527,184.417751,3840,2160,21,5527
cao_qiao_001,5528,184.451118,3840,2160,21,5528
cao_qiao_001,5529,184.484484,3840,2160,21,5529
cao_qiao_001,5530,184.517851,3840,2160,20,5530
cao_qiao_001,5531,184.551218,3840,2160,20,5531
cao_qiao_001,5532,184.584585,3840,2160,21,5532
cao_qiao_001,5533,184.617951,3840,2160,20,5533
cao_qiao_001,5534,184.651318,3840,2160,20,5534
cao_qiao_001,5535,184.684685,3840,2160,20,5535
cao_qiao_001,5536,184.718051,3840,2160,19,5536
cao_qiao_001,5537,184.751418,3840,2160,20,5537
cao_qiao_001,5538,184.784785,3840,2160,20,5538
cao_qiao_001,5539,184.818151,3840,2160,20,5539
cao_qiao_001,5540,184.851518,3840,2160,21,5540
cao_qiao_001,5541,184.884885,3840,2160,21,5541
cao_qiao_001,5542,184.918252,3840,2160,20,5542
cao_qiao_001,5543,184.951618,3840,2160,20,5543
cao_qiao_001,5544,184.984985,3840,2160,20,5544
cao_qiao_001,5545,185.018352,3840,2160,22,5545
cao_qiao_001,5546,185.051718,3840,2160,21,5546
cao_qiao_001,5547,185.085085,3840,2160,21,5547
cao_qiao_001,5548,185.118452,3840,2160,21,5548
cao_qiao_001,5549,185.151818,3840,2160,21,5549
cao_qiao_001,5550,185.185185,3840,2160,20,5550
cao_qiao_001,5551,185.218552,3840,2160,20,5551
cao_qiao_001,5552,185.251919,3840,2160,20,5552
cao_qiao_001,5553,185.285285,3840,2160,20,5553
cao_qiao_001,5554,185.318652,3840,2160,20,5554
cao_qiao_001,5555,185.352019,3840,2160,20,5555
cao_qiao_001,5556,185.385385,3840,2160,20,5556
cao_qiao_001,5557,185.418752,3840,2160,20,5557
cao_qiao_001,5558,185.452119,3840,2160,19,5558
cao_qiao_001,5559,185.485485,3840,2160,20,5559
cao_qiao_001,5560,185.518852,3840,2160,21,5560
cao_qiao_001,5561,185.552219,3840,2160,22,5561
cao_qiao_001,5562,185.585586,3840,2160,20,5562
cao_qiao_001,5563,185.618952,3840,2160,20,5563
cao_qiao_001,5564,185.652319,3840,2160,20,5564
cao_qiao_001,5565,185.685686,3840,2160,21,5565
cao_qiao_001,5566,185.719052,3840,2160,21,5566
cao_qiao_001,5567,185.752419,3840,2160,20,5567
cao_qiao_001,5568,185.785786,3840,2160,20,5568
cao_qiao_001,5569,185.819152,3840,2160,20,5569
cao_qiao_001,5570,185.852519,3840,2160,20,5570
cao_qiao_001,5571,185.885886,3840,2160,20,5571
cao_qiao_001,5572,185.919253,3840,2160,20,5572
cao_qiao_001,5573,185.952619,3840,2160,20,5573
cao_qiao_001,5574,185.985986,3840,2160,20,5574
cao_qiao_001,5575,186.019353,3840,2160,21,5575
cao_qiao_001,5576,186.052719,3840,2160,20,5576
cao_qiao_001,5577,186.086086,3840,2160,20,5577
cao_qiao_001,5578,186.119453,3840,2160,20,5578
cao_qiao_001,5579,186.152819,3840,2160,21,5579
cao_qiao_001,5580,186.186186,3840,2160,21,5580
cao_qiao_001,5581,186.219553,3840,2160,21,5581
cao_qiao_001,5582,186.252920,3840,2160,21,5582
cao_qiao_001,5583,186.286286,3840,2160,20,5583
cao_qiao_001,5584,186.319653,3840,2160,20,5584
cao_qiao_001,5585,186.353020,3840,2160,21,5585
cao_qiao_001,5586,186.386386,3840,2160,21,5586
cao_qiao_001,5587,186.419753,3840,2160,21,5587
cao_qiao_001,5588,186.453120,3840,2160,22,5588
cao_qiao_001,5589,186.486486,3840,2160,22,5589
cao_qiao_001,5590,186.519853,3840,2160,22,5590
cao_qiao_001,5591,186.553220,3840,2160,21,5591
cao_qiao_001,5592,186.586587,3840,2160,21,5592
cao_qiao_001,5593,186.619953,3840,2160,22,5593
cao_qiao_001,5594,186.653320,3840,2160,22,5594
cao_qiao_001,5595,186.686687,3840,2160,22,5595
cao_qiao_001,5596,186.720053,3840,2160,21,5596
cao_qiao_001,5597,186.753420,3840,2160,21,5597
cao_qiao_001,5598,186.786787,3840,2160,22,5598
cao_qiao_001,5599,186.820153,3840,2160,24,5599
cao_qiao_001,5600,186.853520,3840,2160,22,5600
cao_qiao_001,5601,186.886887,3840,2160,21,5601
cao_qiao_001,5602,186.920254,3840,2160,22,5602
cao_qiao_001,5603,186.953620,3840,2160,22,5603
cao_qiao_001,5604,186.986987,3840,2160,23,5604
cao_qiao_001,5605,187.020354,3840,2160,23,5605
cao_qiao_001,5606,187.053720,3840,2160,23,5606
cao_qiao_001,5607,187.087087,3840,2160,24,5607
cao_qiao_001,5608,187.120454,3840,2160,24,5608
cao_qiao_001,5609,187.153820,3840,2160,24,5609
cao_qiao_001,5610,187.187187,3840,2160,25,5610
cao_qiao_001,5611,187.220554,3840,2160,25,5611
cao_qiao_001,5612,187.253921,3840,2160,25,5612
cao_qiao_001,5613,187.287287,3840,2160,23,5613
cao_qiao_001,5614,187.320654,3840,2160,23,5614
cao_qiao_001,5615,187.354021,3840,2160,22,5615
cao_qiao_001,5616,187.387387,3840,2160,23,5616
cao_qiao_001,5617,187.420754,3840,2160,24,5617
cao_qiao_001,5618,187.454121,3840,2160,25,5618
cao_qiao_001,5619,187.487487,3840,2160,25,5619
cao_qiao_001,5620,187.520854,3840,2160,23,5620
cao_qiao_001,5621,187.554221,3840,2160,23,5621
cao_qiao_001,5622,187.587588,3840,2160,23,5622
cao_qiao_001,5623,187.620954,3840,2160,23,5623
cao_qiao_001,5624,187.654321,3840,2160,22,5624
cao_qiao_001,5625,187.687688,3840,2160,22,5625
cao_qiao_001,5626,187.721054,3840,2160,22,5626
cao_qiao_001,5627,187.754421,3840,2160,22,5627
cao_qiao_001,5628,187.787788,3840,2160,22,5628
cao_qiao_001,5629,187.821154,3840,2160,22,5629
cao_qiao_001,5630,187.854521,3840,2160,22,5630
cao_qiao_001,5631,187.887888,3840,2160,22,5631
cao_qiao_001,5632,187.921255,3840,2160,22,5632
cao_qiao_001,5633,187.954621,3840,2160,22,5633
cao_qiao_001,5634,187.987988,3840,2160,22,5634
cao_qiao_001,5635,188.021355,3840,2160,22,5635
cao_qiao_001,5636,188.054721,3840,2160,21,5636
cao_qiao_001,5637,188.088088,3840,2160,21,5637
cao_qiao_001,5638,188.121455,3840,2160,22,5638
cao_qiao_001,5639,188.154821,3840,2160,22,5639
cao_qiao_001,5640,188.188188,3840,2160,22,5640
cao_qiao_001,5641,188.221555,3840,2160,22,5641
cao_qiao_001,5642,188.254922,3840,2160,23,5642
cao_qiao_001,5643,188.288288,3840,2160,22,5643
cao_qiao_001,5644,188.321655,3840,2160,22,5644
cao_qiao_001,5645,188.355022,3840,2160,22,5645
cao_qiao_001,5646,188.388388,3840,2160,24,5646
cao_qiao_001,5647,188.421755,3840,2160,23,5647
cao_qiao_001,5648,188.455122,3840,2160,23,5648
cao_qiao_001,5649,188.488488,3840,2160,22,5649
cao_qiao_001,5650,188.521855,3840,2160,22,5650
cao_qiao_001,5651,188.555222,3840,2160,22,5651
cao_qiao_001,5652,188.588589,3840,2160,22,5652
cao_qiao_001,5653,188.621955,3840,2160,22,5653
cao_qiao_001,5654,188.655322,3840,2160,22,5654
cao_qiao_001,5655,188.688689,3840,2160,23,5655
cao_qiao_001,5656,188.722055,3840,2160,22,5656
cao_qiao_001,5657,188.755422,3840,2160,22,5657
cao_qiao_001,5658,188.788789,3840,2160,22,5658
cao_qiao_001,5659,188.822155,3840,2160,22,5659
cao_qiao_001,5660,188.855522,3840,2160,22,5660
cao_qiao_001,5661,188.888889,3840,2160,21,5661
cao_qiao_001,5662,188.922256,3840,2160,21,5662
cao_qiao_001,5663,188.955622,3840,2160,21,5663
cao_qiao_001,5664,188.988989,3840,2160,21,5664
cao_qiao_001,5665,189.022356,3840,2160,22,5665
cao_qiao_001,5666,189.055722,3840,2160,22,5666
cao_qiao_001,5667,189.089089,3840,2160,21,5667
cao_qiao_001,5668,189.122456,3840,2160,21,5668
cao_qiao_001,5669,189.155822,3840,2160,21,5669
cao_qiao_001,5670,189.189189,3840,2160,22,5670
cao_qiao_001,5671,189.222556,3840,2160,22,5671
cao_qiao_001,5672,189.255923,3840,2160,22,5672
cao_qiao_001,5673,189.289289,3840,2160,22,5673
cao_qiao_001,5674,189.322656,3840,2160,23,5674
cao_qiao_001,5675,189.356023,3840,2160,21,5675
cao_qiao_001,5676,189.389389,3840,2160,21,5676
cao_qiao_001,5677,189.422756,3840,2160,21,5677
cao_qiao_001,5678,189.456123,3840,2160,21,5678
cao_qiao_001,5679,189.489489,3840,2160,22,5679
cao_qiao_001,5680,189.522856,3840,2160,22,5680
cao_qiao_001,5681,189.556223,3840,2160,23,5681
cao_qiao_001,5682,189.589590,3840,2160,22,5682
cao_qiao_001,5683,189.622956,3840,2160,21,5683
cao_qiao_001,5684,189.656323,3840,2160,20,5684
cao_qiao_001,5685,189.689690,3840,2160,20,5685
cao_qiao_001,5686,189.723056,3840,2160,20,5686
cao_qiao_001,5687,189.756423,3840,2160,22,5687
cao_qiao_001,5688,189.789790,3840,2160,21,5688
cao_qiao_001,5689,189.823156,3840,2160,21,5689
cao_qiao_001,5690,189.856523,3840,2160,21,5690
cao_qiao_001,5691,189.889890,3840,2160,21,5691
cao_qiao_001,5692,189.923257,3840,2160,22,5692
cao_qiao_001,5693,189.956623,3840,2160,22,5693
cao_qiao_001,5694,189.989990,3840,2160,22,5694
cao_qiao_001,5695,190.023357,3840,2160,21,5695
cao_qiao_001,5696,190.056723,3840,2160,21,5696
cao_qiao_001,5697,190.090090,3840,2160,21,5697
cao_qiao_001,5698,190.123457,3840,2160,20,5698
cao_qiao_001,5699,190.156823,3840,2160,20,5699
cao_qiao_001,5700,190.190190,3840,2160,20,5700
cao_qiao_001,5701,190.223557,3840,2160,21,5701
cao_qiao_001,5702,190.256924,3840,2160,22,5702
cao_qiao_001,5703,190.290290,3840,2160,23,5703
cao_qiao_001,5704,190.323657,3840,2160,23,5704
cao_qiao_001,5705,190.357024,3840,2160,23,5705
cao_qiao_001,5706,190.390390,3840,2160,21,5706
cao_qiao_001,5707,190.423757,3840,2160,20,5707
cao_qiao_001,5708,190.457124,3840,2160,21,5708
cao_qiao_001,5709,190.490490,3840,2160,20,5709
cao_qiao_001,5710,190.523857,3840,2160,20,5710
cao_qiao_001,5711,190.557224,3840,2160,22,5711
cao_qiao_001,5712,190.590591,3840,2160,22,5712
cao_qiao_001,5713,190.623957,3840,2160,22,5713
cao_qiao_001,5714,190.657324,3840,2160,22,5714
cao_qiao_001,5715,190.690691,3840,2160,22,5715
cao_qiao_001,5716,190.724057,3840,2160,22,5716
cao_qiao_001,5717,190.757424,3840,2160,22,5717
cao_qiao_001,5718,190.790791,3840,2160,22,5718
cao_qiao_001,5719,190.824157,3840,2160,21,5719
cao_qiao_001,5720,190.857524,3840,2160,21,5720
cao_qiao_001,5721,190.890891,3840,2160,21,5721
cao_qiao_001,5722,190.924258,3840,2160,20,5722
cao_qiao_001,5723,190.957624,3840,2160,20,5723
cao_qiao_001,5724,190.990991,3840,2160,21,5724
cao_qiao_001,5725,191.024358,3840,2160,21,5725
cao_qiao_001,5726,191.057724,3840,2160,21,5726
cao_qiao_001,5727,191.091091,3840,2160,23,5727
cao_qiao_001,5728,191.124458,3840,2160,23,5728
cao_qiao_001,5729,191.157824,3840,2160,23,5729
cao_qiao_001,5730,191.191191,3840,2160,23,5730
cao_qiao_001,5731,191.224558,3840,2160,23,5731
cao_qiao_001,5732,191.257925,3840,2160,23,5732
cao_qiao_001,5733,191.291291,3840,2160,22,5733
cao_qiao_001,5734,191.324658,3840,2160,22,5734
cao_qiao_001,5735,191.358025,3840,2160,22,5735
cao_qiao_001,5736,191.391391,3840,2160,22,5736
cao_qiao_001,5737,191.424758,3840,2160,22,5737
cao_qiao_001,5738,191.458125,3840,2160,21,5738
cao_qiao_001,5739,191.491491,3840,2160,22,5739
cao_qiao_001,5740,191.524858,3840,2160,22,5740
cao_qiao_001,5741,191.558225,3840,2160,23,5741
cao_qiao_001,5742,191.591592,3840,2160,22,5742
cao_qiao_001,5743,191.624958,3840,2160,22,5743
cao_qiao_001,5744,191.658325,3840,2160,22,5744
cao_qiao_001,5745,191.691692,3840,2160,22,5745
cao_qiao_001,5746,191.725058,3840,2160,21,5746
cao_qiao_001,5747,191.758425,3840,2160,21,5747
cao_qiao_001,5748,191.791792,3840,2160,22,5748
cao_qiao_001,5749,191.825158,3840,2160,22,5749
cao_qiao_001,5750,191.858525,3840,2160,22,5750
cao_qiao_001,5751,191.891892,3840,2160,21,5751
cao_qiao_001,5752,191.925259,3840,2160,21,5752
cao_qiao_001,5753,191.958625,3840,2160,21,5753
cao_qiao_001,5754,191.991992,3840,2160,22,5754
cao_qiao_001,5755,192.025359,3840,2160,22,5755
cao_qiao_001,5756,192.058725,3840,2160,22,5756
cao_qiao_001,5757,192.092092,3840,2160,22,5757
cao_qiao_001,5758,192.125459,3840,2160,22,5758
cao_qiao_001,5759,192.158825,3840,2160,24,5759
cao_qiao_001,5760,192.192192,3840,2160,23,5760
cao_qiao_001,5761,192.225559,3840,2160,23,5761
cao_qiao_001,5762,192.258926,3840,2160,24,5762
cao_qiao_001,5763,192.292292,3840,2160,24,5763
cao_qiao_001,5764,192.325659,3840,2160,24,5764
cao_qiao_001,5765,192.359026,3840,2160,23,5765
cao_qiao_001,5766,192.392392,3840,2160,23,5766
cao_qiao_001,5767,192.425759,3840,2160,23,5767
cao_qiao_001,5768,192.459126,3840,2160,23,5768
cao_qiao_001,5769,192.492492,3840,2160,22,5769
cao_qiao_001,5770,192.525859,3840,2160,22,5770
cao_qiao_001,5771,192.559226,3840,2160,22,5771
cao_qiao_001,5772,192.592593,3840,2160,24,5772
cao_qiao_001,5773,192.625959,3840,2160,25,5773
cao_qiao_001,5774,192.659326,3840,2160,22,5774
cao_qiao_001,5775,192.692693,3840,2160,22,5775
cao_qiao_001,5776,192.726059,3840,2160,21,5776
cao_qiao_001,5777,192.759426,3840,2160,21,5777
cao_qiao_001,5778,192.792793,3840,2160,22,5778
cao_qiao_001,5779,192.826159,3840,2160,23,5779
cao_qiao_001,5780,192.859526,3840,2160,22,5780
cao_qiao_001,5781,192.892893,3840,2160,23,5781
cao_qiao_001,5782,192.926260,3840,2160,22,5782
cao_qiao_001,5783,192.959626,3840,2160,22,5783
cao_qiao_001,5784,192.992993,3840,2160,22,5784
cao_qiao_001,5785,193.026360,3840,2160,22,5785
cao_qiao_001,5786,193.059726,3840,2160,22,5786
cao_qiao_001,5787,193.093093,3840,2160,22,5787
cao_qiao_001,5788,193.126460,3840,2160,21,5788
cao_qiao_001,5789,193.159826,3840,2160,21,5789
cao_qiao_001,5790,193.193193,3840,2160,21,5790
cao_qiao_001,5791,193.226560,3840,2160,22,5791
cao_qiao_001,5792,193.259927,3840,2160,21,5792
cao_qiao_001,5793,193.293293,3840,2160,22,5793
cao_qiao_001,5794,193.326660,3840,2160,21,5794
cao_qiao_001,5795,193.360027,3840,2160,21,5795
cao_qiao_001,5796,193.393393,3840,2160,22,5796
cao_qiao_001,5797,193.426760,3840,2160,21,5797
cao_qiao_001,5798,193.460127,3840,2160,22,5798
cao_qiao_001,5799,193.493493,3840,2160,22,5799
cao_qiao_001,5800,193.526860,3840,2160,20,5800
cao_qiao_001,5801,193.560227,3840,2160,20,5801
cao_qiao_001,5802,193.593594,3840,2160,20,5802
cao_qiao_001,5803,193.626960,3840,2160,21,5803
cao_qiao_001,5804,193.660327,3840,2160,20,5804
cao_qiao_001,5805,193.693694,3840,2160,20,5805
cao_qiao_001,5806,193.727060,3840,2160,20,5806
cao_qiao_001,5807,193.760427,3840,2160,20,5807
cao_qiao_001,5808,193.793794,3840,2160,20,5808
cao_qiao_001,5809,193.827160,3840,2160,21,5809
cao_qiao_001,5810,193.860527,3840,2160,21,5810
cao_qiao_001,5811,193.893894,3840,2160,20,5811
cao_qiao_001,5812,193.927261,3840,2160,20,5812
cao_qiao_001,5813,193.960627,3840,2160,20,5813
cao_qiao_001,5814,193.993994,3840,2160,20,5814
cao_qiao_001,5815,194.027361,3840,2160,19,5815
cao_qiao_001,5816,194.060727,3840,2160,19,5816
cao_qiao_001,5817,194.094094,3840,2160,20,5817
cao_qiao_001,5818,194.127461,3840,2160,21,5818
cao_qiao_001,5819,194.160827,3840,2160,20,5819
cao_qiao_001,5820,194.194194,3840,2160,20,5820
cao_qiao_001,5821,194.227561,3840,2160,21,5821
cao_qiao_001,5822,194.260928,3840,2160,20,5822
cao_qiao_001,5823,194.294294,3840,2160,21,5823
cao_qiao_001,5824,194.327661,3840,2160,21,5824
cao_qiao_001,5825,194.361028,3840,2160,21,5825
cao_qiao_001,5826,194.394394,3840,2160,21,5826
cao_qiao_001,5827,194.427761,3840,2160,20,5827
cao_qiao_001,5828,194.461128,3840,2160,20,5828
cao_qiao_001,5829,194.494494,3840,2160,20,5829
cao_qiao_001,5830,194.527861,3840,2160,20,5830
cao_qiao_001,5831,194.561228,3840,2160,20,5831
cao_qiao_001,5832,194.594595,3840,2160,20,5832
cao_qiao_001,5833,194.627961,3840,2160,20,5833
cao_qiao_001,5834,194.661328,3840,2160,21,5834
cao_qiao_001,5835,194.694695,3840,2160,21,5835
cao_qiao_001,5836,194.728061,3840,2160,21,5836
cao_qiao_001,5837,194.761428,3840,2160,22,5837
cao_qiao_001,5838,194.794795,3840,2160,22,5838
cao_qiao_001,5839,194.828161,3840,2160,21,5839
cao_qiao_001,5840,194.861528,3840,2160,21,5840
cao_qiao_001,5841,194.894895,3840,2160,21,5841
cao_qiao_001,5842,194.928262,3840,2160,22,5842
cao_qiao_001,5843,194.961628,3840,2160,21,5843
cao_qiao_001,5844,194.994995,3840,2160,21,5844
cao_qiao_001,5845,195.028362,3840,2160,22,5845
cao_qiao_001,5846,195.061728,3840,2160,22,5846
cao_qiao_001,5847,195.095095,3840,2160,22,5847
cao_qiao_001,5848,195.128462,3840,2160,21,5848
cao_qiao_001,5849,195.161828,3840,2160,20,5849
cao_qiao_001,5850,195.195195,3840,2160,20,5850
cao_qiao_001,5851,195.228562,3840,2160,20,5851
cao_qiao_001,5852,195.261929,3840,2160,23,5852
cao_qiao_001,5853,195.295295,3840,2160,23,5853
cao_qiao_001,5854,195.328662,3840,2160,22,5854
cao_qiao_001,5855,195.362029,3840,2160,21,5855
cao_qiao_001,5856,195.395395,3840,2160,21,5856
cao_qiao_001,5857,195.428762,3840,2160,21,5857
cao_qiao_001,5858,195.462129,3840,2160,20,5858
cao_qiao_001,5859,195.495495,3840,2160,21,5859
cao_qiao_001,5860,195.528862,3840,2160,19,5860
cao_qiao_001,5861,195.562229,3840,2160,19,5861
cao_qiao_001,5862,195.595596,3840,2160,20,5862
cao_qiao_001,5863,195.628962,3840,2160,21,5863
cao_qiao_001,5864,195.662329,3840,2160,22,5864
cao_qiao_001,5865,195.695696,3840,2160,21,5865
cao_qiao_001,5866,195.729062,3840,2160,21,5866
cao_qiao_001,5867,195.762429,3840,2160,21,5867
cao_qiao_001,5868,195.795796,3840,2160,21,5868
cao_qiao_001,5869,195.829162,3840,2160,23,5869
cao_qiao_001,5870,195.862529,3840,2160,21,5870
cao_qiao_001,5871,195.895896,3840,2160,21,5871
cao_qiao_001,5872,195.929263,3840,2160,22,5872
cao_qiao_001,5873,195.962629,3840,2160,22,5873
cao_qiao_001,5874,195.995996,3840,2160,22,5874
cao_qiao_001,5875,196.029363,3840,2160,22,5875
cao_qiao_001,5876,196.062729,3840,2160,21,5876
cao_qiao_001,5877,196.096096,3840,2160,22,5877
cao_qiao_001,5878,196.129463,3840,2160,21,5878
cao_qiao_001,5879,196.162829,3840,2160,22,5879
cao_qiao_001,5880,196.196196,3840,2160,22,5880
cao_qiao_001,5881,196.229563,3840,2160,21,5881
cao_qiao_001,5882,196.262930,3840,2160,21,5882
cao_qiao_001,5883,196.296296,3840,2160,21,5883
cao_qiao_001,5884,196.329663,3840,2160,23,5884
cao_qiao_001,5885,196.363030,3840,2160,23,5885
cao_qiao_001,5886,196.396396,3840,2160,22,5886
cao_qiao_001,5887,196.429763,3840,2160,21,5887
cao_qiao_001,5888,196.463130,3840,2160,21,5888
cao_qiao_001,5889,196.496496,3840,2160,22,5889
cao_qiao_001,5890,196.529863,3840,2160,23,5890
cao_qiao_001,5891,196.563230,3840,2160,22,5891
cao_qiao_001,5892,196.596597,3840,2160,21,5892
cao_qiao_001,5893,196.629963,3840,2160,21,5893
cao_qiao_001,5894,196.663330,3840,2160,22,5894
cao_qiao_001,5895,196.696697,3840,2160,21,5895
cao_qiao_001,5896,196.730063,3840,2160,21,5896
cao_qiao_001,5897,196.763430,3840,2160,20,5897
cao_qiao_001,5898,196.796797,3840,2160,21,5898
cao_qiao_001,5899,196.830163,3840,2160,20,5899
cao_qiao_001,5900,196.863530,3840,2160,21,5900
cao_qiao_001,5901,196.896897,3840,2160,21,5901
cao_qiao_001,5902,196.930264,3840,2160,22,5902
cao_qiao_001,5903,196.963630,3840,2160,20,5903
cao_qiao_001,5904,196.996997,3840,2160,20,5904
cao_qiao_001,5905,197.030364,3840,2160,20,5905
cao_qiao_001,5906,197.063730,3840,2160,21,5906
cao_qiao_001,5907,197.097097,3840,2160,21,5907
cao_qiao_001,5908,197.130464,3840,2160,21,5908
cao_qiao_001,5909,197.163830,3840,2160,21,5909
cao_qiao_001,5910,197.197197,3840,2160,21,5910
cao_qiao_001,5911,197.230564,3840,2160,21,5911
cao_qiao_001,5912,197.263931,3840,2160,21,5912
cao_qiao_001,5913,197.297297,3840,2160,20,5913
cao_qiao_001,5914,197.330664,3840,2160,20,5914
cao_qiao_001,5915,197.364031,3840,2160,20,5915
cao_qiao_001,5916,197.397397,3840,2160,21,5916
cao_qiao_001,5917,197.430764,3840,2160,21,5917
cao_qiao_001,5918,197.464131,3840,2160,21,5918
cao_qiao_001,5919,197.497497,3840,2160,21,5919
cao_qiao_001,5920,197.530864,3840,2160,21,5920
cao_qiao_001,5921,197.564231,3840,2160,21,5921
cao_qiao_001,5922,197.597598,3840,2160,21,5922
cao_qiao_001,5923,197.630964,3840,2160,21,5923
cao_qiao_001,5924,197.664331,3840,2160,21,5924
cao_qiao_001,5925,197.697698,3840,2160,21,5925
cao_qiao_001,5926,197.731064,3840,2160,21,5926
cao_qiao_001,5927,197.764431,3840,2160,21,5927
cao_qiao_001,5928,197.797798,3840,2160,21,5928
cao_qiao_001,5929,197.831164,3840,2160,20,5929
cao_qiao_001,5930,197.864531,3840,2160,20,5930
cao_qiao_001,5931,197.897898,3840,2160,19,5931
cao_qiao_001,5932,197.931265,3840,2160,19,5932
cao_qiao_001,5933,197.964631,3840,2160,19,5933
cao_qiao_001,5934,197.997998,3840,2160,20,5934
cao_qiao_001,5935,198.031365,3840,2160,20,5935
cao_qiao_001,5936,198.064731,3840,2160,20,5936
cao_qiao_001,5937,198.098098,3840,2160,21,5937
cao_qiao_001,5938,198.131465,3840,2160,20,5938
cao_qiao_001,5939,198.164831,3840,2160,20,5939
cao_qiao_001,5940,198.198198,3840,2160,20,5940
cao_qiao_001,5941,198.231565,3840,2160,21,5941
cao_qiao_001,5942,198.264932,3840,2160,22,5942
cao_qiao_001,5943,198.298298,3840,2160,23,5943
cao_qiao_001,5944,198.331665,3840,2160,22,5944
cao_qiao_001,5945,198.365032,3840,2160,20,5945
cao_qiao_001,5946,198.398398,3840,2160,20,5946
cao_qiao_001,5947,198.431765,3840,2160,20,5947
cao_qiao_001,5948,198.465132,3840,2160,21,5948
cao_qiao_001,5949,198.498498,3840,2160,21,5949
cao_qiao_001,5950,198.531865,3840,2160,21,5950
cao_qiao_001,5951,198.565232,3840,2160,22,5951
cao_qiao_001,5952,198.598599,3840,2160,21,5952
cao_qiao_001,5953,198.631965,3840,2160,20,5953
cao_qiao_001,5954,198.665332,3840,2160,20,5954
cao_qiao_001,5955,198.698699,3840,2160,20,5955
cao_qiao_001,5956,198.732065,3840,2160,20,5956
cao_qiao_001,5957,198.765432,3840,2160,22,5957
cao_qiao_001,5958,198.798799,3840,2160,22,5958
cao_qiao_001,5959,198.832165,3840,2160,22,5959
cao_qiao_001,5960,198.865532,3840,2160,22,5960
cao_qiao_001,5961,198.898899,3840,2160,22,5961
cao_qiao_001,5962,198.932266,3840,2160,23,5962
cao_qiao_001,5963,198.965632,3840,2160,22,5963
cao_qiao_001,5964,198.998999,3840,2160,23,5964
cao_qiao_001,5965,199.032366,3840,2160,22,5965
cao_qiao_001,5966,199.065732,3840,2160,21,5966
cao_qiao_001,5967,199.099099,3840,2160,20,5967
cao_qiao_001,5968,199.132466,3840,2160,20,5968
cao_qiao_001,5969,199.165832,3840,2160,21,5969
cao_qiao_001,5970,199.199199,3840,2160,21,5970
cao_qiao_001,5971,199.232566,3840,2160,21,5971
cao_qiao_001,5972,199.265933,3840,2160,22,5972
cao_qiao_001,5973,199.299299,3840,2160,21,5973
cao_qiao_001,5974,199.332666,3840,2160,22,5974
cao_qiao_001,5975,199.366033,3840,2160,22,5975
cao_qiao_001,5976,199.399399,3840,2160,22,5976
cao_qiao_001,5977,199.432766,3840,2160,21,5977
cao_qiao_001,5978,199.466133,3840,2160,21,5978
cao_qiao_001,5979,199.499499,3840,2160,21,5979
cao_qiao_001,5980,199.532866,3840,2160,21,5980
cao_qiao_001,5981,199.566233,3840,2160,20,5981
cao_qiao_001,5982,199.599600,3840,2160,20,5982
cao_qiao_001,5983,199.632966,3840,2160,20,5983
cao_qiao_001,5984,199.666333,3840,2160,21,5984
cao_qiao_001,5985,199.699700,3840,2160,21,5985
cao_qiao_001,5986,199.733066,3840,2160,21,5986
cao_qiao_001,5987,199.766433,3840,2160,22,5987
cao_qiao_001,5988,199.799800,3840,2160,23,5988
cao_qiao_001,5989,199.833166,3840,2160,23,5989
cao_qiao_001,5990,199.866533,3840,2160,23,5990
cao_qiao_001,5991,199.899900,3840,2160,23,5991
cao_qiao_001,5992,199.933267,3840,2160,23,5992
cao_qiao_001,5993,199.966633,3840,2160,23,5993
cao_qiao_001,5994,200.000000,3840,2160,23,5994
cao_qiao_001,5995,200.033367,3840,2160,23,5995
cao_qiao_001,5996,200.066733,3840,2160,23,5996
cao_qiao_001,5997,200.100100,3840,2160,23,5997
cao_qiao_001,5998,200.133467,3840,2160,22,5998
cao_qiao_001,5999,200.166834,3840,2160,22,5999
cao_qiao_001,6000,200.200200,3840,2160,21,6000
cao_qiao_001,6001,200.233567,3840,2160,21,6001
cao_qiao_001,6002,200.266934,3840,2160,21,6002
cao_qiao_001,6003,200.300300,3840,2160,21,6003
cao_qiao_001,6004,200.333667,3840,2160,21,6004
cao_qiao_001,6005,200.367034,3840,2160,22,6005
cao_qiao_001,6006,200.400400,3840,2160,21,6006
cao_qiao_001,6007,200.433767,3840,2160,21,6007
cao_qiao_001,6008,200.467134,3840,2160,23,6008
cao_qiao_001,6009,200.500501,3840,2160,23,6009
cao_qiao_001,6010,200.533867,3840,2160,24,6010
cao_qiao_001,6011,200.567234,3840,2160,24,6011
cao_qiao_001,6012,200.600601,3840,2160,24,6012
cao_qiao_001,6013,200.633967,3840,2160,22,6013
cao_qiao_001,6014,200.667334,3840,2160,20,6014
cao_qiao_001,6015,200.700701,3840,2160,20,6015
cao_qiao_001,6016,200.734067,3840,2160,19,6016
cao_qiao_001,6017,200.767434,3840,2160,20,6017
cao_qiao_001,6018,200.800801,3840,2160,20,6018
cao_qiao_001,6019,200.834168,3840,2160,21,6019
cao_qiao_001,6020,200.867534,3840,2160,21,6020
cao_qiao_001,6021,200.900901,3840,2160,21,6021
cao_qiao_001,6022,200.934268,3840,2160,20,6022
cao_qiao_001,6023,200.967634,3840,2160,20,6023
cao_qiao_001,6024,201.001001,3840,2160,20,6024
cao_qiao_001,6025,201.034368,3840,2160,21,6025
cao_qiao_001,6026,201.067734,3840,2160,22,6026
cao_qiao_001,6027,201.101101,3840,2160,23,6027
cao_qiao_001,6028,201.134468,3840,2160,23,6028
cao_qiao_001,6029,201.167835,3840,2160,21,6029
cao_qiao_001,6030,201.201201,3840,2160,21,6030
cao_qiao_001,6031,201.234568,3840,2160,21,6031
cao_qiao_001,6032,201.267935,3840,2160,21,6032
cao_qiao_001,6033,201.301301,3840,2160,21,6033
cao_qiao_001,6034,201.334668,3840,2160,21,6034
cao_qiao_001,6035,201.368035,3840,2160,21,6035
cao_qiao_001,6036,201.401401,3840,2160,23,6036
cao_qiao_001,6037,201.434768,3840,2160,21,6037
cao_qiao_001,6038,201.468135,3840,2160,21,6038
cao_qiao_001,6039,201.501502,3840,2160,22,6039
cao_qiao_001,6040,201.534868,3840,2160,22,6040
cao_qiao_001,6041,201.568235,3840,2160,21,6041
cao_qiao_001,6042,201.601602,3840,2160,21,6042
cao_qiao_001,6043,201.634968,3840,2160,21,6043
cao_qiao_001,6044,201.668335,3840,2160,20,6044
cao_qiao_001,6045,201.701702,3840,2160,19,6045
cao_qiao_001,6046,201.735068,3840,2160,20,6046
cao_qiao_001,6047,201.768435,3840,2160,20,6047
cao_qiao_001,6048,201.801802,3840,2160,19,6048
cao_qiao_001,6049,201.835169,3840,2160,18,6049
cao_qiao_001,6050,201.868535,3840,2160,19,6050
cao_qiao_001,6051,201.901902,3840,2160,17,6051
cao_qiao_001,6052,201.935269,3840,2160,19,6052
cao_qiao_001,6053,201.968635,3840,2160,18,6053
cao_qiao_001,6054,202.002002,3840,2160,18,6054
cao_qiao_001,6055,202.035369,3840,2160,19,6055
cao_qiao_001,6056,202.068735,3840,2160,19,6056
cao_qiao_001,6057,202.102102,3840,2160,20,6057
cao_qiao_001,6058,202.135469,3840,2160,21,6058
cao_qiao_001,6059,202.168836,3840,2160,23,6059
cao_qiao_001,6060,202.202202,3840,2160,22,6060
cao_qiao_001,6061,202.235569,3840,2160,20,6061
cao_qiao_001,6062,202.268936,3840,2160,20,6062
cao_qiao_001,6063,202.302302,3840,2160,20,6063
cao_qiao_001,6064,202.335669,3840,2160,21,6064
cao_qiao_001,6065,202.369036,3840,2160,21,6065
cao_qiao_001,6066,202.402402,3840,2160,21,6066
cao_qiao_001,6067,202.435769,3840,2160,21,6067
cao_qiao_001,6068,202.469136,3840,2160,21,6068
cao_qiao_001,6069,202.502503,3840,2160,21,6069
cao_qiao_001,6070,202.535869,3840,2160,21,6070
cao_qiao_001,6071,202.569236,3840,2160,21,6071
cao_qiao_001,6072,202.602603,3840,2160,21,6072
cao_qiao_001,6073,202.635969,3840,2160,21,6073
cao_qiao_001,6074,202.669336,3840,2160,21,6074
cao_qiao_001,6075,202.702703,3840,2160,20,6075
cao_qiao_001,6076,202.736069,3840,2160,20,6076
cao_qiao_001,6077,202.769436,3840,2160,20,6077
cao_qiao_001,6078,202.802803,3840,2160,21,6078
cao_qiao_001,6079,202.836170,3840,2160,20,6079
cao_qiao_001,6080,202.869536,3840,2160,18,6080
cao_qiao_001,6081,202.902903,3840,2160,19,6081
cao_qiao_001,6082,202.936270,3840,2160,19,6082
cao_qiao_001,6083,202.969636,3840,2160,18,6083
cao_qiao_001,6084,203.003003,3840,2160,18,6084
cao_qiao_001,6085,203.036370,3840,2160,19,6085
cao_qiao_001,6086,203.069736,3840,2160,20,6086
cao_qiao_001,6087,203.103103,3840,2160,19,6087
cao_qiao_001,6088,203.136470,3840,2160,19,6088
cao_qiao_001,6089,203.169837,3840,2160,20,6089
cao_qiao_001,6090,203.203203,3840,2160,19,6090
cao_qiao_001,6091,203.236570,3840,2160,18,6091
cao_qiao_001,6092,203.269937,3840,2160,19,6092
cao_qiao_001,6093,203.303303,3840,2160,20,6093
cao_qiao_001,6094,203.336670,3840,2160,20,6094
cao_qiao_001,6095,203.370037,3840,2160,20,6095
cao_qiao_001,6096,203.403403,3840,2160,20,6096
cao_qiao_001,6097,203.436770,3840,2160,20,6097
cao_qiao_001,6098,203.470137,3840,2160,20,6098
cao_qiao_001,6099,203.503504,3840,2160,20,6099
cao_qiao_001,6100,203.536870,3840,2160,20,6100
cao_qiao_001,6101,203.570237,3840,2160,18,6101
cao_qiao_001,6102,203.603604,3840,2160,18,6102
cao_qiao_001,6103,203.636970,3840,2160,18,6103
cao_qiao_001,6104,203.670337,3840,2160,19,6104
cao_qiao_001,6105,203.703704,3840,2160,19,6105
cao_qiao_001,6106,203.737070,3840,2160,19,6106
cao_qiao_001,6107,203.770437,3840,2160,19,6107
cao_qiao_001,6108,203.803804,3840,2160,19,6108
cao_qiao_001,6109,203.837171,3840,2160,19,6109
cao_qiao_001,6110,203.870537,3840,2160,19,6110
cao_qiao_001,6111,203.903904,3840,2160,19,6111
cao_qiao_001,6112,203.937271,3840,2160,19,6112
cao_qiao_001,6113,203.970637,3840,2160,19,6113
cao_qiao_001,6114,204.004004,3840,2160,19,6114
cao_qiao_001,6115,204.037371,3840,2160,19,6115
cao_qiao_001,6116,204.070737,3840,2160,19,6116
cao_qiao_001,6117,204.104104,3840,2160,19,6117
cao_qiao_001,6118,204.137471,3840,2160,21,6118
cao_qiao_001,6119,204.170838,3840,2160,20,6119
cao_qiao_001,6120,204.204204,3840,2160,20,6120
cao_qiao_001,6121,204.237571,3840,2160,20,6121
cao_qiao_001,6122,204.270938,3840,2160,20,6122
cao_qiao_001,6123,204.304304,3840,2160,20,6123
cao_qiao_001,6124,204.337671,3840,2160,20,6124
cao_qiao_001,6125,204.371038,3840,2160,19,6125
cao_qiao_001,6126,204.404404,3840,2160,19,6126
cao_qiao_001,6127,204.437771,3840,2160,19,6127
cao_qiao_001,6128,204.471138,3840,2160,20,6128
cao_qiao_001,6129,204.504505,3840,2160,20,6129
cao_qiao_001,6130,204.537871,3840,2160,21,6130
cao_qiao_001,6131,204.571238,3840,2160,21,6131
cao_qiao_001,6132,204.604605,3840,2160,21,6132
cao_qiao_001,6133,204.637971,3840,2160,21,6133
cao_qiao_001,6134,204.671338,3840,2160,21,6134
cao_qiao_001,6135,204.704705,3840,2160,21,6135
cao_qiao_001,6136,204.738071,3840,2160,21,6136
cao_qiao_001,6137,204.771438,3840,2160,21,6137
cao_qiao_001,6138,204.804805,3840,2160,20,6138
cao_qiao_001,6139,204.838172,3840,2160,20,6139
cao_qiao_001,6140,204.871538,3840,2160,20,6140
cao_qiao_001,6141,204.904905,3840,2160,21,6141
cao_qiao_001,6142,204.938272,3840,2160,21,6142
cao_qiao_001,6143,204.971638,3840,2160,20,6143
cao_qiao_001,6144,205.005005,3840,2160,20,6144
cao_qiao_001,6145,205.038372,3840,2160,20,6145
cao_qiao_001,6146,205.071738,3840,2160,21,6146
cao_qiao_001,6147,205.105105,3840,2160,21,6147
cao_qiao_001,6148,205.138472,3840,2160,20,6148
cao_qiao_001,6149,205.171839,3840,2160,20,6149
cao_qiao_001,6150,205.205205,3840,2160,21,6150
cao_qiao_001,6151,205.238572,3840,2160,21,6151
cao_qiao_001,6152,205.271939,3840,2160,23,6152
cao_qiao_001,6153,205.305305,3840,2160,22,6153
cao_qiao_001,6154,205.338672,3840,2160,23,6154
cao_qiao_001,6155,205.372039,3840,2160,23,6155
cao_qiao_001,6156,205.405405,3840,2160,23,6156
cao_qiao_001,6157,205.438772,3840,2160,23,6157
cao_qiao_001,6158,205.472139,3840,2160,23,6158
cao_qiao_001,6159,205.505506,3840,2160,22,6159
cao_qiao_001,6160,205.538872,3840,2160,22,6160
cao_qiao_001,6161,205.572239,3840,2160,22,6161
cao_qiao_001,6162,205.605606,3840,2160,22,6162
cao_qiao_001,6163,205.638972,3840,2160,21,6163
cao_qiao_001,6164,205.672339,3840,2160,21,6164
cao_qiao_001,6165,205.705706,3840,2160,20,6165
cao_qiao_001,6166,205.739072,3840,2160,20,6166
cao_qiao_001,6167,205.772439,3840,2160,20,6167
cao_qiao_001,6168,205.805806,3840,2160,20,6168
cao_qiao_001,6169,205.839173,3840,2160,20,6169
cao_qiao_001,6170,205.872539,3840,2160,20,6170
cao_qiao_001,6171,205.905906,3840,2160,20,6171
cao_qiao_001,6172,205.939273,3840,2160,20,6172
cao_qiao_001,6173,205.972639,3840,2160,20,6173
cao_qiao_001,6174,206.006006,3840,2160,20,6174
cao_qiao_001,6175,206.039373,3840,2160,21,6175
cao_qiao_001,6176,206.072739,3840,2160,21,6176
cao_qiao_001,6177,206.106106,3840,2160,21,6177
cao_qiao_001,6178,206.139473,3840,2160,21,6178
cao_qiao_001,6179,206.172840,3840,2160,21,6179
cao_qiao_001,6180,206.206206,3840,2160,20,6180
cao_qiao_001,6181,206.239573,3840,2160,20,6181
cao_qiao_001,6182,206.272940,3840,2160,20,6182
cao_qiao_001,6183,206.306306,3840,2160,21,6183
cao_qiao_001,6184,206.339673,3840,2160,20,6184
cao_qiao_001,6185,206.373040,3840,2160,20,6185
cao_qiao_001,6186,206.406406,3840,2160,19,6186
cao_qiao_001,6187,206.439773,3840,2160,19,6187
cao_qiao_001,6188,206.473140,3840,2160,20,6188
cao_qiao_001,6189,206.506507,3840,2160,22,6189
cao_qiao_001,6190,206.539873,3840,2160,21,6190
cao_qiao_001,6191,206.573240,3840,2160,21,6191
cao_qiao_001,6192,206.606607,3840,2160,20,6192
cao_qiao_001,6193,206.639973,3840,2160,22,6193
cao_qiao_001,6194,206.673340,3840,2160,21,6194
cao_qiao_001,6195,206.706707,3840,2160,21,6195
cao_qiao_001,6196,206.740073,3840,2160,21,6196
cao_qiao_001,6197,206.773440,3840,2160,22,6197
cao_qiao_001,6198,206.806807,3840,2160,21,6198
cao_qiao_001,6199,206.840174,3840,2160,21,6199
cao_qiao_001,6200,206.873540,3840,2160,22,6200
cao_qiao_001,6201,206.906907,3840,2160,24,6201
cao_qiao_001,6202,206.940274,3840,2160,23,6202
cao_qiao_001,6203,206.973640,3840,2160,23,6203
cao_qiao_001,6204,207.007007,3840,2160,23,6204
cao_qiao_001,6205,207.040374,3840,2160,23,6205
cao_qiao_001,6206,207.073740,3840,2160,23,6206
cao_qiao_001,6207,207.107107,3840,2160,23,6207
cao_qiao_001,6208,207.140474,3840,2160,23,6208
cao_qiao_001,6209,207.173841,3840,2160,23,6209
cao_qiao_001,6210,207.207207,3840,2160,23,6210
cao_qiao_001,6211,207.240574,3840,2160,23,6211
cao_qiao_001,6212,207.273941,3840,2160,25,6212
cao_qiao_001,6213,207.307307,3840,2160,25,6213
cao_qiao_001,6214,207.340674,3840,2160,23,6214
cao_qiao_001,6215,207.374041,3840,2160,23,6215
cao_qiao_001,6216,207.407407,3840,2160,24,6216
cao_qiao_001,6217,207.440774,3840,2160,24,6217
cao_qiao_001,6218,207.474141,3840,2160,25,6218
cao_qiao_001,6219,207.507508,3840,2160,25,6219
cao_qiao_001,6220,207.540874,3840,2160,25,6220
cao_qiao_001,6221,207.574241,3840,2160,26,6221
cao_qiao_001,6222,207.607608,3840,2160,25,6222
cao_qiao_001,6223,207.640974,3840,2160,25,6223
cao_qiao_001,6224,207.674341,3840,2160,25,6224
cao_qiao_001,6225,207.707708,3840,2160,25,6225
cao_qiao_001,6226,207.741074,3840,2160,25,6226
cao_qiao_001,6227,207.774441,3840,2160,23,6227
cao_qiao_001,6228,207.807808,3840,2160,23,6228
cao_qiao_001,6229,207.841175,3840,2160,23,6229
cao_qiao_001,6230,207.874541,3840,2160,23,6230
cao_qiao_001,6231,207.907908,3840,2160,23,6231
cao_qiao_001,6232,207.941275,3840,2160,24,6232
cao_qiao_001,6233,207.974641,3840,2160,24,6233
cao_qiao_001,6234,208.008008,3840,2160,24,6234
cao_qiao_001,6235,208.041375,3840,2160,22,6235
cao_qiao_001,6236,208.074741,3840,2160,22,6236
cao_qiao_001,6237,208.108108,3840,2160,21,6237
cao_qiao_001,6238,208.141475,3840,2160,22,6238
cao_qiao_001,6239,208.174842,3840,2160,23,6239
cao_qiao_001,6240,208.208208,3840,2160,23,6240
cao_qiao_001,6241,208.241575,3840,2160,23,6241
cao_qiao_001,6242,208.274942,3840,2160,24,6242
cao_qiao_001,6243,208.308308,3840,2160,25,6243
cao_qiao_001,6244,208.341675,3840,2160,23,6244
cao_qiao_001,6245,208.375042,3840,2160,23,6245
cao_qiao_001,6246,208.408408,3840,2160,23,6246
cao_qiao_001,6247,208.441775,3840,2160,24,6247
cao_qiao_001,6248,208.475142,3840,2160,24,6248
cao_qiao_001,6249,208.508509,3840,2160,24,6249
cao_qiao_001,6250,208.541875,3840,2160,23,6250
cao_qiao_001,6251,208.575242,3840,2160,22,6251
cao_qiao_001,6252,208.608609,3840,2160,22,6252
cao_qiao_001,6253,208.641975,3840,2160,23,6253
cao_qiao_001,6254,208.675342,3840,2160,22,6254
cao_qiao_001,6255,208.708709,3840,2160,22,6255
cao_qiao_001,6256,208.742075,3840,2160,22,6256
cao_qiao_001,6257,208.775442,3840,2160,22,6257
cao_qiao_001,6258,208.808809,3840,2160,21,6258
cao_qiao_001,6259,208.842176,3840,2160,21,6259
cao_qiao_001,6260,208.875542,3840,2160,19,6260
cao_qiao_001,6261,208.908909,3840,2160,19,6261
cao_qiao_001,6262,208.942276,3840,2160,19,6262
cao_qiao_001,6263,208.975642,3840,2160,20,6263
cao_qiao_001,6264,209.009009,3840,2160,20,6264
cao_qiao_001,6265,209.042376,3840,2160,19,6265
cao_qiao_001,6266,209.075742,3840,2160,18,6266
cao_qiao_001,6267,209.109109,3840,2160,18,6267
cao_qiao_001,6268,209.142476,3840,2160,20,6268
cao_qiao_001,6269,209.175843,3840,2160,20,6269
cao_qiao_001,6270,209.209209,3840,2160,21,6270
cao_qiao_001,6271,209.242576,3840,2160,21,6271
cao_qiao_001,6272,209.275943,3840,2160,21,6272
cao_qiao_001,6273,209.309309,3840,2160,20,6273
cao_qiao_001,6274,209.342676,3840,2160,21,6274
cao_qiao_001,6275,209.376043,3840,2160,21,6275
cao_qiao_001,6276,209.409409,3840,2160,20,6276
cao_qiao_001,6277,209.442776,3840,2160,21,6277
cao_qiao_001,6278,209.476143,3840,2160,21,6278
cao_qiao_001,6279,209.509510,3840,2160,22,6279
cao_qiao_001,6280,209.542876,3840,2160,22,6280
cao_qiao_001,6281,209.576243,3840,2160,22,6281
cao_qiao_001,6282,209.609610,3840,2160,22,6282
cao_qiao_001,6283,209.642976,3840,2160,21,6283
cao_qiao_001,6284,209.676343,3840,2160,21,6284
cao_qiao_001,6285,209.709710,3840,2160,20,6285
cao_qiao_001,6286,209.743076,3840,2160,20,6286
cao_qiao_001,6287,209.776443,3840,2160,20,6287
cao_qiao_001,6288,209.809810,3840,2160,21,6288
cao_qiao_001,6289,209.843177,3840,2160,21,6289
cao_qiao_001,6290,209.876543,3840,2160,21,6290
cao_qiao_001,6291,209.909910,3840,2160,20,6291
cao_qiao_001,6292,209.943277,3840,2160,21,6292
cao_qiao_001,6293,209.976643,3840,2160,21,6293
cao_qiao_001,6294,210.010010,3840,2160,22,6294
cao_qiao_001,6295,210.043377,3840,2160,22,6295
cao_qiao_001,6296,210.076743,3840,2160,21,6296
cao_qiao_001,6297,210.110110,3840,2160,21,6297
cao_qiao_001,6298,210.143477,3840,2160,21,6298
cao_qiao_001,6299,210.176844,3840,2160,21,6299
cao_qiao_001,6300,210.210210,3840,2160,22,6300
cao_qiao_001,6301,210.243577,3840,2160,22,6301
cao_qiao_001,6302,210.276944,3840,2160,21,6302
cao_qiao_001,6303,210.310310,3840,2160,21,6303
cao_qiao_001,6304,210.343677,3840,2160,21,6304
cao_qiao_001,6305,210.377044,3840,2160,21,6305
cao_qiao_001,6306,210.410410,3840,2160,21,6306
cao_qiao_001,6307,210.443777,3840,2160,21,6307
cao_qiao_001,6308,210.477144,3840,2160,21,6308
cao_qiao_001,6309,210.510511,3840,2160,22,6309
cao_qiao_001,6310,210.543877,3840,2160,22,6310
cao_qiao_001,6311,210.577244,3840,2160,22,6311
cao_qiao_001,6312,210.610611,3840,2160,22,6312
cao_qiao_001,6313,210.643977,3840,2160,22,6313
cao_qiao_001,6314,210.677344,3840,2160,22,6314
cao_qiao_001,6315,210.710711,3840,2160,22,6315
cao_qiao_001,6316,210.744077,3840,2160,21,6316
cao_qiao_001,6317,210.777444,3840,2160,21,6317
cao_qiao_001,6318,210.810811,3840,2160,21,6318
cao_qiao_001,6319,210.844178,3840,2160,22,6319
cao_qiao_001,6320,210.877544,3840,2160,22,6320
cao_qiao_001,6321,210.910911,3840,2160,21,6321
cao_qiao_001,6322,210.944278,3840,2160,21,6322
cao_qiao_001,6323,210.977644,3840,2160,21,6323
cao_qiao_001,6324,211.011011,3840,2160,22,6324
cao_qiao_001,6325,211.044378,3840,2160,22,6325
cao_qiao_001,6326,211.077744,3840,2160,22,6326
cao_qiao_001,6327,211.111111,3840,2160,21,6327
cao_qiao_001,6328,211.144478,3840,2160,21,6328
cao_qiao_001,6329,211.177845,3840,2160,21,6329
cao_qiao_001,6330,211.211211,3840,2160,21,6330
cao_qiao_001,6331,211.244578,3840,2160,21,6331
cao_qiao_001,6332,211.277945,3840,2160,21,6332
cao_qiao_001,6333,211.311311,3840,2160,21,6333
cao_qiao_001,6334,211.344678,3840,2160,21,6334
cao_qiao_001,6335,211.378045,3840,2160,23,6335
cao_qiao_001,6336,211.411411,3840,2160,23,6336
cao_qiao_001,6337,211.444778,3840,2160,24,6337
cao_qiao_001,6338,211.478145,3840,2160,23,6338
cao_qiao_001,6339,211.511512,3840,2160,21,6339
cao_qiao_001,6340,211.544878,3840,2160,21,6340
cao_qiao_001,6341,211.578245,3840,2160,21,6341
cao_qiao_001,6342,211.611612,3840,2160,21,6342
cao_qiao_001,6343,211.644978,3840,2160,21,6343
cao_qiao_001,6344,211.678345,3840,2160,21,6344
cao_qiao_001,6345,211.711712,3840,2160,21,6345
cao_qiao_001,6346,211.745078,3840,2160,22,6346
cao_qiao_001,6347,211.778445,3840,2160,22,6347
cao_qiao_001,6348,211.811812,3840,2160,22,6348
cao_qiao_001,6349,211.845179,3840,2160,21,6349
cao_qiao_001,6350,211.878545,3840,2160,21,6350
cao_qiao_001,6351,211.911912,3840,2160,21,6351
cao_qiao_001,6352,211.945279,3840,2160,21,6352
cao_qiao_001,6353,211.978645,3840,2160,22,6353
cao_qiao_001,6354,212.012012,3840,2160,22,6354
cao_qiao_001,6355,212.045379,3840,2160,22,6355
cao_qiao_001,6356,212.078745,3840,2160,22,6356
cao_qiao_001,6357,212.112112,3840,2160,22,6357
cao_qiao_001,6358,212.145479,3840,2160,22,6358
cao_qiao_001,6359,212.178846,3840,2160,22,6359
cao_qiao_001,6360,212.212212,3840,2160,21,6360
cao_qiao_001,6361,212.245579,3840,2160,22,6361
cao_qiao_001,6362,212.278946,3840,2160,22,6362
cao_qiao_001,6363,212.312312,3840,2160,21,6363
cao_qiao_001,6364,212.345679,3840,2160,21,6364
cao_qiao_001,6365,212.379046,3840,2160,21,6365
cao_qiao_001,6366,212.412412,3840,2160,21,6366
cao_qiao_001,6367,212.445779,3840,2160,21,6367
cao_qiao_001,6368,212.479146,3840,2160,21,6368
cao_qiao_001,6369,212.512513,3840,2160,20,6369
cao_qiao_001,6370,212.545879,3840,2160,20,6370
cao_qiao_001,6371,212.579246,3840,2160,20,6371
cao_qiao_001,6372,212.612613,3840,2160,20,6372
cao_qiao_001,6373,212.645979,3840,2160,21,6373
cao_qiao_001,6374,212.679346,3840,2160,22,6374
cao_qiao_001,6375,212.712713,3840,2160,22,6375
cao_qiao_001,6376,212.746079,3840,2160,23,6376
cao_qiao_001,6377,212.779446,3840,2160,22,6377
cao_qiao_001,6378,212.812813,3840,2160,23,6378
cao_qiao_001,6379,212.846180,3840,2160,21,6379
cao_qiao_001,6380,212.879546,3840,2160,21,6380
cao_qiao_001,6381,212.912913,3840,2160,21,6381
cao_qiao_001,6382,212.946280,3840,2160,20,6382
cao_qiao_001,6383,212.979646,3840,2160,19,6383
cao_qiao_001,6384,213.013013,3840,2160,19,6384
cao_qiao_001,6385,213.046380,3840,2160,19,6385
cao_qiao_001,6386,213.079746,3840,2160,19,6386
cao_qiao_001,6387,213.113113,3840,2160,20,6387
cao_qiao_001,6388,213.146480,3840,2160,20,6388
cao_qiao_001,6389,213.179847,3840,2160,20,6389
cao_qiao_001,6390,213.213213,3840,2160,21,6390
cao_qiao_001,6391,213.246580,3840,2160,21,6391
cao_qiao_001,6392,213.279947,3840,2160,20,6392
cao_qiao_001,6393,213.313313,3840,2160,20,6393
cao_qiao_001,6394,213.346680,3840,2160,20,6394
cao_qiao_001,6395,213.380047,3840,2160,20,6395
cao_qiao_001,6396,213.413413,3840,2160,20,6396
cao_qiao_001,6397,213.446780,3840,2160,20,6397
cao_qiao_001,6398,213.480147,3840,2160,20,6398
cao_qiao_001,6399,213.513514,3840,2160,19,6399
cao_qiao_001,6400,213.546880,3840,2160,19,6400
cao_qiao_001,6401,213.580247,3840,2160,19,6401
cao_qiao_001,6402,213.613614,3840,2160,18,6402
cao_qiao_001,6403,213.646980,3840,2160,18,6403
cao_qiao_001,6404,213.680347,3840,2160,19,6404
cao_qiao_001,6405,213.713714,3840,2160,19,6405
cao_qiao_001,6406,213.747080,3840,2160,19,6406
cao_qiao_001,6407,213.780447,3840,2160,18,6407
cao_qiao_001,6408,213.813814,3840,2160,17,6408
cao_qiao_001,6409,213.847181,3840,2160,17,6409
cao_qiao_001,6410,213.880547,3840,2160,17,6410
cao_qiao_001,6411,213.913914,3840,2160,17,6411
cao_qiao_001,6412,213.947281,3840,2160,17,6412
cao_qiao_001,6413,213.980647,3840,2160,18,6413
cao_qiao_001,6414,214.014014,3840,2160,17,6414
cao_qiao_001,6415,214.047381,3840,2160,17,6415
cao_qiao_001,6416,214.080747,3840,2160,16,6416
cao_qiao_001,6417,214.114114,3840,2160,16,6417
cao_qiao_001,6418,214.147481,3840,2160,17,6418
cao_qiao_001,6419,214.180848,3840,2160,16,6419
cao_qiao_001,6420,214.214214,3840,2160,16,6420
cao_qiao_001,6421,214.247581,3840,2160,17,6421
cao_qiao_001,6422,214.280948,3840,2160,17,6422
cao_qiao_001,6423,214.314314,3840,2160,17,6423
cao_qiao_001,6424,214.347681,3840,2160,17,6424
cao_qiao_001,6425,214.381048,3840,2160,17,6425
cao_qiao_001,6426,214.414414,3840,2160,17,6426
cao_qiao_001,6427,214.447781,3840,2160,17,6427
cao_qiao_001,6428,214.481148,3840,2160,17,6428
cao_qiao_001,6429,214.514515,3840,2160,17,6429
cao_qiao_001,6430,214.547881,3840,2160,16,6430
cao_qiao_001,6431,214.581248,3840,2160,16,6431
cao_qiao_001,6432,214.614615,3840,2160,16,6432
cao_qiao_001,6433,214.647981,3840,2160,18,6433
cao_qiao_001,6434,214.681348,3840,2160,17,6434
cao_qiao_001,6435,214.714715,3840,2160,17,6435
cao_qiao_001,6436,214.748081,3840,2160,15,6436
cao_qiao_001,6437,214.781448,3840,2160,16,6437
cao_qiao_001,6438,214.814815,3840,2160,16,6438
cao_qiao_001,6439,214.848182,3840,2160,17,6439
cao_qiao_001,6440,214.881548,3840,2160,17,6440
cao_qiao_001,6441,214.914915,3840,2160,17,6441
cao_qiao_001,6442,214.948282,3840,2160,16,6442
cao_qiao_001,6443,214.981648,3840,2160,16,6443
cao_qiao_001,6444,215.015015,3840,2160,16,6444
cao_qiao_001,6445,215.048382,3840,2160,16,6445
cao_qiao_001,6446,215.081748,3840,2160,16,6446
cao_qiao_001,6447,215.115115,3840,2160,17,6447
cao_qiao_001,6448,215.148482,3840,2160,17,6448
cao_qiao_001,6449,215.181849,3840,2160,17,6449
cao_qiao_001,6450,215.215215,3840,2160,17,6450
cao_qiao_001,6451,215.248582,3840,2160,17,6451
cao_qiao_001,6452,215.281949,3840,2160,17,6452
cao_qiao_001,6453,215.315315,3840,2160,17,6453
cao_qiao_001,6454,215.348682,3840,2160,18,6454
cao_qiao_001,6455,215.382049,3840,2160,18,6455
cao_qiao_001,6456,215.415415,3840,2160,18,6456
cao_qiao_001,6457,215.448782,3840,2160,18,6457
cao_qiao_001,6458,215.482149,3840,2160,18,6458
cao_qiao_001,6459,215.515516,3840,2160,18,6459
cao_qiao_001,6460,215.548882,3840,2160,18,6460
cao_qiao_001,6461,215.582249,3840,2160,17,6461
cao_qiao_001,6462,215.615616,3840,2160,17,6462
cao_qiao_001,6463,215.648982,3840,2160,17,6463
cao_qiao_001,6464,215.682349,3840,2160,17,6464
cao_qiao_001,6465,215.715716,3840,2160,17,6465
cao_qiao_001,6466,215.749082,3840,2160,17,6466
cao_qiao_001,6467,215.782449,3840,2160,17,6467
cao_qiao_001,6468,215.815816,3840,2160,17,6468
cao_qiao_001,6469,215.849183,3840,2160,17,6469
cao_qiao_001,6470,215.882549,3840,2160,17,6470
cao_qiao_001,6471,215.915916,3840,2160,17,6471
cao_qiao_001,6472,215.949283,3840,2160,17,6472
cao_qiao_001,6473,215.982649,3840,2160,17,6473
cao_qiao_001,6474,216.016016,3840,2160,17,6474
cao_qiao_001,6475,216.049383,3840,2160,17,6475
cao_qiao_001,6476,216.082749,3840,2160,17,6476
cao_qiao_001,6477,216.116116,3840,2160,17,6477
cao_qiao_001,6478,216.149483,3840,2160,17,6478
cao_qiao_001,6479,216.182850,3840,2160,17,6479
cao_qiao_001,6480,216.216216,3840,2160,17,6480
cao_qiao_001,6481,216.249583,3840,2160,17,6481
cao_qiao_001,6482,216.282950,3840,2160,17,6482
cao_qiao_001,6483,216.316316,3840,2160,17,6483
cao_qiao_001,6484,216.349683,3840,2160,17,6484
cao_qiao_001,6485,216.383050,3840,2160,17,6485
cao_qiao_001,6486,216.416416,3840,2160,17,6486
cao_qiao_001,6487,216.449783,3840,2160,17,6487
cao_qiao_001,6488,216.483150,3840,2160,18,6488
cao_qiao_001,6489,216.516517,3840,2160,18,6489
cao_qiao_001,6490,216.549883,3840,2160,18,6490
cao_qiao_001,6491,216.583250,3840,2160,18,6491
cao_qiao_001,6492,216.616617,3840,2160,18,6492
cao_qiao_001,6493,216.649983,3840,2160,17,6493
cao_qiao_001,6494,216.683350,3840,2160,17,6494
cao_qiao_001,6495,216.716717,3840,2160,17,6495
cao_qiao_001,6496,216.750083,3840,2160,17,6496
cao_qiao_001,6497,216.783450,3840,2160,17,6497
cao_qiao_001,6498,216.816817,3840,2160,17,6498
cao_qiao_001,6499,216.850184,3840,2160,17,6499
cao_qiao_001,6500,216.883550,3840,2160,18,6500
cao_qiao_001,6501,216.916917,3840,2160,18,6501
cao_qiao_001,6502,216.950284,3840,2160,18,6502
cao_qiao_001,6503,216.983650,3840,2160,18,6503
cao_qiao_001,6504,217.017017,3840,2160,18,6504
cao_qiao_001,6505,217.050384,3840,2160,17,6505
cao_qiao_001,6506,217.083750,3840,2160,16,6506
cao_qiao_001,6507,217.117117,3840,2160,16,6507
cao_qiao_001,6508,217.150484,3840,2160,16,6508
cao_qiao_001,6509,217.183851,3840,2160,16,6509
cao_qiao_001,6510,217.217217,3840,2160,16,6510
cao_qiao_001,6511,217.250584,3840,2160,16,6511
cao_qiao_001,6512,217.283951,3840,2160,17,6512
cao_qiao_001,6513,217.317317,3840,2160,17,6513
cao_qiao_001,6514,217.350684,3840,2160,17,6514
cao_qiao_001,6515,217.384051,3840,2160,16,6515
cao_qiao_001,6516,217.417417,3840,2160,16,6516
cao_qiao_001,6517,217.450784,3840,2160,16,6517
cao_qiao_001,6518,217.484151,3840,2160,16,6518
cao_qiao_001,6519,217.517518,3840,2160,16,6519
cao_qiao_001,6520,217.550884,3840,2160,16,6520
cao_qiao_001,6521,217.584251,3840,2160,16,6521
cao_qiao_001,6522,217.617618,3840,2160,16,6522
cao_qiao_001,6523,217.650984,3840,2160,16,6523
cao_qiao_001,6524,217.684351,3840,2160,17,6524
cao_qiao_001,6525,217.717718,3840,2160,17,6525
cao_qiao_001,6526,217.751084,3840,2160,17,6526
cao_qiao_001,6527,217.784451,3840,2160,17,6527
cao_qiao_001,6528,217.817818,3840,2160,17,6528
cao_qiao_001,6529,217.851185,3840,2160,17,6529
cao_qiao_001,6530,217.884551,3840,2160,17,6530
cao_qiao_001,6531,217.917918,3840,2160,17,6531
cao_qiao_001,6532,217.951285,3840,2160,18,6532
cao_qiao_001,6533,217.984651,3840,2160,18,6533
cao_qiao_001,6534,218.018018,3840,2160,17,6534
cao_qiao_001,6535,218.051385,3840,2160,17,6535
cao_qiao_001,6536,218.084751,3840,2160,17,6536
cao_qiao_001,6537,218.118118,3840,2160,17,6537
cao_qiao_001,6538,218.151485,3840,2160,17,6538
cao_qiao_001,6539,218.184852,3840,2160,17,6539
cao_qiao_001,6540,218.218218,3840,2160,17,6540
cao_qiao_001,6541,218.251585,3840,2160,17,6541
cao_qiao_001,6542,218.284952,3840,2160,17,6542
cao_qiao_001,6543,218.318318,3840,2160,17,6543
cao_qiao_001,6544,218.351685,3840,2160,17,6544
cao_qiao_001,6545,218.385052,3840,2160,17,6545
cao_qiao_001,6546,218.418418,3840,2160,17,6546
cao_qiao_001,6547,218.451785,3840,2160,16,6547
cao_qiao_001,6548,218.485152,3840,2160,16,6548
cao_qiao_001,6549,218.518519,3840,2160,16,6549
cao_qiao_001,6550,218.551885,3840,2160,15,6550
cao_qiao_001,6551,218.585252,3840,2160,15,6551
cao_qiao_001,6552,218.618619,3840,2160,15,6552
cao_qiao_001,6553,218.651985,3840,2160,16,6553
cao_qiao_001,6554,218.685352,3840,2160,16,6554
cao_qiao_001,6555,218.718719,3840,2160,16,6555
cao_qiao_001,6556,218.752085,3840,2160,15,6556
cao_qiao_001,6557,218.785452,3840,2160,14,6557
cao_qiao_001,6558,218.818819,3840,2160,14,6558
cao_qiao_001,6559,218.852186,3840,2160,14,6559
cao_qiao_001,6560,218.885552,3840,2160,14,6560
cao_qiao_001,6561,218.918919,3840,2160,14,6561
cao_qiao_001,6562,218.952286,3840,2160,14,6562
cao_qiao_001,6563,218.985652,3840,2160,14,6563
cao_qiao_001,6564,219.019019,3840,2160,13,6564
cao_qiao_001,6565,219.052386,3840,2160,14,6565
cao_qiao_001,6566,219.085752,3840,2160,14,6566
cao_qiao_001,6567,219.119119,3840,2160,14,6567
cao_qiao_001,6568,219.152486,3840,2160,14,6568
cao_qiao_001,6569,219.185853,3840,2160,14,6569
cao_qiao_001,6570,219.219219,3840,2160,14,6570
cao_qiao_001,6571,219.252586,3840,2160,14,6571
cao_qiao_001,6572,219.285953,3840,2160,15,6572
cao_qiao_001,6573,219.319319,3840,2160,15,6573
cao_qiao_001,6574,219.352686,3840,2160,15,6574
cao_qiao_001,6575,219.386053,3840,2160,14,6575
cao_qiao_001,6576,219.419419,3840,2160,15,6576
cao_qiao_001,6577,219.452786,3840,2160,14,6577
cao_qiao_001,6578,219.486153,3840,2160,15,6578
cao_qiao_001,6579,219.519520,3840,2160,14,6579
cao_qiao_001,6580,219.552886,3840,2160,14,6580
cao_qiao_001,6581,219.586253,3840,2160,15,6581
cao_qiao_001,6582,219.619620,3840,2160,14,6582
cao_qiao_001,6583,219.652986,3840,2160,15,6583
cao_qiao_001,6584,219.686353,3840,2160,15,6584
cao_qiao_001,6585,219.719720,3840,2160,16,6585
cao_qiao_001,6586,219.753086,3840,2160,16,6586
cao_qiao_001,6587,219.786453,3840,2160,16,6587
cao_qiao_001,6588,219.819820,3840,2160,14,6588
cao_qiao_001,6589,219.853187,3840,2160,14,6589
cao_qiao_001,6590,219.886553,3840,2160,14,6590
cao_qiao_001,6591,219.919920,3840,2160,15,6591
cao_qiao_001,6592,219.953287,3840,2160,15,6592
cao_qiao_001,6593,219.986653,3840,2160,14,6593
cao_qiao_001,6594,220.020020,3840,2160,13,6594
cao_qiao_001,6595,220.053387,3840,2160,12,6595
cao_qiao_001,6596,220.086753,3840,2160,13,6596
cao_qiao_001,6597,220.120120,3840,2160,12,6597
cao_qiao_001,6598,220.153487,3840,2160,14,6598
cao_qiao_001,6599,220.186854,3840,2160,14,6599
cao_qiao_001,6600,220.220220,3840,2160,14,6600
cao_qiao_001,6601,220.253587,3840,2160,15,6601
cao_qiao_001,6602,220.286954,3840,2160,15,6602
cao_qiao_001,6603,220.320320,3840,2160,14,6603
cao_qiao_001,6604,220.353687,3840,2160,13,6604
cao_qiao_001,6605,220.387054,3840,2160,13,6605
cao_qiao_001,6606,220.420420,3840,2160,13,6606
cao_qiao_001,6607,220.453787,3840,2160,13,6607
cao_qiao_001,6608,220.487154,3840,2160,14,6608
cao_qiao_001,6609,220.520521,3840,2160,14,6609
cao_qiao_001,6610,220.553887,3840,2160,14,6610
cao_qiao_001,6611,220.587254,3840,2160,13,6611
cao_qiao_001,6612,220.620621,3840,2160,13,6612
cao_qiao_001,6613,220.653987,3840,2160,12,6613
cao_qiao_001,6614,220.687354,3840,2160,13,6614
cao_qiao_001,6615,220.720721,3840,2160,12,6615
cao_qiao_001,6616,220.754087,3840,2160,12,6616
cao_qiao_001,6617,220.787454,3840,2160,12,6617
cao_qiao_001,6618,220.820821,3840,2160,13,6618
cao_qiao_001,6619,220.854188,3840,2160,13,6619
cao_qiao_001,6620,220.887554,3840,2160,13,6620
cao_qiao_001,6621,220.920921,3840,2160,13,6621
cao_qiao_001,6622,220.954288,3840,2160,12,6622
cao_qiao_001,6623,220.987654,3840,2160,12,6623
cao_qiao_001,6624,221.021021,3840,2160,13,6624
cao_qiao_001,6625,221.054388,3840,2160,13,6625
cao_qiao_001,6626,221.087754,3840,2160,14,6626
cao_qiao_001,6627,221.121121,3840,2160,13,6627
cao_qiao_001,6628,221.154488,3840,2160,13,6628
cao_qiao_001,6629,221.187855,3840,2160,13,6629
cao_qiao_001,6630,221.221221,3840,2160,13,6630
cao_qiao_001,6631,221.254588,3840,2160,13,6631
cao_qiao_001,6632,221.287955,3840,2160,13,6632
cao_qiao_001,6633,221.321321,3840,2160,13,6633
cao_qiao_001,6634,221.354688,3840,2160,13,6634
cao_qiao_001,6635,221.388055,3840,2160,13,6635
cao_qiao_001,6636,221.421421,3840,2160,13,6636
cao_qiao_001,6637,221.454788,3840,2160,12,6637
cao_qiao_001,6638,221.488155,3840,2160,12,6638
cao_qiao_001,6639,221.521522,3840,2160,12,6639
cao_qiao_001,6640,221.554888,3840,2160,13,6640
cao_qiao_001,6641,221.588255,3840,2160,13,6641
cao_qiao_001,6642,221.621622,3840,2160,12,6642
cao_qiao_001,6643,221.654988,3840,2160,12,6643
cao_qiao_001,6644,221.688355,3840,2160,12,6644
cao_qiao_001,6645,221.721722,3840,2160,13,6645
cao_qiao_001,6646,221.755088,3840,2160,13,6646
cao_qiao_001,6647,221.788455,3840,2160,12,6647
cao_qiao_001,6648,221.821822,3840,2160,12,6648
cao_qiao_001,6649,221.855189,3840,2160,12,6649
cao_qiao_001,6650,221.888555,3840,2160,12,6650
cao_qiao_001,6651,221.921922,3840,2160,12,6651
cao_qiao_001,6652,221.955289,3840,2160,12,6652
cao_qiao_001,6653,221.988655,3840,2160,14,6653
cao_qiao_001,6654,222.022022,3840,2160,14,6654
cao_qiao_001,6655,222.055389,3840,2160,14,6655
cao_qiao_001,6656,222.088755,3840,2160,14,6656
cao_qiao_001,6657,222.122122,3840,2160,14,6657
cao_qiao_001,6658,222.155489,3840,2160,14,6658
cao_qiao_001,6659,222.188856,3840,2160,13,6659
cao_qiao_001,6660,222.222222,3840,2160,12,6660
cao_qiao_001,6661,222.255589,3840,2160,12,6661
cao_qiao_001,6662,222.288956,3840,2160,12,6662
cao_qiao_001,6663,222.322322,3840,2160,12,6663
cao_qiao_001,6664,222.355689,3840,2160,12,6664
cao_qiao_001,6665,222.389056,3840,2160,12,6665
cao_qiao_001,6666,222.422422,3840,2160,12,6666
cao_qiao_001,6667,222.455789,3840,2160,12,6667
cao_qiao_001,6668,222.489156,3840,2160,12,6668
cao_qiao_001,6669,222.522523,3840,2160,12,6669
cao_qiao_001,6670,222.555889,3840,2160,12,6670
cao_qiao_001,6671,222.589256,3840,2160,12,6671
cao_qiao_001,6672,222.622623,3840,2160,13,6672
cao_qiao_001,6673,222.655989,3840,2160,13,6673
cao_qiao_001,6674,222.689356,3840,2160,12,6674
cao_qiao_001,6675,222.722723,3840,2160,12,6675
cao_qiao_001,6676,222.756089,3840,2160,12,6676
cao_qiao_001,6677,222.789456,3840,2160,12,6677
cao_qiao_001,6678,222.822823,3840,2160,12,6678
cao_qiao_001,6679,222.856190,3840,2160,12,6679
cao_qiao_001,6680,222.889556,3840,2160,12,6680
cao_qiao_001,6681,222.922923,3840,2160,12,6681
cao_qiao_001,6682,222.956290,3840,2160,11,6682
cao_qiao_001,6683,222.989656,3840,2160,12,6683
cao_qiao_001,6684,223.023023,3840,2160,12,6684
cao_qiao_001,6685,223.056390,3840,2160,13,6685
cao_qiao_001,6686,223.089756,3840,2160,13,6686
cao_qiao_001,6687,223.123123,3840,2160,13,6687
cao_qiao_001,6688,223.156490,3840,2160,13,6688
cao_qiao_001,6689,223.189857,3840,2160,12,6689
cao_qiao_001,6690,223.223223,3840,2160,12,6690
cao_qiao_001,6691,223.256590,3840,2160,12,6691
cao_qiao_001,6692,223.289957,3840,2160,12,6692
cao_qiao_001,6693,223.323323,3840,2160,11,6693
cao_qiao_001,6694,223.356690,3840,2160,11,6694
cao_qiao_001,6695,223.390057,3840,2160,11,6695
cao_qiao_001,6696,223.423423,3840,2160,11,6696
cao_qiao_001,6697,223.456790,3840,2160,11,6697
cao_qiao_001,6698,223.490157,3840,2160,12,6698
cao_qiao_001,6699,223.523524,3840,2160,12,6699
cao_qiao_001,6700,223.556890,3840,2160,12,6700
cao_qiao_001,6701,223.590257,3840,2160,11,6701
cao_qiao_001,6702,223.623624,3840,2160,9,6702
cao_qiao_001,6703,223.656990,3840,2160,9,6703
cao_qiao_001,6704,223.690357,3840,2160,9,6704
cao_qiao_001,6705,223.723724,3840,2160,9,6705
cao_qiao_001,6706,223.757090,3840,2160,9,6706
cao_qiao_001,6707,223.790457,3840,2160,10,6707
cao_qiao_001,6708,223.823824,3840,2160,9,6708
cao_qiao_001,6709,223.857191,3840,2160,9,6709
cao_qiao_001,6710,223.890557,3840,2160,10,6710
cao_qiao_001,6711,223.923924,3840,2160,10,6711
cao_qiao_001,6712,223.957291,3840,2160,10,6712
cao_qiao_001,6713,223.990657,3840,2160,10,6713
cao_qiao_001,6714,224.024024,3840,2160,11,6714
cao_qiao_001,6715,224.057391,3840,2160,11,6715
cao_qiao_001,6716,224.090757,3840,2160,10,6716
cao_qiao_001,6717,224.124124,3840,2160,9,6717
cao_qiao_001,6718,224.157491,3840,2160,9,6718
cao_qiao_001,6719,224.190858,3840,2160,10,6719
cao_qiao_001,6720,224.224224,3840,2160,10,6720
cao_qiao_001,6721,224.257591,3840,2160,10,6721
cao_qiao_001,6722,224.290958,3840,2160,10,6722
cao_qiao_001,6723,224.324324,3840,2160,10,6723
cao_qiao_001,6724,224.357691,3840,2160,10,6724
cao_qiao_001,6725,224.391058,3840,2160,10,6725
cao_qiao_001,6726,224.424424,3840,2160,10,6726
cao_qiao_001,6727,224.457791,3840,2160,11,6727
cao_qiao_001,6728,224.491158,3840,2160,10,6728
cao_qiao_001,6729,224.524525,3840,2160,10,6729
cao_qiao_001,6730,224.557891,3840,2160,10,6730
cao_qiao_001,6731,224.591258,3840,2160,10,6731
cao_qiao_001,6732,224.624625,3840,2160,10,6732
cao_qiao_001,6733,224.657991,3840,2160,10,6733
cao_qiao_001,6734,224.691358,3840,2160,10,6734
cao_qiao_001,6735,224.724725,3840,2160,10,6735
cao_qiao_001,6736,224.758091,3840,2160,10,6736
cao_qiao_001,6737,224.791458,3840,2160,11,6737
cao_qiao_001,6738,224.824825,3840,2160,11,6738
cao_qiao_001,6739,224.858192,3840,2160,11,6739
cao_qiao_001,6740,224.891558,3840,2160,10,6740
cao_qiao_001,6741,224.924925,3840,2160,9,6741
cao_qiao_001,6742,224.958292,3840,2160,9,6742
cao_qiao_001,6743,224.991658,3840,2160,10,6743
cao_qiao_001,6744,225.025025,3840,2160,9,6744
cao_qiao_001,6745,225.058392,3840,2160,9,6745
cao_qiao_001,6746,225.091758,3840,2160,9,6746
cao_qiao_001,6747,225.125125,3840,2160,10,6747
cao_qiao_001,6748,225.158492,3840,2160,10,6748
cao_qiao_001,6749,225.191859,3840,2160,9,6749
cao_qiao_001,6750,225.225225,3840,2160,9,6750
cao_qiao_001,6751,225.258592,3840,2160,9,6751
cao_qiao_001,6752,225.291959,3840,2160,10,6752
cao_qiao_001,6753,225.325325,3840,2160,9,6753
cao_qiao_001,6754,225.358692,3840,2160,9,6754
cao_qiao_001,6755,225.392059,3840,2160,9,6755
cao_qiao_001,6756,225.425425,3840,2160,10,6756
cao_qiao_001,6757,225.458792,3840,2160,10,6757
cao_qiao_001,6758,225.492159,3840,2160,10,6758
cao_qiao_001,6759,225.525526,3840,2160,11,6759
cao_qiao_001,6760,225.558892,3840,2160,11,6760
cao_qiao_001,6761,225.592259,3840,2160,10,6761
cao_qiao_001,6762,225.625626,3840,2160,10,6762
cao_qiao_001,6763,225.658992,3840,2160,10,6763
cao_qiao_001,6764,225.692359,3840,2160,10,6764
cao_qiao_001,6765,225.725726,3840,2160,10,6765
cao_qiao_001,6766,225.759092,3840,2160,10,6766
cao_qiao_001,6767,225.792459,3840,2160,10,6767
cao_qiao_001,6768,225.825826,3840,2160,10,6768
cao_qiao_001,6769,225.859193,3840,2160,11,6769
cao_qiao_001,6770,225.892559,3840,2160,9,6770
cao_qiao_001,6771,225.925926,3840,2160,9,6771
cao_qiao_001,6772,225.959293,3840,2160,9,6772
cao_qiao_001,6773,225.992659,3840,2160,11,6773
cao_qiao_001,6774,226.026026,3840,2160,11,6774
cao_qiao_001,6775,226.059393,3840,2160,11,6775
cao_qiao_001,6776,226.092759,3840,2160,11,6776
cao_qiao_001,6777,226.126126,3840,2160,11,6777
cao_qiao_001,6778,226.159493,3840,2160,11,6778
cao_qiao_001,6779,226.192860,3840,2160,11,6779
cao_qiao_001,6780,226.226226,3840,2160,11,6780
cao_qiao_001,6781,226.259593,3840,2160,10,6781
cao_qiao_001,6782,226.292960,3840,2160,10,6782
cao_qiao_001,6783,226.326326,3840,2160,10,6783
cao_qiao_001,6784,226.359693,3840,2160,10,6784
cao_qiao_001,6785,226.393060,3840,2160,11,6785
cao_qiao_001,6786,226.426426,3840,2160,11,6786
cao_qiao_001,6787,226.459793,3840,2160,10,6787
cao_qiao_001,6788,226.493160,3840,2160,10,6788
cao_qiao_001,6789,226.526527,3840,2160,11,6789
cao_qiao_001,6790,226.559893,3840,2160,11,6790
cao_qiao_001,6791,226.593260,3840,2160,11,6791
cao_qiao_001,6792,226.626627,3840,2160,11,6792
cao_qiao_001,6793,226.659993,3840,2160,11,6793
cao_qiao_001,6794,226.693360,3840,2160,10,6794
cao_qiao_001,6795,226.726727,3840,2160,10,6795
cao_qiao_001,6796,226.760093,3840,2160,10,6796
cao_qiao_001,6797,226.793460,3840,2160,10,6797
cao_qiao_001,6798,226.826827,3840,2160,10,6798
cao_qiao_001,6799,226.860194,3840,2160,11,6799
cao_qiao_001,6800,226.893560,3840,2160,12,6800
cao_qiao_001,6801,226.926927,3840,2160,10,6801
cao_qiao_001,6802,226.960294,3840,2160,10,6802
cao_qiao_001,6803,226.993660,3840,2160,10,6803
cao_qiao_001,6804,227.027027,3840,2160,12,6804
cao_qiao_001,6805,227.060394,3840,2160,12,6805
cao_qiao_001,6806,227.093760,3840,2160,11,6806
cao_qiao_001,6807,227.127127,3840,2160,12,6807
cao_qiao_001,6808,227.160494,3840,2160,11,6808
cao_qiao_001,6809,227.193861,3840,2160,11,6809
cao_qiao_001,6810,227.227227,3840,2160,10,6810
cao_qiao_001,6811,227.260594,3840,2160,11,6811
cao_qiao_001,6812,227.293961,3840,2160,11,6812
cao_qiao_001,6813,227.327327,3840,2160,10,6813
cao_qiao_001,6814,227.360694,3840,2160,10,6814
cao_qiao_001,6815,227.394061,3840,2160,10,6815
cao_qiao_001,6816,227.427427,3840,2160,11,6816
cao_qiao_001,6817,227.460794,3840,2160,12,6817
cao_qiao_001,6818,227.494161,3840,2160,12,6818
cao_qiao_001,6819,227.527528,3840,2160,12,6819
cao_qiao_001,6820,227.560894,3840,2160,12,6820
cao_qiao_001,6821,227.594261,3840,2160,12,6821
cao_qiao_001,6822,227.627628,3840,2160,12,6822
cao_qiao_001,6823,227.660994,3840,2160,12,6823
cao_qiao_001,6824,227.694361,3840,2160,12,6824
cao_qiao_001,6825,227.727728,3840,2160,12,6825
cao_qiao_001,6826,227.761094,3840,2160,12,6826
cao_qiao_001,6827,227.794461,3840,2160,12,6827
cao_qiao_001,6828,227.827828,3840,2160,12,6828
cao_qiao_001,6829,227.861195,3840,2160,11,6829
cao_qiao_001,6830,227.894561,3840,2160,11,6830
cao_qiao_001,6831,227.927928,3840,2160,11,6831
cao_qiao_001,6832,227.961295,3840,2160,12,6832
cao_qiao_001,6833,227.994661,3840,2160,12,6833
cao_qiao_001,6834,228.028028,3840,2160,10,6834
cao_qiao_001,6835,228.061395,3840,2160,10,6835
cao_qiao_001,6836,228.094761,3840,2160,10,6836
cao_qiao_001,6837,228.128128,3840,2160,10,6837
cao_qiao_001,6838,228.161495,3840,2160,10,6838
cao_qiao_001,6839,228.194862,3840,2160,10,6839
cao_qiao_001,6840,228.228228,3840,2160,10,6840
cao_qiao_001,6841,228.261595,3840,2160,10,6841
cao_qiao_001,6842,228.294962,3840,2160,10,6842
cao_qiao_001,6843,228.328328,3840,2160,11,6843
cao_qiao_001,6844,228.361695,3840,2160,11,6844
cao_qiao_001,6845,228.395062,3840,2160,11,6845
cao_qiao_001,6846,228.428428,3840,2160,11,6846
cao_qiao_001,6847,228.461795,3840,2160,11,6847
cao_qiao_001,6848,228.495162,3840,2160,11,6848
cao_qiao_001,6849,228.528529,3840,2160,10,6849
cao_qiao_001,6850,228.561895,3840,2160,10,6850
cao_qiao_001,6851,228.595262,3840,2160,10,6851
cao_qiao_001,6852,228.628629,3840,2160,10,6852
cao_qiao_001,6853,228.661995,3840,2160,10,6853
cao_qiao_001,6854,228.695362,3840,2160,10,6854
cao_qiao_001,6855,228.728729,3840,2160,10,6855
cao_qiao_001,6856,228.762095,3840,2160,10,6856
cao_qiao_001,6857,228.795462,3840,2160,10,6857
cao_qiao_001,6858,228.828829,3840,2160,9,6858
cao_qiao_001,6859,228.862196,3840,2160,10,6859
cao_qiao_001,6860,228.895562,3840,2160,10,6860
cao_qiao_001,6861,228.928929,3840,2160,10,6861
cao_qiao_001,6862,228.962296,3840,2160,10,6862
cao_qiao_001,6863,228.995662,3840,2160,10,6863
cao_qiao_001,6864,229.029029,3840,2160,10,6864
cao_qiao_001,6865,229.062396,3840,2160,10,6865
cao_qiao_001,6866,229.095762,3840,2160,10,6866
cao_qiao_001,6867,229.129129,3840,2160,10,6867
cao_qiao_001,6868,229.162496,3840,2160,10,6868
cao_qiao_001,6869,229.195863,3840,2160,10,6869
cao_qiao_001,6870,229.229229,3840,2160,10,6870
cao_qiao_001,6871,229.262596,3840,2160,10,6871
cao_qiao_001,6872,229.295963,3840,2160,10,6872
cao_qiao_001,6873,229.329329,3840,2160,10,6873
cao_qiao_001,6874,229.362696,3840,2160,10,6874
cao_qiao_001,6875,229.396063,3840,2160,10,6875
cao_qiao_001,6876,229.429429,3840,2160,10,6876
cao_qiao_001,6877,229.462796,3840,2160,10,6877
cao_qiao_001,6878,229.496163,3840,2160,10,6878
cao_qiao_001,6879,229.529530,3840,2160,10,6879
cao_qiao_001,6880,229.562896,3840,2160,10,6880
cao_qiao_001,6881,229.596263,3840,2160,10,6881
cao_qiao_001,6882,229.629630,3840,2160,10,6882
cao_qiao_001,6883,229.662996,3840,2160,10,6883
cao_qiao_001,6884,229.696363,3840,2160,10,6884
cao_qiao_001,6885,229.729730,3840,2160,10,6885
cao_qiao_001,6886,229.763096,3840,2160,10,6886
cao_qiao_001,6887,229.796463,3840,2160,10,6887
cao_qiao_001,6888,229.829830,3840,2160,10,6888
cao_qiao_001,6889,229.863197,3840,2160,10,6889
cao_qiao_001,6890,229.896563,3840,2160,10,6890
cao_qiao_001,6891,229.929930,3840,2160,10,6891
cao_qiao_001,6892,229.963297,3840,2160,10,6892
cao_qiao_001,6893,229.996663,3840,2160,10,6893
cao_qiao_001,6894,230.030030,3840,2160,10,6894
cao_qiao_001,6895,230.063397,3840,2160,10,6895
cao_qiao_001,6896,230.096763,3840,2160,10,6896
cao_qiao_001,6897,230.130130,3840,2160,10,6897
cao_qiao_001,6898,230.163497,3840,2160,10,6898
cao_qiao_001,6899,230.196864,3840,2160,10,6899
cao_qiao_001,6900,230.230230,3840,2160,10,6900
cao_qiao_001,6901,230.263597,3840,2160,10,6901
cao_qiao_001,6902,230.296964,3840,2160,11,6902
cao_qiao_001,6903,230.330330,3840,2160,11,6903
cao_qiao_001,6904,230.363697,3840,2160,10,6904
cao_qiao_001,6905,230.397064,3840,2160,10,6905
cao_qiao_001,6906,230.430430,3840,2160,10,6906
cao_qiao_001,6907,230.463797,3840,2160,10,6907
cao_qiao_001,6908,230.497164,3840,2160,10,6908
cao_qiao_001,6909,230.530531,3840,2160,10,6909
cao_qiao_001,6910,230.563897,3840,2160,10,6910
cao_qiao_001,6911,230.597264,3840,2160,10,6911
cao_qiao_001,6912,230.630631,3840,2160,10,6912
cao_qiao_001,6913,230.663997,3840,2160,11,6913
cao_qiao_001,6914,230.697364,3840,2160,11,6914
cao_qiao_001,6915,230.730731,3840,2160,11,6915
cao_qiao_001,6916,230.764097,3840,2160,11,6916
cao_qiao_001,6917,230.797464,3840,2160,11,6917
cao_qiao_001,6918,230.830831,3840,2160,11,6918
cao_qiao_001,6919,230.864198,3840,2160,11,6919
cao_qiao_001,6920,230.897564,3840,2160,11,6920
cao_qiao_001,6921,230.930931,3840,2160,11,6921
cao_qiao_001,6922,230.964298,3840,2160,11,6922
cao_qiao_001,6923,230.997664,3840,2160,11,6923
cao_qiao_001,6924,231.031031,3840,2160,11,6924
cao_qiao_001,6925,231.064398,3840,2160,11,6925
cao_qiao_001,6926,231.097764,3840,2160,11,6926
cao_qiao_001,6927,231.131131,3840,2160,11,6927
cao_qiao_001,6928,231.164498,3840,2160,11,6928
cao_qiao_001,6929,231.197865,3840,2160,9,6929
cao_qiao_001,6930,231.231231,3840,2160,9,6930
cao_qiao_001,6931,231.264598,3840,2160,9,6931
cao_qiao_001,6932,231.297965,3840,2160,10,6932
cao_qiao_001,6933,231.331331,3840,2160,9,6933
cao_qiao_001,6934,231.364698,3840,2160,9,6934
cao_qiao_001,6935,231.398065,3840,2160,9,6935
cao_qiao_001,6936,231.431431,3840,2160,9,6936
cao_qiao_001,6937,231.464798,3840,2160,9,6937
cao_qiao_001,6938,231.498165,3840,2160,9,6938
cao_qiao_001,6939,231.531532,3840,2160,9,6939
cao_qiao_001,6940,231.564898,3840,2160,9,6940
cao_qiao_001,6941,231.598265,3840,2160,9,6941
cao_qiao_001,6942,231.631632,3840,2160,9,6942
cao_qiao_001,6943,231.664998,3840,2160,9,6943
cao_qiao_001,6944,231.698365,3840,2160,9,6944
cao_qiao_001,6945,231.731732,3840,2160,9,6945
cao_qiao_001,6946,231.765098,3840,2160,9,6946
cao_qiao_001,6947,231.798465,3840,2160,9,6947
cao_qiao_001,6948,231.831832,3840,2160,9,6948
cao_qiao_001,6949,231.865199,3840,2160,9,6949
cao_qiao_001,6950,231.898565,3840,2160,9,6950
cao_qiao_001,6951,231.931932,3840,2160,9,6951
cao_qiao_001,6952,231.965299,3840,2160,9,6952
cao_qiao_001,6953,231.998665,3840,2160,9,6953
cao_qiao_001,6954,232.032032,3840,2160,9,6954
cao_qiao_001,6955,232.065399,3840,2160,9,6955
cao_qiao_001,6956,232.098765,3840,2160,9,6956
cao_qiao_001,6957,232.132132,3840,2160,9,6957
cao_qiao_001,6958,232.165499,3840,2160,9,6958
cao_qiao_001,6959,232.198866,3840,2160,9,6959
cao_qiao_001,6960,232.232232,3840,2160,9,6960
cao_qiao_001,6961,232.265599,3840,2160,9,6961
cao_qiao_001,6962,232.298966,3840,2160,9,6962
cao_qiao_001,6963,232.332332,3840,2160,9,6963
cao_qiao_001,6964,232.365699,3840,2160,9,6964
cao_qiao_001,6965,232.399066,3840,2160,10,6965
cao_qiao_001,6966,232.432432,3840,2160,10,6966
cao_qiao_001,6967,232.465799,3840,2160,9,6967
cao_qiao_001,6968,232.499166,3840,2160,9,6968
cao_qiao_001,6969,232.532533,3840,2160,9,6969
cao_qiao_001,6970,232.565899,3840,2160,9,6970
cao_qiao_001,6971,232.599266,3840,2160,9,6971
cao_qiao_001,6972,232.632633,3840,2160,9,6972
cao_qiao_001,6973,232.665999,3840,2160,11,6973
cao_qiao_001,6974,232.699366,3840,2160,11,6974
cao_qiao_001,6975,232.732733,3840,2160,12,6975
cao_qiao_001,6976,232.766099,3840,2160,12,6976
cao_qiao_001,6977,232.799466,3840,2160,12,6977
cao_qiao_001,6978,232.832833,3840,2160,11,6978
cao_qiao_001,6979,232.866200,3840,2160,11,6979
cao_qiao_001,6980,232.899566,3840,2160,11,6980
cao_qiao_001,6981,232.932933,3840,2160,11,6981
cao_qiao_001,6982,232.966300,3840,2160,11,6982
cao_qiao_001,6983,232.999666,3840,2160,12,6983
cao_qiao_001,6984,233.033033,3840,2160,12,6984
cao_qiao_001,6985,233.066400,3840,2160,12,6985
cao_qiao_001,6986,233.099766,3840,2160,12,6986
cao_qiao_001,6987,233.133133,3840,2160,12,6987
cao_qiao_001,6988,233.166500,3840,2160,12,6988
cao_qiao_001,6989,233.199867,3840,2160,12,6989
cao_qiao_001,6990,233.233233,3840,2160,11,6990
cao_qiao_001,6991,233.266600,3840,2160,11,6991
cao_qiao_001,6992,233.299967,3840,2160,11,6992
cao_qiao_001,6993,233.333333,3840,2160,11,6993
cao_qiao_001,6994,233.366700,3840,2160,11,6994
cao_qiao_001,6995,233.400067,3840,2160,11,6995
cao_qiao_001,6996,233.433433,3840,2160,11,6996
cao_qiao_001,6997,233.466800,3840,2160,11,6997
cao_qiao_001,6998,233.500167,3840,2160,11,6998
cao_qiao_001,6999,233.533534,3840,2160,11,6999
cao_qiao_001,7000,233.566900,3840,2160,11,7000
cao_qiao_001,7001,233.600267,3840,2160,11,7001
cao_qiao_001,7002,233.633634,3840,2160,11,7002
cao_qiao_001,7003,233.667000,3840,2160,11,7003
cao_qiao_001,7004,233.700367,3840,2160,11,7004
cao_qiao_001,7005,233.733734,3840,2160,11,7005
cao_qiao_001,7006,233.767100,3840,2160,11,7006
cao_qiao_001,7007,233.800467,3840,2160,11,7007
cao_qiao_001,7008,233.833834,3840,2160,11,7008
cao_qiao_001,7009,233.867201,3840,2160,11,7009
cao_qiao_001,7010,233.900567,3840,2160,11,7010
cao_qiao_001,7011,233.933934,3840,2160,11,7011
cao_qiao_001,7012,233.967301,3840,2160,12,7012
cao_qiao_001,7013,234.000667,3840,2160,11,7013
cao_qiao_001,7014,234.034034,3840,2160,11,7014
cao_qiao_001,7015,234.067401,3840,2160,11,7015
cao_qiao_001,7016,234.100767,3840,2160,11,7016
cao_qiao_001,7017,234.134134,3840,2160,11,7017
cao_qiao_001,7018,234.167501,3840,2160,11,7018
cao_qiao_001,7019,234.200868,3840,2160,11,7019
cao_qiao_001,7020,234.234234,3840,2160,12,7020
cao_qiao_001,7021,234.267601,3840,2160,12,7021
cao_qiao_001,7022,234.300968,3840,2160,12,7022
cao_qiao_001,7023,234.334334,3840,2160,12,7023
cao_qiao_001,7024,234.367701,3840,2160,12,7024
cao_qiao_001,7025,234.401068,3840,2160,12,7025
cao_qiao_001,7026,234.434434,3840,2160,12,7026
cao_qiao_001,7027,234.467801,3840,2160,12,7027
cao_qiao_001,7028,234.501168,3840,2160,12,7028
cao_qiao_001,7029,234.534535,3840,2160,12,7029
cao_qiao_001,7030,234.567901,3840,2160,12,7030
cao_qiao_001,7031,234.601268,3840,2160,11,7031
cao_qiao_001,7032,234.634635,3840,2160,11,7032
cao_qiao_001,7033,234.668001,3840,2160,11,7033
cao_qiao_001,7034,234.701368,3840,2160,11,7034
cao_qiao_001,7035,234.734735,3840,2160,11,7035
cao_qiao_001,7036,234.768101,3840,2160,11,7036
cao_qiao_001,7037,234.801468,3840,2160,11,7037
cao_qiao_001,7038,234.834835,3840,2160,11,7038
cao_qiao_001,7039,234.868202,3840,2160,11,7039
cao_qiao_001,7040,234.901568,3840,2160,11,7040
cao_qiao_001,7041,234.934935,3840,2160,11,7041
cao_qiao_001,7042,234.968302,3840,2160,11,7042
cao_qiao_001,7043,235.001668,3840,2160,11,7043
cao_qiao_001,7044,235.035035,3840,2160,11,7044
cao_qiao_001,7045,235.068402,3840,2160,11,7045
cao_qiao_001,7046,235.101768,3840,2160,11,7046
cao_qiao_001,7047,235.135135,3840,2160,11,7047
cao_qiao_001,7048,235.168502,3840,2160,12,7048
cao_qiao_001,7049,235.201869,3840,2160,11,7049
cao_qiao_001,7050,235.235235,3840,2160,11,7050
cao_qiao_001,7051,235.268602,3840,2160,11,7051
cao_qiao_001,7052,235.301969,3840,2160,11,7052
cao_qiao_001,7053,235.335335,3840,2160,11,7053
cao_qiao_001,7054,235.368702,3840,2160,11,7054
cao_qiao_001,7055,235.402069,3840,2160,11,7055
cao_qiao_001,7056,235.435435,3840,2160,11,7056
cao_qiao_001,7057,235.468802,3840,2160,11,7057
cao_qiao_001,7058,235.502169,3840,2160,11,7058
cao_qiao_001,7059,235.535536,3840,2160,11,7059
cao_qiao_001,7060,235.568902,3840,2160,11,7060
cao_qiao_001,7061,235.602269,3840,2160,11,7061
cao_qiao_001,7062,235.635636,3840,2160,11,7062
cao_qiao_001,7063,235.669002,3840,2160,11,7063
cao_qiao_001,7064,235.702369,3840,2160,11,7064
cao_qiao_001,7065,235.735736,3840,2160,11,7065
cao_qiao_001,7066,235.769102,3840,2160,11,7066
cao_qiao_001,7067,235.802469,3840,2160,11,7067
cao_qiao_001,7068,235.835836,3840,2160,11,7068
cao_qiao_001,7069,235.869203,3840,2160,11,7069
cao_qiao_001,7070,235.902569,3840,2160,11,7070
cao_qiao_001,7071,235.935936,3840,2160,11,7071
cao_qiao_001,7072,235.969303,3840,2160,11,7072
cao_qiao_001,7073,236.002669,3840,2160,11,7073
cao_qiao_001,7074,236.036036,3840,2160,11,7074
cao_qiao_001,7075,236.069403,3840,2160,11,7075
cao_qiao_001,7076,236.102769,3840,2160,11,7076
cao_qiao_001,7077,236.136136,3840,2160,11,7077
cao_qiao_001,7078,236.169503,3840,2160,11,7078
cao_qiao_001,7079,236.202870,3840,2160,11,7079
cao_qiao_001,7080,236.236236,3840,2160,11,7080
cao_qiao_001,7081,236.269603,3840,2160,12,7081
cao_qiao_001,7082,236.302970,3840,2160,12,7082
cao_qiao_001,7083,236.336336,3840,2160,12,7083
cao_qiao_001,7084,236.369703,3840,2160,12,7084
cao_qiao_001,7085,236.403070,3840,2160,12,7085
cao_qiao_001,7086,236.436436,3840,2160,12,7086
cao_qiao_001,7087,236.469803,3840,2160,12,7087
cao_qiao_001,7088,236.503170,3840,2160,12,7088
cao_qiao_001,7089,236.536537,3840,2160,12,7089
cao_qiao_001,7090,236.569903,3840,2160,13,7090
cao_qiao_001,7091,236.603270,3840,2160,13,7091
cao_qiao_001,7092,236.636637,3840,2160,13,7092
cao_qiao_001,7093,236.670003,3840,2160,13,7093
cao_qiao_001,7094,236.703370,3840,2160,13,7094
cao_qiao_001,7095,236.736737,3840,2160,13,7095
cao_qiao_001,7096,236.770103,3840,2160,13,7096
cao_qiao_001,7097,236.803470,3840,2160,13,7097
cao_qiao_001,7098,236.836837,3840,2160,13,7098
cao_qiao_001,7099,236.870204,3840,2160,13,7099
cao_qiao_001,7100,236.903570,3840,2160,13,7100
cao_qiao_001,7101,236.936937,3840,2160,12,7101
cao_qiao_001,7102,236.970304,3840,2160,12,7102
cao_qiao_001,7103,237.003670,3840,2160,12,7103
cao_qiao_001,7104,237.037037,3840,2160,12,7104
cao_qiao_001,7105,237.070404,3840,2160,12,7105
cao_qiao_001,7106,237.103770,3840,2160,12,7106
cao_qiao_001,7107,237.137137,3840,2160,12,7107
cao_qiao_001,7108,237.170504,3840,2160,12,7108
cao_qiao_001,7109,237.203871,3840,2160,12,7109
cao_qiao_001,7110,237.237237,3840,2160,13,7110
cao_qiao_001,7111,237.270604,3840,2160,13,7111
cao_qiao_001,7112,237.303971,3840,2160,13,7112
cao_qiao_001,7113,237.337337,3840,2160,13,7113
cao_qiao_001,7114,237.370704,3840,2160,13,7114
cao_qiao_001,7115,237.404071,3840,2160,13,7115
cao_qiao_001,7116,237.437437,3840,2160,13,7116
cao_qiao_001,7117,237.470804,3840,2160,13,7117
cao_qiao_001,7118,237.504171,3840,2160,13,7118
cao_qiao_001,7119,237.537538,3840,2160,13,7119
cao_qiao_001,7120,237.570904,3840,2160,12,7120
cao_qiao_001,7121,237.604271,3840,2160,12,7121
cao_qiao_001,7122,237.637638,3840,2160,12,7122
cao_qiao_001,7123,237.671004,3840,2160,12,7123
cao_qiao_001,7124,237.704371,3840,2160,12,7124
cao_qiao_001,7125,237.737738,3840,2160,12,7125
cao_qiao_001,7126,237.771104,3840,2160,12,7126
cao_qiao_001,7127,237.804471,3840,2160,12,7127
cao_qiao_001,7128,237.837838,3840,2160,12,7128
cao_qiao_001,7129,237.871205,3840,2160,12,7129
cao_qiao_001,7130,237.904571,3840,2160,12,7130
cao_qiao_001,7131,237.937938,3840,2160,12,7131
cao_qiao_001,7132,237.971305,3840,2160,12,7132
cao_qiao_001,7133,238.004671,3840,2160,12,7133
cao_qiao_001,7134,238.038038,3840,2160,12,7134
cao_qiao_001,7135,238.071405,3840,2160,12,7135
cao_qiao_001,7136,238.104771,3840,2160,12,7136
cao_qiao_001,7137,238.138138,3840,2160,12,7137
cao_qiao_001,7138,238.171505,3840,2160,12,7138
cao_qiao_001,7139,238.204872,3840,2160,12,7139
cao_qiao_001,7140,238.238238,3840,2160,12,7140
cao_qiao_001,7141,238.271605,3840,2160,12,7141
cao_qiao_001,7142,238.304972,3840,2160,12,7142
cao_qiao_001,7143,238.338338,3840,2160,12,7143
cao_qiao_001,7144,238.371705,3840,2160,12,7144
cao_qiao_001,7145,238.405072,3840,2160,12,7145
cao_qiao_001,7146,238.438438,3840,2160,12,7146
cao_qiao_001,7147,238.471805,3840,2160,12,7147
cao_qiao_001,7148,238.505172,3840,2160,12,7148
cao_qiao_001,7149,238.538539,3840,2160,12,7149
cao_qiao_001,7150,238.571905,3840,2160,12,7150
cao_qiao_001,7151,238.605272,3840,2160,12,7151
cao_qiao_001,7152,238.638639,3840,2160,12,7152
cao_qiao_001,7153,238.672005,3840,2160,12,7153
cao_qiao_001,7154,238.705372,3840,2160,12,7154
cao_qiao_001,7155,238.738739,3840,2160,11,7155
cao_qiao_001,7156,238.772105,3840,2160,11,7156
cao_qiao_001,7157,238.805472,3840,2160,12,7157
cao_qiao_001,7158,238.838839,3840,2160,12,7158
cao_qiao_001,7159,238.872206,3840,2160,12,7159
cao_qiao_001,7160,238.905572,3840,2160,12,7160
cao_qiao_001,7161,238.938939,3840,2160,12,7161
cao_qiao_001,7162,238.972306,3840,2160,12,7162
cao_qiao_001,7163,239.005672,3840,2160,12,7163
cao_qiao_001,7164,239.039039,3840,2160,12,7164
cao_qiao_001,7165,239.072406,3840,2160,12,7165
cao_qiao_001,7166,239.105772,3840,2160,12,7166
cao_qiao_001,7167,239.139139,3840,2160,12,7167
cao_qiao_001,7168,239.172506,3840,2160,11,7168
cao_qiao_001,7169,239.205873,3840,2160,11,7169
cao_qiao_001,7170,239.239239,3840,2160,11,7170
cao_qiao_001,7171,239.272606,3840,2160,11,7171
cao_qiao_001,7172,239.305973,3840,2160,12,7172
cao_qiao_001,7173,239.339339,3840,2160,11,7173
cao_qiao_001,7174,239.372706,3840,2160,11,7174
cao_qiao_001,7175,239.406073,3840,2160,11,7175
cao_qiao_001,7176,239.439439,3840,2160,11,7176
cao_qiao_001,7177,239.472806,3840,2160,11,7177
cao_qiao_001,7178,239.506173,3840,2160,11,7178
cao_qiao_001,7179,239.539540,3840,2160,11,7179
cao_qiao_001,7180,239.572906,3840,2160,12,7180
cao_qiao_001,7181,239.606273,3840,2160,11,7181
cao_qiao_001,7182,239.639640,3840,2160,11,7182
cao_qiao_001,7183,239.673006,3840,2160,12,7183
cao_qiao_001,7184,239.706373,3840,2160,12,7184
cao_qiao_001,7185,239.739740,3840,2160,12,7185
cao_qiao_001,7186,239.773106,3840,2160,12,7186
cao_qiao_001,7187,239.806473,3840,2160,12,7187
cao_qiao_001,7188,239.839840,3840,2160,12,7188
cao_qiao_001,7189,239.873207,3840,2160,12,7189
cao_qiao_001,7190,239.906573,3840,2160,12,7190
cao_qiao_001,7191,239.939940,3840,2160,12,7191
cao_qiao_001,7192,239.973307,3840,2160,12,7192
cao_qiao_001,7193,240.006673,3840,2160,12,7193
cao_qiao_001,7194,240.040040,3840,2160,12,7194
cao_qiao_001,7195,240.073407,3840,2160,12,7195
cao_qiao_001,7196,240.106773,3840,2160,12,7196
cao_qiao_001,7197,240.140140,3840,2160,12,7197
cao_qiao_001,7198,240.173507,3840,2160,12,7198
cao_qiao_001,7199,240.206874,3840,2160,12,7199
cao_qiao_001,7200,240.240240,3840,2160,12,7200
cao_qiao_001,7201,240.273607,3840,2160,12,7201
cao_qiao_001,7202,240.306974,3840,2160,11,7202
cao_qiao_001,7203,240.340340,3840,2160,12,7203
cao_qiao_001,7204,240.373707,3840,2160,12,7204
cao_qiao_001,7205,240.407074,3840,2160,12,7205
cao_qiao_001,7206,240.440440,3840,2160,11,7206
cao_qiao_001,7207,240.473807,3840,2160,10,7207
cao_qiao_001,7208,240.507174,3840,2160,10,7208
cao_qiao_001,7209,240.540541,3840,2160,10,7209
cao_qiao_001,7210,240.573907,3840,2160,10,7210
cao_qiao_001,7211,240.607274,3840,2160,10,7211
cao_qiao_001,7212,240.640641,3840,2160,10,7212
cao_qiao_001,7213,240.674007,3840,2160,10,7213
cao_qiao_001,7214,240.707374,3840,2160,10,7214
cao_qiao_001,7215,240.740741,3840,2160,10,7215
cao_qiao_001,7216,240.774107,3840,2160,10,7216
cao_qiao_001,7217,240.807474,3840,2160,10,7217
cao_qiao_001,7218,240.840841,3840,2160,10,7218
cao_qiao_001,7219,240.874208,3840,2160,10,7219
cao_qiao_001,7220,240.907574,3840,2160,10,7220
cao_qiao_001,7221,240.940941,3840,2160,10,7221
cao_qiao_001,7222,240.974308,3840,2160,10,7222
cao_qiao_001,7223,241.007674,3840,2160,10,7223
cao_qiao_001,7224,241.041041,3840,2160,10,7224
cao_qiao_001,7225,241.074408,3840,2160,10,7225
cao_qiao_001,7226,241.107774,3840,2160,10,7226
cao_qiao_001,7227,241.141141,3840,2160,10,7227
cao_qiao_001,7228,241.174508,3840,2160,10,7228
cao_qiao_001,7229,241.207875,3840,2160,10,7229
cao_qiao_001,7230,241.241241,3840,2160,10,7230
cao_qiao_001,7231,241.274608,3840,2160,10,7231
cao_qiao_001,7232,241.307975,3840,2160,10,7232
cao_qiao_001,7233,241.341341,3840,2160,10,7233
cao_qiao_001,7234,241.374708,3840,2160,10,7234
cao_qiao_001,7235,241.408075,3840,2160,10,7235
cao_qiao_001,7236,241.441441,3840,2160,10,7236
cao_qiao_001,7237,241.474808,3840,2160,10,7237
cao_qiao_001,7238,241.508175,3840,2160,10,7238
cao_qiao_001,7239,241.541542,3840,2160,10,7239
cao_qiao_001,7240,241.574908,3840,2160,10,7240
cao_qiao_001,7241,241.608275,3840,2160,10,7241
cao_qiao_001,7242,241.641642,3840,2160,10,7242
cao_qiao_001,7243,241.675008,3840,2160,10,7243
cao_qiao_001,7244,241.708375,3840,2160,10,7244
cao_qiao_001,7245,241.741742,3840,2160,10,7245
cao_qiao_001,7246,241.775108,3840,2160,10,7246
cao_qiao_001,7247,241.808475,3840,2160,10,7247
cao_qiao_001,7248,241.841842,3840,2160,11,7248
cao_qiao_001,7249,241.875209,3840,2160,10,7249
cao_qiao_001,7250,241.908575,3840,2160,10,7250
cao_qiao_001,7251,241.941942,3840,2160,10,7251
cao_qiao_001,7252,241.975309,3840,2160,11,7252
cao_qiao_001,7253,242.008675,3840,2160,11,7253
cao_qiao_001,7254,242.042042,3840,2160,11,7254
cao_qiao_001,7255,242.075409,3840,2160,10,7255
cao_qiao_001,7256,242.108775,3840,2160,10,7256
cao_qiao_001,7257,242.142142,3840,2160,10,7257
cao_qiao_001,7258,242.175509,3840,2160,11,7258
cao_qiao_001,7259,242.208876,3840,2160,11,7259
cao_qiao_001,7260,242.242242,3840,2160,11,7260
cao_qiao_001,7261,242.275609,3840,2160,10,7261
cao_qiao_001,7262,242.308976,3840,2160,10,7262
cao_qiao_001,7263,242.342342,3840,2160,10,7263
cao_qiao_001,7264,242.375709,3840,2160,10,7264
cao_qiao_001,7265,242.409076,3840,2160,10,7265
cao_qiao_001,7266,242.442442,3840,2160,10,7266
cao_qiao_001,7267,242.475809,3840,2160,10,7267
cao_qiao_001,7268,242.509176,3840,2160,9,7268
cao_qiao_001,7269,242.542543,3840,2160,9,7269
cao_qiao_001,7270,242.575909,3840,2160,9,7270
cao_qiao_001,7271,242.609276,3840,2160,9,7271
cao_qiao_001,7272,242.642643,3840,2160,9,7272
cao_qiao_001,7273,242.676009,3840,2160,9,7273
cao_qiao_001,7274,242.709376,3840,2160,9,7274
cao_qiao_001,7275,242.742743,3840,2160,9,7275
cao_qiao_001,7276,242.776109,3840,2160,9,7276
cao_qiao_001,7277,242.809476,3840,2160,9,7277
cao_qiao_001,7278,242.842843,3840,2160,9,7278
cao_qiao_001,7279,242.876210,3840,2160,9,7279
cao_qiao_001,7280,242.909576,3840,2160,9,7280
cao_qiao_001,7281,242.942943,3840,2160,9,7281
cao_qiao_001,7282,242.976310,3840,2160,9,7282
cao_qiao_001,7283,243.009676,3840,2160,10,7283
cao_qiao_001,7284,243.043043,3840,2160,10,7284
cao_qiao_001,7285,243.076410,3840,2160,10,7285
cao_qiao_001,7286,243.109776,3840,2160,9,7286
cao_qiao_001,7287,243.143143,3840,2160,9,7287
cao_qiao_001,7288,243.176510,3840,2160,9,7288
cao_qiao_001,7289,243.209877,3840,2160,9,7289
cao_qiao_001,7290,243.243243,3840,2160,9,7290
cao_qiao_001,7291,243.276610,3840,2160,9,7291
cao_qiao_001,7292,243.309977,3840,2160,9,7292
cao_qiao_001,7293,243.343343,3840,2160,10,7293
cao_qiao_001,7294,243.376710,3840,2160,9,7294
cao_qiao_001,7295,243.410077,3840,2160,9,7295
cao_qiao_001,7296,243.443443,3840,2160,9,7296
cao_qiao_001,7297,243.476810,3840,2160,9,7297
cao_qiao_001,7298,243.510177,3840,2160,10,7298
cao_qiao_001,7299,243.543544,3840,2160,9,7299
cao_qiao_001,7300,243.576910,3840,2160,9,7300
cao_qiao_001,7301,243.610277,3840,2160,9,7301
cao_qiao_001,7302,243.643644,3840,2160,9,7302
cao_qiao_001,7303,243.677010,3840,2160,9,7303
cao_qiao_001,7304,243.710377,3840,2160,9,7304
cao_qiao_001,7305,243.743744,3840,2160,9,7305
cao_qiao_001,7306,243.777110,3840,2160,9,7306
cao_qiao_001,7307,243.810477,3840,2160,9,7307
cao_qiao_001,7308,243.843844,3840,2160,9,7308
cao_qiao_001,7309,243.877211,3840,2160,9,7309
cao_qiao_001,7310,243.910577,3840,2160,10,7310
cao_qiao_001,7311,243.943944,3840,2160,9,7311
cao_qiao_001,7312,243.977311,3840,2160,9,7312
cao_qiao_001,7313,244.010677,3840,2160,8,7313
cao_qiao_001,7314,244.044044,3840,2160,8,7314
cao_qiao_001,7315,244.077411,3840,2160,8,7315
cao_qiao_001,7316,244.110777,3840,2160,8,7316
cao_qiao_001,7317,244.144144,3840,2160,8,7317
cao_qiao_001,7318,244.177511,3840,2160,8,7318
cao_qiao_001,7319,244.210878,3840,2160,8,7319
cao_qiao_001,7320,244.244244,3840,2160,8,7320
cao_qiao_001,7321,244.277611,3840,2160,8,7321
cao_qiao_001,7322,244.310978,3840,2160,8,7322
cao_qiao_001,7323,244.344344,3840,2160,8,7323
cao_qiao_001,7324,244.377711,3840,2160,8,7324
cao_qiao_001,7325,244.411078,3840,2160,9,7325
cao_qiao_001,7326,244.444444,3840,2160,8,7326
cao_qiao_001,7327,244.477811,3840,2160,8,7327
cao_qiao_001,7328,244.511178,3840,2160,8,7328
cao_qiao_001,7329,244.544545,3840,2160,8,7329
cao_qiao_001,7330,244.577911,3840,2160,8,7330
cao_qiao_001,7331,244.611278,3840,2160,8,7331
cao_qiao_001,7332,244.644645,3840,2160,8,7332
cao_qiao_001,7333,244.678011,3840,2160,8,7333
cao_qiao_001,7334,244.711378,3840,2160,9,7334
cao_qiao_001,7335,244.744745,3840,2160,9,7335
cao_qiao_001,7336,244.778111,3840,2160,10,7336
cao_qiao_001,7337,244.811478,3840,2160,10,7337
cao_qiao_001,7338,244.844845,3840,2160,9,7338
cao_qiao_001,7339,244.878212,3840,2160,9,7339
cao_qiao_001,7340,244.911578,3840,2160,9,7340
cao_qiao_001,7341,244.944945,3840,2160,9,7341
cao_qiao_001,7342,244.978312,3840,2160,9,7342
cao_qiao_001,7343,245.011678,3840,2160,9,7343
cao_qiao_001,7344,245.045045,3840,2160,9,7344
cao_qiao_001,7345,245.078412,3840,2160,9,7345
cao_qiao_001,7346,245.111778,3840,2160,9,7346
cao_qiao_001,7347,245.145145,3840,2160,10,7347
cao_qiao_001,7348,245.178512,3840,2160,9,7348
cao_qiao_001,7349,245.211879,3840,2160,9,7349
cao_qiao_001,7350,245.245245,3840,2160,9,7350
cao_qiao_001,7351,245.278612,3840,2160,9,7351
cao_qiao_001,7352,245.311979,3840,2160,9,7352
cao_qiao_001,7353,245.345345,3840,2160,9,7353
cao_qiao_001,7354,245.378712,3840,2160,10,7354
cao_qiao_001,7355,245.412079,3840,2160,9,7355
cao_qiao_001,7356,245.445445,3840,2160,9,7356
cao_qiao_001,7357,245.478812,3840,2160,10,7357
cao_qiao_001,7358,245.512179,3840,2160,10,7358
cao_qiao_001,7359,245.545546,3840,2160,10,7359
cao_qiao_001,7360,245.578912,3840,2160,10,7360
cao_qiao_001,7361,245.612279,3840,2160,10,7361
cao_qiao_001,7362,245.645646,3840,2160,10,7362
cao_qiao_001,7363,245.679012,3840,2160,10,7363
cao_qiao_001,7364,245.712379,3840,2160,10,7364
cao_qiao_001,7365,245.745746,3840,2160,10,7365
cao_qiao_001,7366,245.779112,3840,2160,10,7366
cao_qiao_001,7367,245.812479,3840,2160,10,7367
cao_qiao_001,7368,245.845846,3840,2160,10,7368
cao_qiao_001,7369,245.879213,3840,2160,10,7369
cao_qiao_001,7370,245.912579,3840,2160,10,7370
cao_qiao_001,7371,245.945946,3840,2160,10,7371
cao_qiao_001,7372,245.979313,3840,2160,10,7372
cao_qiao_001,7373,246.012679,3840,2160,10,7373
cao_qiao_001,7374,246.046046,3840,2160,10,7374
cao_qiao_001,7375,246.079413,3840,2160,10,7375
cao_qiao_001,7376,246.112779,3840,2160,10,7376
cao_qiao_001,7377,246.146146,3840,2160,9,7377
cao_qiao_001,7378,246.179513,3840,2160,9,7378
cao_qiao_001,7379,246.212880,3840,2160,9,7379
cao_qiao_001,7380,246.246246,3840,2160,10,7380
cao_qiao_001,7381,246.279613,3840,2160,10,7381
cao_qiao_001,7382,246.312980,3840,2160,9,7382
cao_qiao_001,7383,246.346346,3840,2160,9,7383
cao_qiao_001,7384,246.379713,3840,2160,9,7384
cao_qiao_001,7385,246.413080,3840,2160,11,7385
cao_qiao_001,7386,246.446446,3840,2160,11,7386
cao_qiao_001,7387,246.479813,3840,2160,11,7387
cao_qiao_001,7388,246.513180,3840,2160,11,7388
cao_qiao_001,7389,246.546547,3840,2160,11,7389
cao_qiao_001,7390,246.579913,3840,2160,12,7390
cao_qiao_001,7391,246.613280,3840,2160,12,7391
cao_qiao_001,7392,246.646647,3840,2160,12,7392
cao_qiao_001,7393,246.680013,3840,2160,12,7393
cao_qiao_001,7394,246.713380,3840,2160,12,7394
cao_qiao_001,7395,246.746747,3840,2160,12,7395
cao_qiao_001,7396,246.780113,3840,2160,12,7396
cao_qiao_001,7397,246.813480,3840,2160,12,7397
cao_qiao_001,7398,246.846847,3840,2160,12,7398
cao_qiao_001,7399,246.880214,3840,2160,12,7399
cao_qiao_001,7400,246.913580,3840,2160,11,7400
cao_qiao_001,7401,246.946947,3840,2160,11,7401
cao_qiao_001,7402,246.980314,3840,2160,11,7402
cao_qiao_001,7403,247.013680,3840,2160,11,7403
cao_qiao_001,7404,247.047047,3840,2160,12,7404
cao_qiao_001,7405,247.080414,3840,2160,12,7405
cao_qiao_001,7406,247.113780,3840,2160,12,7406
cao_qiao_001,7407,247.147147,3840,2160,11,7407
cao_qiao_001,7408,247.180514,3840,2160,11,7408
cao_qiao_001,7409,247.213881,3840,2160,11,7409
cao_qiao_001,7410,247.247247,3840,2160,11,7410
cao_qiao_001,7411,247.280614,3840,2160,11,7411
cao_qiao_001,7412,247.313981,3840,2160,11,7412
cao_qiao_001,7413,247.347347,3840,2160,12,7413
cao_qiao_001,7414,247.380714,3840,2160,12,7414
cao_qiao_001,7415,247.414081,3840,2160,12,7415
cao_qiao_001,7416,247.447447,3840,2160,12,7416
cao_qiao_001,7417,247.480814,3840,2160,12,7417
cao_qiao_001,7418,247.514181,3840,2160,12,7418
cao_qiao_001,7419,247.547548,3840,2160,12,7419
cao_qiao_001,7420,247.580914,3840,2160,12,7420
cao_qiao_001,7421,247.614281,3840,2160,12,7421
cao_qiao_001,7422,247.647648,3840,2160,12,7422
cao_qiao_001,7423,247.681014,3840,2160,12,7423
cao_qiao_001,7424,247.714381,3840,2160,12,7424
cao_qiao_001,7425,247.747748,3840,2160,12,7425
cao_qiao_001,7426,247.781114,3840,2160,12,7426
cao_qiao_001,7427,247.814481,3840,2160,12,7427
cao_qiao_001,7428,247.847848,3840,2160,12,7428
cao_qiao_001,7429,247.881215,3840,2160,12,7429
cao_qiao_001,7430,247.914581,3840,2160,13,7430
cao_qiao_001,7431,247.947948,3840,2160,14,7431
cao_qiao_001,7432,247.981315,3840,2160,14,7432
cao_qiao_001,7433,248.014681,3840,2160,14,7433
cao_qiao_001,7434,248.048048,3840,2160,14,7434
cao_qiao_001,7435,248.081415,3840,2160,13,7435
cao_qiao_001,7436,248.114781,3840,2160,13,7436
cao_qiao_001,7437,248.148148,3840,2160,13,7437
cao_qiao_001,7438,248.181515,3840,2160,13,7438
cao_qiao_001,7439,248.214882,3840,2160,13,7439
cao_qiao_001,7440,248.248248,3840,2160,13,7440
cao_qiao_001,7441,248.281615,3840,2160,13,7441
cao_qiao_001,7442,248.314982,3840,2160,13,7442
cao_qiao_001,7443,248.348348,3840,2160,14,7443
cao_qiao_001,7444,248.381715,3840,2160,13,7444
cao_qiao_001,7445,248.415082,3840,2160,12,7445
cao_qiao_001,7446,248.448448,3840,2160,12,7446
cao_qiao_001,7447,248.481815,3840,2160,12,7447
cao_qiao_001,7448,248.515182,3840,2160,12,7448
cao_qiao_001,7449,248.548549,3840,2160,12,7449
cao_qiao_001,7450,248.581915,3840,2160,12,7450
cao_qiao_001,7451,248.615282,3840,2160,12,7451
cao_qiao_001,7452,248.648649,3840,2160,12,7452
cao_qiao_001,7453,248.682015,3840,2160,12,7453
cao_qiao_001,7454,248.715382,3840,2160,12,7454
cao_qiao_001,7455,248.748749,3840,2160,12,7455
cao_qiao_001,7456,248.782115,3840,2160,13,7456
cao_qiao_001,7457,248.815482,3840,2160,12,7457
cao_qiao_001,7458,248.848849,3840,2160,12,7458
cao_qiao_001,7459,248.882216,3840,2160,12,7459
cao_qiao_001,7460,248.915582,3840,2160,12,7460
cao_qiao_001,7461,248.948949,3840,2160,12,7461
cao_qiao_001,7462,248.982316,3840,2160,12,7462
cao_qiao_001,7463,249.015682,3840,2160,12,7463
cao_qiao_001,7464,249.049049,3840,2160,12,7464
cao_qiao_001,7465,249.082416,3840,2160,12,7465
cao_qiao_001,7466,249.115782,3840,2160,14,7466
cao_qiao_001,7467,249.149149,3840,2160,13,7467
cao_qiao_001,7468,249.182516,3840,2160,13,7468
cao_qiao_001,7469,249.215883,3840,2160,13,7469
cao_qiao_001,7470,249.249249,3840,2160,13,7470
cao_qiao_001,7471,249.282616,3840,2160,13,7471
cao_qiao_001,7472,249.315983,3840,2160,14,7472
cao_qiao_001,7473,249.349349,3840,2160,13,7473
cao_qiao_001,7474,249.382716,3840,2160,13,7474
cao_qiao_001,7475,249.416083,3840,2160,13,7475
cao_qiao_001,7476,249.449449,3840,2160,13,7476
cao_qiao_001,7477,249.482816,3840,2160,13,7477
cao_qiao_001,7478,249.516183,3840,2160,13,7478
cao_qiao_001,7479,249.549550,3840,2160,13,7479
cao_qiao_001,7480,249.582916,3840,2160,13,7480
cao_qiao_001,7481,249.616283,3840,2160,13,7481
cao_qiao_001,7482,249.649650,3840,2160,13,7482
cao_qiao_001,7483,249.683016,3840,2160,13,7483
cao_qiao_001,7484,249.716383,3840,2160,13,7484
cao_qiao_001,7485,249.749750,3840,2160,13,7485
cao_qiao_001,7486,249.783116,3840,2160,13,7486
cao_qiao_001,7487,249.816483,3840,2160,13,7487
cao_qiao_001,7488,249.849850,3840,2160,12,7488
cao_qiao_001,7489,249.883217,3840,2160,12,7489
cao_qiao_001,7490,249.916583,3840,2160,12,7490
cao_qiao_001,7491,249.949950,3840,2160,12,7491
cao_qiao_001,7492,249.983317,3840,2160,13,7492
cao_qiao_001,7493,250.016683,3840,2160,13,7493
cao_qiao_001,7494,250.050050,3840,2160,13,7494
cao_qiao_001,7495,250.083417,3840,2160,13,7495
cao_qiao_001,7496,250.116783,3840,2160,13,7496
cao_qiao_001,7497,250.150150,3840,2160,13,7497
cao_qiao_001,7498,250.183517,3840,2160,13,7498
cao_qiao_001,7499,250.216884,3840,2160,13,7499
cao_qiao_001,7500,250.250250,3840,2160,13,7500
cao_qiao_001,7501,250.283617,3840,2160,13,7501
cao_qiao_001,7502,250.316984,3840,2160,13,7502
cao_qiao_001,7503,250.350350,3840,2160,13,7503
cao_qiao_001,7504,250.383717,3840,2160,13,7504
cao_qiao_001,7505,250.417084,3840,2160,13,7505
cao_qiao_001,7506,250.450450,3840,2160,13,7506
cao_qiao_001,7507,250.483817,3840,2160,13,7507
cao_qiao_001,7508,250.517184,3840,2160,13,7508
cao_qiao_001,7509,250.550551,3840,2160,13,7509
cao_qiao_001,7510,250.583917,3840,2160,14,7510
cao_qiao_001,7511,250.617284,3840,2160,14,7511
cao_qiao_001,7512,250.650651,3840,2160,14,7512
cao_qiao_001,7513,250.684017,3840,2160,15,7513
cao_qiao_001,7514,250.717384,3840,2160,14,7514
cao_qiao_001,7515,250.750751,3840,2160,15,7515
cao_qiao_001,7516,250.784117,3840,2160,14,7516
cao_qiao_001,7517,250.817484,3840,2160,14,7517
cao_qiao_001,7518,250.850851,3840,2160,14,7518
cao_qiao_001,7519,250.884218,3840,2160,14,7519
cao_qiao_001,7520,250.917584,3840,2160,14,7520
cao_qiao_001,7521,250.950951,3840,2160,14,7521
cao_qiao_001,7522,250.984318,3840,2160,15,7522
cao_qiao_001,7523,251.017684,3840,2160,14,7523
cao_qiao_001,7524,251.051051,3840,2160,14,7524
cao_qiao_001,7525,251.084418,3840,2160,14,7525
cao_qiao_001,7526,251.117784,3840,2160,14,7526
cao_qiao_001,7527,251.151151,3840,2160,14,7527
cao_qiao_001,7528,251.184518,3840,2160,15,7528
cao_qiao_001,7529,251.217885,3840,2160,15,7529
cao_qiao_001,7530,251.251251,3840,2160,15,7530
cao_qiao_001,7531,251.284618,3840,2160,15,7531
cao_qiao_001,7532,251.317985,3840,2160,15,7532
cao_qiao_001,7533,251.351351,3840,2160,14,7533
cao_qiao_001,7534,251.384718,3840,2160,14,7534
cao_qiao_001,7535,251.418085,3840,2160,14,7535
cao_qiao_001,7536,251.451451,3840,2160,16,7536
cao_qiao_001,7537,251.484818,3840,2160,16,7537
cao_qiao_001,7538,251.518185,3840,2160,16,7538
cao_qiao_001,7539,251.551552,3840,2160,16,7539
cao_qiao_001,7540,251.584918,3840,2160,16,7540
cao_qiao_001,7541,251.618285,3840,2160,15,7541
cao_qiao_001,7542,251.651652,3840,2160,15,7542
cao_qiao_001,7543,251.685018,3840,2160,15,7543
cao_qiao_001,7544,251.718385,3840,2160,15,7544
cao_qiao_001,7545,251.751752,3840,2160,15,7545
cao_qiao_001,7546,251.785118,3840,2160,15,7546
cao_qiao_001,7547,251.818485,3840,2160,15,7547
cao_qiao_001,7548,251.851852,3840,2160,14,7548
cao_qiao_001,7549,251.885219,3840,2160,15,7549
cao_qiao_001,7550,251.918585,3840,2160,14,7550
cao_qiao_001,7551,251.951952,3840,2160,14,7551
cao_qiao_001,7552,251.985319,3840,2160,14,7552
cao_qiao_001,7553,252.018685,3840,2160,14,7553
cao_qiao_001,7554,252.052052,3840,2160,14,7554
cao_qiao_001,7555,252.085419,3840,2160,14,7555
cao_qiao_001,7556,252.118785,3840,2160,15,7556
cao_qiao_001,7557,252.152152,3840,2160,14,7557
cao_qiao_001,7558,252.185519,3840,2160,14,7558
cao_qiao_001,7559,252.218886,3840,2160,14,7559
cao_qiao_001,7560,252.252252,3840,2160,14,7560
cao_qiao_001,7561,252.285619,3840,2160,14,7561
cao_qiao_001,7562,252.318986,3840,2160,14,7562
cao_qiao_001,7563,252.352352,3840,2160,15,7563
cao_qiao_001,7564,252.385719,3840,2160,15,7564
cao_qiao_001,7565,252.419086,3840,2160,15,7565
cao_qiao_001,7566,252.452452,3840,2160,15,7566
cao_qiao_001,7567,252.485819,3840,2160,15,7567
cao_qiao_001,7568,252.519186,3840,2160,15,7568
cao_qiao_001,7569,252.552553,3840,2160,14,7569
cao_qiao_001,7570,252.585919,3840,2160,14,7570
cao_qiao_001,7571,252.619286,3840,2160,14,7571
cao_qiao_001,7572,252.652653,3840,2160,14,7572
cao_qiao_001,7573,252.686019,3840,2160,14,7573
cao_qiao_001,7574,252.719386,3840,2160,15,7574
cao_qiao_001,7575,252.752753,3840,2160,14,7575
cao_qiao_001,7576,252.786119,3840,2160,14,7576
cao_qiao_001,7577,252.819486,3840,2160,14,7577
cao_qiao_001,7578,252.852853,3840,2160,14,7578
cao_qiao_001,7579,252.886220,3840,2160,14,7579
cao_qiao_001,7580,252.919586,3840,2160,14,7580
cao_qiao_001,7581,252.952953,3840,2160,14,7581
cao_qiao_001,7582,252.986320,3840,2160,15,7582
cao_qiao_001,7583,253.019686,3840,2160,15,7583
cao_qiao_001,7584,253.053053,3840,2160,16,7584
cao_qiao_001,7585,253.086420,3840,2160,16,7585
cao_qiao_001,7586,253.119786,3840,2160,16,7586
cao_qiao_001,7587,253.153153,3840,2160,16,7587
cao_qiao_001,7588,253.186520,3840,2160,16,7588
cao_qiao_001,7589,253.219887,3840,2160,16,7589
cao_qiao_001,7590,253.253253,3840,2160,16,7590
cao_qiao_001,7591,253.286620,3840,2160,15,7591
cao_qiao_001,7592,253.319987,3840,2160,15,7592
cao_qiao_001,7593,253.353353,3840,2160,15,7593
cao_qiao_001,7594,253.386720,3840,2160,15,7594
cao_qiao_001,7595,253.420087,3840,2160,15,7595
cao_qiao_001,7596,253.453453,3840,2160,16,7596
cao_qiao_001,7597,253.486820,3840,2160,15,7597
cao_qiao_001,7598,253.520187,3840,2160,15,7598
cao_qiao_001,7599,253.553554,3840,2160,15,7599
cao_qiao_001,7600,253.586920,3840,2160,15,7600
cao_qiao_001,7601,253.620287,3840,2160,15,7601
cao_qiao_001,7602,253.653654,3840,2160,16,7602
cao_qiao_001,7603,253.687020,3840,2160,16,7603
cao_qiao_001,7604,253.720387,3840,2160,16,7604
cao_qiao_001,7605,253.753754,3840,2160,16,7605
cao_qiao_001,7606,253.787120,3840,2160,16,7606
cao_qiao_001,7607,253.820487,3840,2160,16,7607
cao_qiao_001,7608,253.853854,3840,2160,16,7608
cao_qiao_001,7609,253.887221,3840,2160,16,7609
cao_qiao_001,7610,253.920587,3840,2160,16,7610
cao_qiao_001,7611,253.953954,3840,2160,16,7611
cao_qiao_001,7612,253.987321,3840,2160,16,7612
cao_qiao_001,7613,254.020687,3840,2160,16,7613
cao_qiao_001,7614,254.054054,3840,2160,16,7614
cao_qiao_001,7615,254.087421,3840,2160,16,7615
cao_qiao_001,7616,254.120787,3840,2160,16,7616
cao_qiao_001,7617,254.154154,3840,2160,16,7617
cao_qiao_001,7618,254.187521,3840,2160,15,7618
cao_qiao_001,7619,254.220888,3840,2160,15,7619
cao_qiao_001,7620,254.254254,3840,2160,15,7620
cao_qiao_001,7621,254.287621,3840,2160,16,7621
cao_qiao_001,7622,254.320988,3840,2160,16,7622
cao_qiao_001,7623,254.354354,3840,2160,16,7623
cao_qiao_001,7624,254.387721,3840,2160,16,7624
cao_qiao_001,7625,254.421088,3840,2160,16,7625
cao_qiao_001,7626,254.454454,3840,2160,16,7626
cao_qiao_001,7627,254.487821,3840,2160,15,7627
cao_qiao_001,7628,254.521188,3840,2160,15,7628
cao_qiao_001,7629,254.554555,3840,2160,15,7629
cao_qiao_001,7630,254.587921,3840,2160,16,7630
cao_qiao_001,7631,254.621288,3840,2160,17,7631
cao_qiao_001,7632,254.654655,3840,2160,17,7632
cao_qiao_001,7633,254.688021,3840,2160,17,7633
cao_qiao_001,7634,254.721388,3840,2160,17,7634
cao_qiao_001,7635,254.754755,3840,2160,17,7635
cao_qiao_001,7636,254.788121,3840,2160,17,7636
cao_qiao_001,7637,254.821488,3840,2160,17,7637
cao_qiao_001,7638,254.854855,3840,2160,17,7638
cao_qiao_001,7639,254.888222,3840,2160,16,7639
cao_qiao_001,7640,254.921588,3840,2160,16,7640
cao_qiao_001,7641,254.954955,3840,2160,16,7641
cao_qiao_001,7642,254.988322,3840,2160,16,7642
cao_qiao_001,7643,255.021688,3840,2160,16,7643
cao_qiao_001,7644,255.055055,3840,2160,16,7644
cao_qiao_001,7645,255.088422,3840,2160,16,7645
cao_qiao_001,7646,255.121788,3840,2160,16,7646
cao_qiao_001,7647,255.155155,3840,2160,16,7647
cao_qiao_001,7648,255.188522,3840,2160,16,7648
cao_qiao_001,7649,255.221889,3840,2160,16,7649
cao_qiao_001,7650,255.255255,3840,2160,16,7650
cao_qiao_001,7651,255.288622,3840,2160,16,7651
cao_qiao_001,7652,255.321989,3840,2160,16,7652
cao_qiao_001,7653,255.355355,3840,2160,15,7653
cao_qiao_001,7654,255.388722,3840,2160,15,7654
cao_qiao_001,7655,255.422089,3840,2160,15,7655
cao_qiao_001,7656,255.455455,3840,2160,17,7656
cao_qiao_001,7657,255.488822,3840,2160,17,7657
cao_qiao_001,7658,255.522189,3840,2160,16,7658
cao_qiao_001,7659,255.555556,3840,2160,16,7659
cao_qiao_001,7660,255.588922,3840,2160,17,7660
cao_qiao_001,7661,255.622289,3840,2160,16,7661
cao_qiao_001,7662,255.655656,3840,2160,16,7662
cao_qiao_001,7663,255.689022,3840,2160,15,7663
cao_qiao_001,7664,255.722389,3840,2160,15,7664
cao_qiao_001,7665,255.755756,3840,2160,15,7665
cao_qiao_001,7666,255.789122,3840,2160,15,7666
cao_qiao_001,7667,255.822489,3840,2160,15,7667
cao_qiao_001,7668,255.855856,3840,2160,15,7668
cao_qiao_001,7669,255.889223,3840,2160,15,7669
cao_qiao_001,7670,255.922589,3840,2160,15,7670
cao_qiao_001,7671,255.955956,3840,2160,15,7671
cao_qiao_001,7672,255.989323,3840,2160,15,7672
cao_qiao_001,7673,256.022689,3840,2160,17,7673
cao_qiao_001,7674,256.056056,3840,2160,16,7674
cao_qiao_001,7675,256.089423,3840,2160,16,7675
cao_qiao_001,7676,256.122789,3840,2160,15,7676
cao_qiao_001,7677,256.156156,3840,2160,15,7677
cao_qiao_001,7678,256.189523,3840,2160,15,7678
cao_qiao_001,7679,256.222890,3840,2160,15,7679
cao_qiao_001,7680,256.256256,3840,2160,15,7680
cao_qiao_001,7681,256.289623,3840,2160,15,7681
cao_qiao_001,7682,256.322990,3840,2160,15,7682
cao_qiao_001,7683,256.356356,3840,2160,15,7683
cao_qiao_001,7684,256.389723,3840,2160,15,7684
cao_qiao_001,7685,256.423090,3840,2160,16,7685
cao_qiao_001,7686,256.456456,3840,2160,16,7686
cao_qiao_001,7687,256.489823,3840,2160,16,7687
cao_qiao_001,7688,256.523190,3840,2160,16,7688
cao_qiao_001,7689,256.556557,3840,2160,16,7689
cao_qiao_001,7690,256.589923,3840,2160,16,7690
cao_qiao_001,7691,256.623290,3840,2160,17,7691
cao_qiao_001,7692,256.656657,3840,2160,17,7692
cao_qiao_001,7693,256.690023,3840,2160,17,7693
cao_qiao_001,7694,256.723390,3840,2160,16,7694
cao_qiao_001,7695,256.756757,3840,2160,16,7695
cao_qiao_001,7696,256.790123,3840,2160,17,7696
cao_qiao_001,7697,256.823490,3840,2160,17,7697
cao_qiao_001,7698,256.856857,3840,2160,16,7698
cao_qiao_001,7699,256.890224,3840,2160,16,7699
cao_qiao_001,7700,256.923590,3840,2160,16,7700
cao_qiao_001,7701,256.956957,3840,2160,17,7701
cao_qiao_001,7702,256.990324,3840,2160,17,7702
cao_qiao_001,7703,257.023690,3840,2160,16,7703
cao_qiao_001,7704,257.057057,3840,2160,16,7704
cao_qiao_001,7705,257.090424,3840,2160,16,7705
cao_qiao_001,7706,257.123790,3840,2160,16,7706
cao_qiao_001,7707,257.157157,3840,2160,16,7707
cao_qiao_001,7708,257.190524,3840,2160,14,7708
cao_qiao_001,7709,257.223891,3840,2160,14,7709
cao_qiao_001,7710,257.257257,3840,2160,14,7710
cao_qiao_001,7711,257.290624,3840,2160,14,7711
cao_qiao_001,7712,257.323991,3840,2160,14,7712
cao_qiao_001,7713,257.357357,3840,2160,14,7713
cao_qiao_001,7714,257.390724,3840,2160,14,7714
cao_qiao_001,7715,257.424091,3840,2160,14,7715
cao_qiao_001,7716,257.457457,3840,2160,14,7716
cao_qiao_001,7717,257.490824,3840,2160,14,7717
cao_qiao_001,7718,257.524191,3840,2160,15,7718
cao_qiao_001,7719,257.557558,3840,2160,15,7719
cao_qiao_001,7720,257.590924,3840,2160,15,7720
cao_qiao_001,7721,257.624291,3840,2160,15,7721
cao_qiao_001,7722,257.657658,3840,2160,15,7722
cao_qiao_001,7723,257.691024,3840,2160,15,7723
cao_qiao_001,7724,257.724391,3840,2160,15,7724
cao_qiao_001,7725,257.757758,3840,2160,15,7725
cao_qiao_001,7726,257.791124,3840,2160,15,7726
cao_qiao_001,7727,257.824491,3840,2160,15,7727
cao_qiao_001,7728,257.857858,3840,2160,15,7728
cao_qiao_001,7729,257.891225,3840,2160,15,7729
cao_qiao_001,7730,257.924591,3840,2160,16,7730
cao_qiao_001,7731,257.957958,3840,2160,15,7731
cao_qiao_001,7732,257.991325,3840,2160,15,7732
cao_qiao_001,7733,258.024691,3840,2160,15,7733
cao_qiao_001,7734,258.058058,3840,2160,15,7734
cao_qiao_001,7735,258.091425,3840,2160,15,7735
cao_qiao_001,7736,258.124791,3840,2160,16,7736
cao_qiao_001,7737,258.158158,3840,2160,15,7737
cao_qiao_001,7738,258.191525,3840,2160,16,7738
cao_qiao_001,7739,258.224892,3840,2160,16,7739
cao_qiao_001,7740,258.258258,3840,2160,17,7740
cao_qiao_001,7741,258.291625,3840,2160,17,7741
cao_qiao_001,7742,258.324992,3840,2160,16,7742
cao_qiao_001,7743,258.358358,3840,2160,15,7743
cao_qiao_001,7744,258.391725,3840,2160,15,7744
cao_qiao_001,7745,258.425092,3840,2160,15,7745
cao_qiao_001,7746,258.458458,3840,2160,16,7746
cao_qiao_001,7747,258.491825,3840,2160,16,7747
cao_qiao_001,7748,258.525192,3840,2160,16,7748
cao_qiao_001,7749,258.558559,3840,2160,15,7749
cao_qiao_001,7750,258.591925,3840,2160,15,7750
cao_qiao_001,7751,258.625292,3840,2160,15,7751
cao_qiao_001,7752,258.658659,3840,2160,15,7752
cao_qiao_001,7753,258.692025,3840,2160,14,7753
cao_qiao_001,7754,258.725392,3840,2160,14,7754
cao_qiao_001,7755,258.758759,3840,2160,14,7755
cao_qiao_001,7756,258.792125,3840,2160,15,7756
cao_qiao_001,7757,258.825492,3840,2160,15,7757
cao_qiao_001,7758,258.858859,3840,2160,15,7758
cao_qiao_001,7759,258.892226,3840,2160,15,7759
cao_qiao_001,7760,258.925592,3840,2160,15,7760
cao_qiao_001,7761,258.958959,3840,2160,15,7761
cao_qiao_001,7762,258.992326,3840,2160,15,7762
cao_qiao_001,7763,259.025692,3840,2160,15,7763
cao_qiao_001,7764,259.059059,3840,2160,15,7764
cao_qiao_001,7765,259.092426,3840,2160,15,7765
cao_qiao_001,7766,259.125792,3840,2160,15,7766
cao_qiao_001,7767,259.159159,3840,2160,15,7767
cao_qiao_001,7768,259.192526,3840,2160,17,7768
cao_qiao_001,7769,259.225893,3840,2160,17,7769
cao_qiao_001,7770,259.259259,3840,2160,17,7770
cao_qiao_001,7771,259.292626,3840,2160,16,7771
cao_qiao_001,7772,259.325993,3840,2160,15,7772
cao_qiao_001,7773,259.359359,3840,2160,15,7773
cao_qiao_001,7774,259.392726,3840,2160,14,7774
cao_qiao_001,7775,259.426093,3840,2160,14,7775
cao_qiao_001,7776,259.459459,3840,2160,15,7776
cao_qiao_001,7777,259.492826,3840,2160,15,7777
cao_qiao_001,7778,259.526193,3840,2160,15,7778
cao_qiao_001,7779,259.559560,3840,2160,16,7779
cao_qiao_001,7780,259.592926,3840,2160,16,7780
cao_qiao_001,7781,259.626293,3840,2160,16,7781
cao_qiao_001,7782,259.659660,3840,2160,15,7782
cao_qiao_001,7783,259.693026,3840,2160,14,7783
cao_qiao_001,7784,259.726393,3840,2160,14,7784
cao_qiao_001,7785,259.759760,3840,2160,14,7785
cao_qiao_001,7786,259.793126,3840,2160,14,7786
cao_qiao_001,7787,259.826493,3840,2160,14,7787
cao_qiao_001,7788,259.859860,3840,2160,14,7788
cao_qiao_001,7789,259.893227,3840,2160,15,7789
cao_qiao_001,7790,259.926593,3840,2160,15,7790
cao_qiao_001,7791,259.959960,3840,2160,16,7791
cao_qiao_001,7792,259.993327,3840,2160,16,7792
cao_qiao_001,7793,260.026693,3840,2160,16,7793
cao_qiao_001,7794,260.060060,3840,2160,15,7794
cao_qiao_001,7795,260.093427,3840,2160,15,7795
cao_qiao_001,7796,260.126793,3840,2160,15,7796
cao_qiao_001,7797,260.160160,3840,2160,16,7797
cao_qiao_001,7798,260.193527,3840,2160,16,7798
cao_qiao_001,7799,260.226894,3840,2160,15,7799
cao_qiao_001,7800,260.260260,3840,2160,15,7800
cao_qiao_001,7801,260.293627,3840,2160,15,7801
cao_qiao_001,7802,260.326994,3840,2160,15,7802
cao_qiao_001,7803,260.360360,3840,2160,15,7803
cao_qiao_001,7804,260.393727,3840,2160,15,7804
cao_qiao_001,7805,260.427094,3840,2160,15,7805
cao_qiao_001,7806,260.460460,3840,2160,15,7806
cao_qiao_001,7807,260.493827,3840,2160,15,7807
cao_qiao_001,7808,260.527194,3840,2160,14,7808
cao_qiao_001,7809,260.560561,3840,2160,14,7809
cao_qiao_001,7810,260.593927,3840,2160,15,7810
cao_qiao_001,7811,260.627294,3840,2160,17,7811
cao_qiao_001,7812,260.660661,3840,2160,17,7812
cao_qiao_001,7813,260.694027,3840,2160,16,7813
cao_qiao_001,7814,260.727394,3840,2160,16,7814
cao_qiao_001,7815,260.760761,3840,2160,16,7815
cao_qiao_001,7816,260.794127,3840,2160,15,7816
cao_qiao_001,7817,260.827494,3840,2160,15,7817
cao_qiao_001,7818,260.860861,3840,2160,15,7818
cao_qiao_001,7819,260.894228,3840,2160,15,7819
cao_qiao_001,7820,260.927594,3840,2160,16,7820
cao_qiao_001,7821,260.960961,3840,2160,16,7821
cao_qiao_001,7822,260.994328,3840,2160,16,7822
cao_qiao_001,7823,261.027694,3840,2160,16,7823
cao_qiao_001,7824,261.061061,3840,2160,16,7824
cao_qiao_001,7825,261.094428,3840,2160,15,7825
cao_qiao_001,7826,261.127794,3840,2160,15,7826
cao_qiao_001,7827,261.161161,3840,2160,15,7827
cao_qiao_001,7828,261.194528,3840,2160,16,7828
cao_qiao_001,7829,261.227895,3840,2160,15,7829
cao_qiao_001,7830,261.261261,3840,2160,15,7830
cao_qiao_001,7831,261.294628,3840,2160,16,7831
cao_qiao_001,7832,261.327995,3840,2160,16,7832
cao_qiao_001,7833,261.361361,3840,2160,15,7833
cao_qiao_001,7834,261.394728,3840,2160,15,7834
cao_qiao_001,7835,261.428095,3840,2160,15,7835
cao_qiao_001,7836,261.461461,3840,2160,16,7836
cao_qiao_001,7837,261.494828,3840,2160,16,7837
cao_qiao_001,7838,261.528195,3840,2160,16,7838
cao_qiao_001,7839,261.561562,3840,2160,16,7839
cao_qiao_001,7840,261.594928,3840,2160,17,7840
cao_qiao_001,7841,261.628295,3840,2160,17,7841
cao_qiao_001,7842,261.661662,3840,2160,17,7842
cao_qiao_001,7843,261.695028,3840,2160,16,7843
cao_qiao_001,7844,261.728395,3840,2160,15,7844
cao_qiao_001,7845,261.761762,3840,2160,15,7845
cao_qiao_001,7846,261.795128,3840,2160,16,7846
cao_qiao_001,7847,261.828495,3840,2160,16,7847
cao_qiao_001,7848,261.861862,3840,2160,17,7848
cao_qiao_001,7849,261.895229,3840,2160,17,7849
cao_qiao_001,7850,261.928595,3840,2160,17,7850
cao_qiao_001,7851,261.961962,3840,2160,16,7851
cao_qiao_001,7852,261.995329,3840,2160,15,7852
cao_qiao_001,7853,262.028695,3840,2160,15,7853
cao_qiao_001,7854,262.062062,3840,2160,16,7854
cao_qiao_001,7855,262.095429,3840,2160,15,7855
cao_qiao_001,7856,262.128795,3840,2160,15,7856
cao_qiao_001,7857,262.162162,3840,2160,15,7857
cao_qiao_001,7858,262.195529,3840,2160,15,7858
cao_qiao_001,7859,262.228896,3840,2160,15,7859
cao_qiao_001,7860,262.262262,3840,2160,15,7860
cao_qiao_001,7861,262.295629,3840,2160,16,7861
cao_qiao_001,7862,262.328996,3840,2160,16,7862
cao_qiao_001,7863,262.362362,3840,2160,16,7863
cao_qiao_001,7864,262.395729,3840,2160,17,7864
cao_qiao_001,7865,262.429096,3840,2160,17,7865
cao_qiao_001,7866,262.462462,3840,2160,17,7866
cao_qiao_001,7867,262.495829,3840,2160,17,7867
cao_qiao_001,7868,262.529196,3840,2160,16,7868
cao_qiao_001,7869,262.562563,3840,2160,16,7869
cao_qiao_001,7870,262.595929,3840,2160,16,7870
cao_qiao_001,7871,262.629296,3840,2160,16,7871
cao_qiao_001,7872,262.662663,3840,2160,16,7872
cao_qiao_001,7873,262.696029,3840,2160,16,7873
cao_qiao_001,7874,262.729396,3840,2160,16,7874
cao_qiao_001,7875,262.762763,3840,2160,16,7875
cao_qiao_001,7876,262.796129,3840,2160,15,7876
cao_qiao_001,7877,262.829496,3840,2160,15,7877
cao_qiao_001,7878,262.862863,3840,2160,15,7878
cao_qiao_001,7879,262.896230,3840,2160,16,7879
cao_qiao_001,7880,262.929596,3840,2160,16,7880
cao_qiao_001,7881,262.962963,3840,2160,16,7881
cao_qiao_001,7882,262.996330,3840,2160,16,7882
cao_qiao_001,7883,263.029696,3840,2160,15,7883
cao_qiao_001,7884,263.063063,3840,2160,15,7884
cao_qiao_001,7885,263.096430,3840,2160,14,7885
cao_qiao_001,7886,263.129796,3840,2160,15,7886
cao_qiao_001,7887,263.163163,3840,2160,15,7887
cao_qiao_001,7888,263.196530,3840,2160,14,7888
cao_qiao_001,7889,263.229897,3840,2160,14,7889
cao_qiao_001,7890,263.263263,3840,2160,15,7890
cao_qiao_001,7891,263.296630,3840,2160,16,7891
cao_qiao_001,7892,263.329997,3840,2160,17,7892
cao_qiao_001,7893,263.363363,3840,2160,17,7893
cao_qiao_001,7894,263.396730,3840,2160,17,7894
cao_qiao_001,7895,263.430097,3840,2160,16,7895
cao_qiao_001,7896,263.463463,3840,2160,16,7896
cao_qiao_001,7897,263.496830,3840,2160,16,7897
cao_qiao_001,7898,263.530197,3840,2160,16,7898
cao_qiao_001,7899,263.563564,3840,2160,16,7899
cao_qiao_001,7900,263.596930,3840,2160,16,7900
cao_qiao_001,7901,263.630297,3840,2160,16,7901
cao_qiao_001,7902,263.663664,3840,2160,17,7902
cao_qiao_001,7903,263.697030,3840,2160,17,7903
cao_qiao_001,7904,263.730397,3840,2160,17,7904
cao_qiao_001,7905,263.763764,3840,2160,17,7905
cao_qiao_001,7906,263.797130,3840,2160,17,7906
cao_qiao_001,7907,263.830497,3840,2160,16,7907
cao_qiao_001,7908,263.863864,3840,2160,16,7908
cao_qiao_001,7909,263.897231,3840,2160,15,7909
cao_qiao_001,7910,263.930597,3840,2160,17,7910
cao_qiao_001,7911,263.963964,3840,2160,17,7911
cao_qiao_001,7912,263.997331,3840,2160,16,7912
cao_qiao_001,7913,264.030697,3840,2160,16,7913
cao_qiao_001,7914,264.064064,3840,2160,16,7914
cao_qiao_001,7915,264.097431,3840,2160,16,7915
cao_qiao_001,7916,264.130797,3840,2160,17,7916
cao_qiao_001,7917,264.164164,3840,2160,16,7917
cao_qiao_001,7918,264.197531,3840,2160,16,7918
cao_qiao_001,7919,264.230898,3840,2160,17,7919
cao_qiao_001,7920,264.264264,3840,2160,17,7920
cao_qiao_001,7921,264.297631,3840,2160,17,7921
cao_qiao_001,7922,264.330998,3840,2160,18,7922
cao_qiao_001,7923,264.364364,3840,2160,18,7923
cao_qiao_001,7924,264.397731,3840,2160,18,7924
cao_qiao_001,7925,264.431098,3840,2160,18,7925
cao_qiao_001,7926,264.464464,3840,2160,17,7926
cao_qiao_001,7927,264.497831,3840,2160,17,7927
cao_qiao_001,7928,264.531198,3840,2160,17,7928
cao_qiao_001,7929,264.564565,3840,2160,17,7929
cao_qiao_001,7930,264.597931,3840,2160,17,7930
cao_qiao_001,7931,264.631298,3840,2160,17,7931
cao_qiao_001,7932,264.664665,3840,2160,17,7932
cao_qiao_001,7933,264.698031,3840,2160,17,7933
cao_qiao_001,7934,264.731398,3840,2160,17,7934
cao_qiao_001,7935,264.764765,3840,2160,18,7935
cao_qiao_001,7936,264.798131,3840,2160,18,7936
cao_qiao_001,7937,264.831498,3840,2160,18,7937
cao_qiao_001,7938,264.864865,3840,2160,18,7938
cao_qiao_001,7939,264.898232,3840,2160,18,7939
cao_qiao_001,7940,264.931598,3840,2160,17,7940
cao_qiao_001,7941,264.964965,3840,2160,17,7941
cao_qiao_001,7942,264.998332,3840,2160,17,7942
cao_qiao_001,7943,265.031698,3840,2160,18,7943
cao_qiao_001,7944,265.065065,3840,2160,20,7944
cao_qiao_001,7945,265.098432,3840,2160,17,7945
cao_qiao_001,7946,265.131798,3840,2160,16,7946
cao_qiao_001,7947,265.165165,3840,2160,16,7947
cao_qiao_001,7948,265.198532,3840,2160,17,7948
cao_qiao_001,7949,265.231899,3840,2160,17,7949
cao_qiao_001,7950,265.265265,3840,2160,16,7950
cao_qiao_001,7951,265.298632,3840,2160,16,7951
cao_qiao_001,7952,265.331999,3840,2160,17,7952
cao_qiao_001,7953,265.365365,3840,2160,18,7953
cao_qiao_001,7954,265.398732,3840,2160,18,7954
cao_qiao_001,7955,265.432099,3840,2160,16,7955
cao_qiao_001,7956,265.465465,3840,2160,15,7956
cao_qiao_001,7957,265.498832,3840,2160,15,7957
cao_qiao_001,7958,265.532199,3840,2160,15,7958
cao_qiao_001,7959,265.565566,3840,2160,16,7959
cao_qiao_001,7960,265.598932,3840,2160,15,7960
cao_qiao_001,7961,265.632299,3840,2160,15,7961
cao_qiao_001,7962,265.665666,3840,2160,15,7962
cao_qiao_001,7963,265.699032,3840,2160,16,7963
cao_qiao_001,7964,265.732399,3840,2160,15,7964
cao_qiao_001,7965,265.765766,3840,2160,16,7965
cao_qiao_001,7966,265.799132,3840,2160,17,7966
cao_qiao_001,7967,265.832499,3840,2160,16,7967
cao_qiao_001,7968,265.865866,3840,2160,15,7968
cao_qiao_001,7969,265.899233,3840,2160,15,7969
cao_qiao_001,7970,265.932599,3840,2160,16,7970
cao_qiao_001,7971,265.965966,3840,2160,17,7971
cao_qiao_001,7972,265.999333,3840,2160,16,7972
cao_qiao_001,7973,266.032699,3840,2160,16,7973
cao_qiao_001,7974,266.066066,3840,2160,16,7974
cao_qiao_001,7975,266.099433,3840,2160,17,7975
cao_qiao_001,7976,266.132799,3840,2160,16,7976
cao_qiao_001,7977,266.166166,3840,2160,16,7977
cao_qiao_001,7978,266.199533,3840,2160,16,7978
cao_qiao_001,7979,266.232900,3840,2160,15,7979
cao_qiao_001,7980,266.266266,3840,2160,15,7980
cao_qiao_001,7981,266.299633,3840,2160,16,7981
cao_qiao_001,7982,266.333000,3840,2160,15,7982
cao_qiao_001,7983,266.366366,3840,2160,15,7983
cao_qiao_001,7984,266.399733,3840,2160,15,7984
cao_qiao_001,7985,266.433100,3840,2160,16,7985
cao_qiao_001,7986,266.466466,3840,2160,16,7986
cao_qiao_001,7987,266.499833,3840,2160,17,7987
cao_qiao_001,7988,266.533200,3840,2160,17,7988
cao_qiao_001,7989,266.566567,3840,2160,18,7989
cao_qiao_001,7990,266.599933,3840,2160,18,7990
cao_qiao_001,7991,266.633300,3840,2160,17,7991
cao_qiao_001,7992,266.666667,3840,2160,17,7992
cao_qiao_001,7993,266.700033,3840,2160,17,7993
cao_qiao_001,7994,266.733400,3840,2160,17,7994
cao_qiao_001,7995,266.766767,3840,2160,17,7995
cao_qiao_001,7996,266.800133,3840,2160,18,7996
cao_qiao_001,7997,266.833500,3840,2160,17,7997
cao_qiao_001,7998,266.866867,3840,2160,17,7998
cao_qiao_001,7999,266.900234,3840,2160,17,7999
cao_qiao_001,8000,266.933600,3840,2160,16,8000
cao_qiao_001,8001,266.966967,3840,2160,16,8001
cao_qiao_001,8002,267.000334,3840,2160,17,8002
cao_qiao_001,8003,267.033700,3840,2160,17,8003
cao_qiao_001,8004,267.067067,3840,2160,17,8004
cao_qiao_001,8005,267.100434,3840,2160,16,8005
cao_qiao_001,8006,267.133800,3840,2160,17,8006
cao_qiao_001,8007,267.167167,3840,2160,17,8007
cao_qiao_001,8008,267.200534,3840,2160,17,8008
cao_qiao_001,8009,267.233901,3840,2160,17,8009
cao_qiao_001,8010,267.267267,3840,2160,17,8010
cao_qiao_001,8011,267.300634,3840,2160,18,8011
cao_qiao_001,8012,267.334001,3840,2160,17,8012
cao_qiao_001,8013,267.367367,3840,2160,18,8013
cao_qiao_001,8014,267.400734,3840,2160,17,8014
cao_qiao_001,8015,267.434101,3840,2160,17,8015
cao_qiao_001,8016,267.467467,3840,2160,18,8016
cao_qiao_001,8017,267.500834,3840,2160,20,8017
cao_qiao_001,8018,267.534201,3840,2160,20,8018
cao_qiao_001,8019,267.567568,3840,2160,18,8019
cao_qiao_001,8020,267.600934,3840,2160,18,8020
cao_qiao_001,8021,267.634301,3840,2160,18,8021
cao_qiao_001,8022,267.667668,3840,2160,17,8022
cao_qiao_001,8023,267.701034,3840,2160,17,8023
cao_qiao_001,8024,267.734401,3840,2160,17,8024
cao_qiao_001,8025,267.767768,3840,2160,17,8025
cao_qiao_001,8026,267.801134,3840,2160,17,8026
cao_qiao_001,8027,267.834501,3840,2160,17,8027
cao_qiao_001,8028,267.867868,3840,2160,17,8028
cao_qiao_001,8029,267.901235,3840,2160,18,8029
cao_qiao_001,8030,267.934601,3840,2160,17,8030
cao_qiao_001,8031,267.967968,3840,2160,17,8031
cao_qiao_001,8032,268.001335,3840,2160,18,8032
cao_qiao_001,8033,268.034701,3840,2160,18,8033
cao_qiao_001,8034,268.068068,3840,2160,18,8034
cao_qiao_001,8035,268.101435,3840,2160,17,8035
cao_qiao_001,8036,268.134801,3840,2160,17,8036
cao_qiao_001,8037,268.168168,3840,2160,17,8037
cao_qiao_001,8038,268.201535,3840,2160,17,8038
cao_qiao_001,8039,268.234902,3840,2160,17,8039
cao_qiao_001,8040,268.268268,3840,2160,18,8040
cao_qiao_001,8041,268.301635,3840,2160,19,8041
cao_qiao_001,8042,268.335002,3840,2160,19,8042
cao_qiao_001,8043,268.368368,3840,2160,17,8043
cao_qiao_001,8044,268.401735,3840,2160,17,8044
cao_qiao_001,8045,268.435102,3840,2160,17,8045
cao_qiao_001,8046,268.468468,3840,2160,18,8046
cao_qiao_001,8047,268.501835,3840,2160,18,8047
cao_qiao_001,8048,268.535202,3840,2160,16,8048
cao_qiao_001,8049,268.568569,3840,2160,16,8049
cao_qiao_001,8050,268.601935,3840,2160,17,8050
cao_qiao_001,8051,268.635302,3840,2160,16,8051
cao_qiao_001,8052,268.668669,3840,2160,16,8052
cao_qiao_001,8053,268.702035,3840,2160,17,8053
cao_qiao_001,8054,268.735402,3840,2160,19,8054
cao_qiao_001,8055,268.768769,3840,2160,18,8055
cao_qiao_001,8056,268.802135,3840,2160,18,8056
cao_qiao_001,8057,268.835502,3840,2160,18,8057
cao_qiao_001,8058,268.868869,3840,2160,19,8058
cao_qiao_001,8059,268.902236,3840,2160,19,8059
cao_qiao_001,8060,268.935602,3840,2160,18,8060
cao_qiao_001,8061,268.968969,3840,2160,18,8061
cao_qiao_001,8062,269.002336,3840,2160,18,8062
cao_qiao_001,8063,269.035702,3840,2160,18,8063
cao_qiao_001,8064,269.069069,3840,2160,19,8064
cao_qiao_001,8065,269.102436,3840,2160,19,8065
cao_qiao_001,8066,269.135802,3840,2160,18,8066
cao_qiao_001,8067,269.169169,3840,2160,18,8067
cao_qiao_001,8068,269.202536,3840,2160,19,8068
cao_qiao_001,8069,269.235903,3840,2160,19,8069
cao_qiao_001,8070,269.269269,3840,2160,19,8070
cao_qiao_001,8071,269.302636,3840,2160,20,8071
cao_qiao_001,8072,269.336003,3840,2160,21,8072
cao_qiao_001,8073,269.369369,3840,2160,20,8073
cao_qiao_001,8074,269.402736,3840,2160,19,8074
cao_qiao_001,8075,269.436103,3840,2160,18,8075
cao_qiao_001,8076,269.469469,3840,2160,18,8076
cao_qiao_001,8077,269.502836,3840,2160,16,8077
cao_qiao_001,8078,269.536203,3840,2160,16,8078
cao_qiao_001,8079,269.569570,3840,2160,16,8079
cao_qiao_001,8080,269.602936,3840,2160,16,8080
cao_qiao_001,8081,269.636303,3840,2160,16,8081
cao_qiao_001,8082,269.669670,3840,2160,17,8082
cao_qiao_001,8083,269.703036,3840,2160,17,8083
cao_qiao_001,8084,269.736403,3840,2160,17,8084
cao_qiao_001,8085,269.769770,3840,2160,17,8085
cao_qiao_001,8086,269.803136,3840,2160,18,8086
cao_qiao_001,8087,269.836503,3840,2160,18,8087
cao_qiao_001,8088,269.869870,3840,2160,18,8088
cao_qiao_001,8089,269.903237,3840,2160,18,8089
cao_qiao_001,8090,269.936603,3840,2160,15,8090
cao_qiao_001,8091,269.969970,3840,2160,15,8091
cao_qiao_001,8092,270.003337,3840,2160,16,8092
cao_qiao_001,8093,270.036703,3840,2160,17,8093
cao_qiao_001,8094,270.070070,3840,2160,17,8094
cao_qiao_001,8095,270.103437,3840,2160,17,8095
cao_qiao_001,8096,270.136803,3840,2160,16,8096
cao_qiao_001,8097,270.170170,3840,2160,16,8097
cao_qiao_001,8098,270.203537,3840,2160,16,8098
cao_qiao_001,8099,270.236904,3840,2160,16,8099
cao_qiao_001,8100,270.270270,3840,2160,16,8100
cao_qiao_001,8101,270.303637,3840,2160,15,8101
cao_qiao_001,8102,270.337004,3840,2160,15,8102
cao_qiao_001,8103,270.370370,3840,2160,16,8103
cao_qiao_001,8104,270.403737,3840,2160,16,8104
cao_qiao_001,8105,270.437104,3840,2160,16,8105
cao_qiao_001,8106,270.470470,3840,2160,14,8106
cao_qiao_001,8107,270.503837,3840,2160,15,8107
cao_qiao_001,8108,270.537204,3840,2160,15,8108
cao_qiao_001,8109,270.570571,3840,2160,14,8109
cao_qiao_001,8110,270.603937,3840,2160,14,8110
cao_qiao_001,8111,270.637304,3840,2160,14,8111
cao_qiao_001,8112,270.670671,3840,2160,14,8112
cao_qiao_001,8113,270.704037,3840,2160,14,8113
cao_qiao_001,8114,270.737404,3840,2160,14,8114
cao_qiao_001,8115,270.770771,3840,2160,14,8115
cao_qiao_001,8116,270.804137,3840,2160,15,8116
cao_qiao_001,8117,270.837504,3840,2160,15,8117
cao_qiao_001,8118,270.870871,3840,2160,15,8118
cao_qiao_001,8119,270.904238,3840,2160,15,8119
cao_qiao_001,8120,270.937604,3840,2160,14,8120
cao_qiao_001,8121,270.970971,3840,2160,14,8121
cao_qiao_001,8122,271.004338,3840,2160,14,8122
cao_qiao_001,8123,271.037704,3840,2160,13,8123
cao_qiao_001,8124,271.071071,3840,2160,12,8124
cao_qiao_001,8125,271.104438,3840,2160,12,8125
cao_qiao_001,8126,271.137804,3840,2160,12,8126
cao_qiao_001,8127,271.171171,3840,2160,12,8127
cao_qiao_001,8128,271.204538,3840,2160,12,8128
cao_qiao_001,8129,271.237905,3840,2160,12,8129
cao_qiao_001,8130,271.271271,3840,2160,12,8130
cao_qiao_001,8131,271.304638,3840,2160,12,8131
cao_qiao_001,8132,271.338005,3840,2160,12,8132
cao_qiao_001,8133,271.371371,3840,2160,12,8133
cao_qiao_001,8134,271.404738,3840,2160,12,8134
cao_qiao_001,8135,271.438105,3840,2160,12,8135
cao_qiao_001,8136,271.471471,3840,2160,12,8136
cao_qiao_001,8137,271.504838,3840,2160,12,8137
cao_qiao_001,8138,271.538205,3840,2160,13,8138
cao_qiao_001,8139,271.571572,3840,2160,13,8139
cao_qiao_001,8140,271.604938,3840,2160,13,8140
cao_qiao_001,8141,271.638305,3840,2160,13,8141
cao_qiao_001,8142,271.671672,3840,2160,13,8142
cao_qiao_001,8143,271.705038,3840,2160,13,8143
cao_qiao_001,8144,271.738405,3840,2160,13,8144
cao_qiao_001,8145,271.771772,3840,2160,13,8145
cao_qiao_001,8146,271.805138,3840,2160,13,8146
cao_qiao_001,8147,271.838505,3840,2160,13,8147
cao_qiao_001,8148,271.871872,3840,2160,13,8148
cao_qiao_001,8149,271.905239,3840,2160,13,8149
cao_qiao_001,8150,271.938605,3840,2160,13,8150
cao_qiao_001,8151,271.971972,3840,2160,13,8151
cao_qiao_001,8152,272.005339,3840,2160,13,8152
cao_qiao_001,8153,272.038705,3840,2160,13,8153
cao_qiao_001,8154,272.072072,3840,2160,13,8154
cao_qiao_001,8155,272.105439,3840,2160,13,8155
cao_qiao_001,8156,272.138805,3840,2160,13,8156
cao_qiao_001,8157,272.172172,3840,2160,13,8157
cao_qiao_001,8158,272.205539,3840,2160,13,8158
cao_qiao_001,8159,272.238906,3840,2160,13,8159
cao_qiao_001,8160,272.272272,3840,2160,12,8160
cao_qiao_001,8161,272.305639,3840,2160,12,8161
cao_qiao_001,8162,272.339006,3840,2160,12,8162
cao_qiao_001,8163,272.372372,3840,2160,13,8163
cao_qiao_001,8164,272.405739,3840,2160,13,8164
cao_qiao_001,8165,272.439106,3840,2160,13,8165
cao_qiao_001,8166,272.472472,3840,2160,12,8166
cao_qiao_001,8167,272.505839,3840,2160,12,8167
cao_qiao_001,8168,272.539206,3840,2160,12,8168
cao_qiao_001,8169,272.572573,3840,2160,13,8169
cao_qiao_001,8170,272.605939,3840,2160,12,8170
cao_qiao_001,8171,272.639306,3840,2160,12,8171
cao_qiao_001,8172,272.672673,3840,2160,13,8172
cao_qiao_001,8173,272.706039,3840,2160,14,8173
cao_qiao_001,8174,272.739406,3840,2160,14,8174
cao_qiao_001,8175,272.772773,3840,2160,14,8175
cao_qiao_001,8176,272.806139,3840,2160,14,8176
cao_qiao_001,8177,272.839506,3840,2160,13,8177
cao_qiao_001,8178,272.872873,3840,2160,13,8178
cao_qiao_001,8179,272.906240,3840,2160,13,8179
cao_qiao_001,8180,272.939606,3840,2160,13,8180
cao_qiao_001,8181,272.972973,3840,2160,12,8181
cao_qiao_001,8182,273.006340,3840,2160,12,8182
cao_qiao_001,8183,273.039706,3840,2160,12,8183
cao_qiao_001,8184,273.073073,3840,2160,13,8184
cao_qiao_001,8185,273.106440,3840,2160,13,8185
cao_qiao_001,8186,273.139806,3840,2160,14,8186
cao_qiao_001,8187,273.173173,3840,2160,13,8187
cao_qiao_001,8188,273.206540,3840,2160,13,8188
cao_qiao_001,8189,273.239907,3840,2160,13,8189
cao_qiao_001,8190,273.273273,3840,2160,15,8190
cao_qiao_001,8191,273.306640,3840,2160,15,8191
cao_qiao_001,8192,273.340007,3840,2160,13,8192
cao_qiao_001,8193,273.373373,3840,2160,13,8193
cao_qiao_001,8194,273.406740,3840,2160,12,8194
cao_qiao_001,8195,273.440107,3840,2160,13,8195
cao_qiao_001,8196,273.473473,3840,2160,13,8196
cao_qiao_001,8197,273.506840,3840,2160,12,8197
cao_qiao_001,8198,273.540207,3840,2160,11,8198
cao_qiao_001,8199,273.573574,3840,2160,11,8199
cao_qiao_001,8200,273.606940,3840,2160,11,8200
cao_qiao_001,8201,273.640307,3840,2160,13,8201
cao_qiao_001,8202,273.673674,3840,2160,13,8202
cao_qiao_001,8203,273.707040,3840,2160,14,8203
cao_qiao_001,8204,273.740407,3840,2160,15,8204
cao_qiao_001,8205,273.773774,3840,2160,14,8205
cao_qiao_001,8206,273.807140,3840,2160,13,8206
cao_qiao_001,8207,273.840507,3840,2160,13,8207
cao_qiao_001,8208,273.873874,3840,2160,13,8208
cao_qiao_001,8209,273.907241,3840,2160,13,8209
cao_qiao_001,8210,273.940607,3840,2160,14,8210
cao_qiao_001,8211,273.973974,3840,2160,14,8211
cao_qiao_001,8212,274.007341,3840,2160,14,8212
cao_qiao_001,8213,274.040707,3840,2160,14,8213
cao_qiao_001,8214,274.074074,3840,2160,14,8214
cao_qiao_001,8215,274.107441,3840,2160,14,8215
cao_qiao_001,8216,274.140807,3840,2160,14,8216
cao_qiao_001,8217,274.174174,3840,2160,14,8217
cao_qiao_001,8218,274.207541,3840,2160,14,8218
cao_qiao_001,8219,274.240908,3840,2160,14,8219
cao_qiao_001,8220,274.274274,3840,2160,14,8220
cao_qiao_001,8221,274.307641,3840,2160,14,8221
cao_qiao_001,8222,274.341008,3840,2160,14,8222
cao_qiao_001,8223,274.374374,3840,2160,14,8223
cao_qiao_001,8224,274.407741,3840,2160,14,8224
cao_qiao_001,8225,274.441108,3840,2160,15,8225
cao_qiao_001,8226,274.474474,3840,2160,14,8226
cao_qiao_001,8227,274.507841,3840,2160,13,8227
cao_qiao_001,8228,274.541208,3840,2160,14,8228
cao_qiao_001,8229,274.574575,3840,2160,14,8229
cao_qiao_001,8230,274.607941,3840,2160,14,8230
cao_qiao_001,8231,274.641308,3840,2160,13,8231
cao_qiao_001,8232,274.674675,3840,2160,13,8232
cao_qiao_001,8233,274.708041,3840,2160,14,8233
cao_qiao_001,8234,274.741408,3840,2160,13,8234
cao_qiao_001,8235,274.774775,3840,2160,14,8235
cao_qiao_001,8236,274.808141,3840,2160,14,8236
cao_qiao_001,8237,274.841508,3840,2160,13,8237
cao_qiao_001,8238,274.874875,3840,2160,13,8238
cao_qiao_001,8239,274.908242,3840,2160,13,8239
cao_qiao_001,8240,274.941608,3840,2160,13,8240
cao_qiao_001,8241,274.974975,3840,2160,14,8241
cao_qiao_001,8242,275.008342,3840,2160,14,8242
cao_qiao_001,8243,275.041708,3840,2160,14,8243
cao_qiao_001,8244,275.075075,3840,2160,15,8244
cao_qiao_001,8245,275.108442,3840,2160,14,8245
cao_qiao_001,8246,275.141808,3840,2160,14,8246
cao_qiao_001,8247,275.175175,3840,2160,14,8247
cao_qiao_001,8248,275.208542,3840,2160,15,8248
cao_qiao_001,8249,275.241909,3840,2160,15,8249
cao_qiao_001,8250,275.275275,3840,2160,15,8250
cao_qiao_001,8251,275.308642,3840,2160,15,8251
cao_qiao_001,8252,275.342009,3840,2160,15,8252
cao_qiao_001,8253,275.375375,3840,2160,15,8253
cao_qiao_001,8254,275.408742,3840,2160,16,8254
cao_qiao_001,8255,275.442109,3840,2160,16,8255
cao_qiao_001,8256,275.475475,3840,2160,15,8256
cao_qiao_001,8257,275.508842,3840,2160,15,8257
cao_qiao_001,8258,275.542209,3840,2160,15,8258
cao_qiao_001,8259,275.575576,3840,2160,15,8259
cao_qiao_001,8260,275.608942,3840,2160,14,8260
cao_qiao_001,8261,275.642309,3840,2160,14,8261
cao_qiao_001,8262,275.675676,3840,2160,14,8262
cao_qiao_001,8263,275.709042,3840,2160,15,8263
cao_qiao_001,8264,275.742409,3840,2160,15,8264
cao_qiao_001,8265,275.775776,3840,2160,16,8265
cao_qiao_001,8266,275.809142,3840,2160,15,8266
cao_qiao_001,8267,275.842509,3840,2160,15,8267
cao_qiao_001,8268,275.875876,3840,2160,15,8268
cao_qiao_001,8269,275.909243,3840,2160,14,8269
cao_qiao_001,8270,275.942609,3840,2160,14,8270
cao_qiao_001,8271,275.975976,3840,2160,14,8271
cao_qiao_001,8272,276.009343,3840,2160,14,8272
cao_qiao_001,8273,276.042709,3840,2160,17,8273
cao_qiao_001,8274,276.076076,3840,2160,17,8274
cao_qiao_001,8275,276.109443,3840,2160,15,8275
cao_qiao_001,8276,276.142809,3840,2160,15,8276
cao_qiao_001,8277,276.176176,3840,2160,15,8277
cao_qiao_001,8278,276.209543,3840,2160,14,8278
cao_qiao_001,8279,276.242910,3840,2160,14,8279
cao_qiao_001,8280,276.276276,3840,2160,14,8280
cao_qiao_001,8281,276.309643,3840,2160,15,8281
cao_qiao_001,8282,276.343010,3840,2160,15,8282
cao_qiao_001,8283,276.376376,3840,2160,14,8283
cao_qiao_001,8284,276.409743,3840,2160,14,8284
cao_qiao_001,8285,276.443110,3840,2160,14,8285
cao_qiao_001,8286,276.476476,3840,2160,14,8286
cao_qiao_001,8287,276.509843,3840,2160,14,8287
cao_qiao_001,8288,276.543210,3840,2160,14,8288
cao_qiao_001,8289,276.576577,3840,2160,14,8289
cao_qiao_001,8290,276.609943,3840,2160,14,8290
cao_qiao_001,8291,276.643310,3840,2160,14,8291
cao_qiao_001,8292,276.676677,3840,2160,14,8292
cao_qiao_001,8293,276.710043,3840,2160,14,8293
cao_qiao_001,8294,276.743410,3840,2160,14,8294
cao_qiao_001,8295,276.776777,3840,2160,13,8295
cao_qiao_001,8296,276.810143,3840,2160,13,8296
cao_qiao_001,8297,276.843510,3840,2160,13,8297
cao_qiao_001,8298,276.876877,3840,2160,15,8298
cao_qiao_001,8299,276.910244,3840,2160,15,8299
cao_qiao_001,8300,276.943610,3840,2160,15,8300
cao_qiao_001,8301,276.976977,3840,2160,15,8301
cao_qiao_001,8302,277.010344,3840,2160,14,8302
cao_qiao_001,8303,277.043710,3840,2160,13,8303
cao_qiao_001,8304,277.077077,3840,2160,13,8304
cao_qiao_001,8305,277.110444,3840,2160,12,8305
cao_qiao_001,8306,277.143810,3840,2160,13,8306
cao_qiao_001,8307,277.177177,3840,2160,13,8307
cao_qiao_001,8308,277.210544,3840,2160,13,8308
cao_qiao_001,8309,277.243911,3840,2160,13,8309
cao_qiao_001,8310,277.277277,3840,2160,13,8310
cao_qiao_001,8311,277.310644,3840,2160,13,8311
cao_qiao_001,8312,277.344011,3840,2160,15,8312
cao_qiao_001,8313,277.377377,3840,2160,13,8313
cao_qiao_001,8314,277.410744,3840,2160,13,8314
cao_qiao_001,8315,277.444111,3840,2160,13,8315
cao_qiao_001,8316,277.477477,3840,2160,13,8316
cao_qiao_001,8317,277.510844,3840,2160,13,8317
cao_qiao_001,8318,277.544211,3840,2160,13,8318
cao_qiao_001,8319,277.577578,3840,2160,13,8319
cao_qiao_001,8320,277.610944,3840,2160,13,8320
cao_qiao_001,8321,277.644311,3840,2160,13,8321
cao_qiao_001,8322,277.677678,3840,2160,13,8322
cao_qiao_001,8323,277.711044,3840,2160,15,8323
cao_qiao_001,8324,277.744411,3840,2160,14,8324
cao_qiao_001,8325,277.777778,3840,2160,14,8325
cao_qiao_001,8326,277.811144,3840,2160,13,8326
cao_qiao_001,8327,277.844511,3840,2160,14,8327
cao_qiao_001,8328,277.877878,3840,2160,14,8328
cao_qiao_001,8329,277.911245,3840,2160,14,8329
cao_qiao_001,8330,277.944611,3840,2160,13,8330
cao_qiao_001,8331,277.977978,3840,2160,12,8331
cao_qiao_001,8332,278.011345,3840,2160,12,8332
cao_qiao_001,8333,278.044711,3840,2160,13,8333
cao_qiao_001,8334,278.078078,3840,2160,13,8334
cao_qiao_001,8335,278.111445,3840,2160,14,8335
cao_qiao_001,8336,278.144811,3840,2160,14,8336
cao_qiao_001,8337,278.178178,3840,2160,14,8337
cao_qiao_001,8338,278.211545,3840,2160,15,8338
cao_qiao_001,8339,278.244912,3840,2160,15,8339
cao_qiao_001,8340,278.278278,3840,2160,14,8340
cao_qiao_001,8341,278.311645,3840,2160,13,8341
cao_qiao_001,8342,278.345012,3840,2160,12,8342
cao_qiao_001,8343,278.378378,3840,2160,12,8343
cao_qiao_001,8344,278.411745,3840,2160,14,8344
cao_qiao_001,8345,278.445112,3840,2160,13,8345
cao_qiao_001,8346,278.478478,3840,2160,12,8346
cao_qiao_001,8347,278.511845,3840,2160,12,8347
cao_qiao_001,8348,278.545212,3840,2160,12,8348
cao_qiao_001,8349,278.578579,3840,2160,13,8349
cao_qiao_001,8350,278.611945,3840,2160,13,8350
cao_qiao_001,8351,278.645312,3840,2160,13,8351
cao_qiao_001,8352,278.678679,3840,2160,13,8352
cao_qiao_001,8353,278.712045,3840,2160,13,8353
cao_qiao_001,8354,278.745412,3840,2160,13,8354
cao_qiao_001,8355,278.778779,3840,2160,13,8355
cao_qiao_001,8356,278.812145,3840,2160,13,8356
cao_qiao_001,8357,278.845512,3840,2160,13,8357
cao_qiao_001,8358,278.878879,3840,2160,13,8358
cao_qiao_001,8359,278.912246,3840,2160,13,8359
cao_qiao_001,8360,278.945612,3840,2160,13,8360
cao_qiao_001,8361,278.978979,3840,2160,12,8361
cao_qiao_001,8362,279.012346,3840,2160,12,8362
cao_qiao_001,8363,279.045712,3840,2160,12,8363
cao_qiao_001,8364,279.079079,3840,2160,12,8364
cao_qiao_001,8365,279.112446,3840,2160,12,8365
cao_qiao_001,8366,279.145812,3840,2160,13,8366
cao_qiao_001,8367,279.179179,3840,2160,13,8367
cao_qiao_001,8368,279.212546,3840,2160,14,8368
cao_qiao_001,8369,279.245913,3840,2160,14,8369
cao_qiao_001,8370,279.279279,3840,2160,13,8370
cao_qiao_001,8371,279.312646,3840,2160,13,8371
cao_qiao_001,8372,279.346013,3840,2160,13,8372
cao_qiao_001,8373,279.379379,3840,2160,13,8373
cao_qiao_001,8374,279.412746,3840,2160,13,8374
cao_qiao_001,8375,279.446113,3840,2160,13,8375
cao_qiao_001,8376,279.479479,3840,2160,13,8376
cao_qiao_001,8377,279.512846,3840,2160,13,8377
cao_qiao_001,8378,279.546213,3840,2160,13,8378
cao_qiao_001,8379,279.579580,3840,2160,13,8379
cao_qiao_001,8380,279.612946,3840,2160,13,8380
cao_qiao_001,8381,279.646313,3840,2160,13,8381
cao_qiao_001,8382,279.679680,3840,2160,13,8382
cao_qiao_001,8383,279.713046,3840,2160,13,8383
cao_qiao_001,8384,279.746413,3840,2160,13,8384
cao_qiao_001,8385,279.779780,3840,2160,13,8385
cao_qiao_001,8386,279.813146,3840,2160,14,8386
cao_qiao_001,8387,279.846513,3840,2160,14,8387
cao_qiao_001,8388,279.879880,3840,2160,14,8388
cao_qiao_001,8389,279.913247,3840,2160,14,8389
cao_qiao_001,8390,279.946613,3840,2160,14,8390
cao_qiao_001,8391,279.979980,3840,2160,16,8391
cao_qiao_001,8392,280.013347,3840,2160,15,8392
cao_qiao_001,8393,280.046713,3840,2160,15,8393
cao_qiao_001,8394,280.080080,3840,2160,14,8394
cao_qiao_001,8395,280.113447,3840,2160,14,8395
cao_qiao_001,8396,280.146813,3840,2160,14,8396
cao_qiao_001,8397,280.180180,3840,2160,14,8397
cao_qiao_001,8398,280.213547,3840,2160,13,8398
cao_qiao_001,8399,280.246914,3840,2160,13,8399
cao_qiao_001,8400,280.280280,3840,2160,13,8400
cao_qiao_001,8401,280.313647,3840,2160,13,8401
cao_qiao_001,8402,280.347014,3840,2160,13,8402
cao_qiao_001,8403,280.380380,3840,2160,14,8403
cao_qiao_001,8404,280.413747,3840,2160,14,8404
cao_qiao_001,8405,280.447114,3840,2160,14,8405
cao_qiao_001,8406,280.480480,3840,2160,13,8406
cao_qiao_001,8407,280.513847,3840,2160,14,8407
cao_qiao_001,8408,280.547214,3840,2160,13,8408
cao_qiao_001,8409,280.580581,3840,2160,13,8409
cao_qiao_001,8410,280.613947,3840,2160,12,8410
cao_qiao_001,8411,280.647314,3840,2160,13,8411
cao_qiao_001,8412,280.680681,3840,2160,12,8412
cao_qiao_001,8413,280.714047,3840,2160,12,8413
cao_qiao_001,8414,280.747414,3840,2160,12,8414
cao_qiao_001,8415,280.780781,3840,2160,13,8415
cao_qiao_001,8416,280.814147,3840,2160,11,8416
cao_qiao_001,8417,280.847514,3840,2160,12,8417
cao_qiao_001,8418,280.880881,3840,2160,11,8418
cao_qiao_001,8419,280.914248,3840,2160,13,8419
cao_qiao_001,8420,280.947614,3840,2160,12,8420
cao_qiao_001,8421,280.980981,3840,2160,12,8421
cao_qiao_001,8422,281.014348,3840,2160,13,8422
cao_qiao_001,8423,281.047714,3840,2160,13,8423
cao_qiao_001,8424,281.081081,3840,2160,12,8424
cao_qiao_001,8425,281.114448,3840,2160,12,8425
cao_qiao_001,8426,281.147814,3840,2160,12,8426
cao_qiao_001,8427,281.181181,3840,2160,14,8427
cao_qiao_001,8428,281.214548,3840,2160,12,8428
cao_qiao_001,8429,281.247915,3840,2160,12,8429
cao_qiao_001,8430,281.281281,3840,2160,12,8430
cao_qiao_001,8431,281.314648,3840,2160,11,8431
cao_qiao_001,8432,281.348015,3840,2160,12,8432
cao_qiao_001,8433,281.381381,3840,2160,12,8433
cao_qiao_001,8434,281.414748,3840,2160,12,8434
cao_qiao_001,8435,281.448115,3840,2160,12,8435
cao_qiao_001,8436,281.481481,3840,2160,12,8436
cao_qiao_001,8437,281.514848,3840,2160,12,8437
cao_qiao_001,8438,281.548215,3840,2160,11,8438
cao_qiao_001,8439,281.581582,3840,2160,11,8439
cao_qiao_001,8440,281.614948,3840,2160,11,8440
cao_qiao_001,8441,281.648315,3840,2160,12,8441
cao_qiao_001,8442,281.681682,3840,2160,12,8442
cao_qiao_001,8443,281.715048,3840,2160,12,8443
cao_qiao_001,8444,281.748415,3840,2160,12,8444
cao_qiao_001,8445,281.781782,3840,2160,12,8445
cao_qiao_001,8446,281.815148,3840,2160,13,8446
cao_qiao_001,8447,281.848515,3840,2160,13,8447
cao_qiao_001,8448,281.881882,3840,2160,13,8448
cao_qiao_001,8449,281.915249,3840,2160,12,8449
cao_qiao_001,8450,281.948615,3840,2160,12,8450
cao_qiao_001,8451,281.981982,3840,2160,13,8451
cao_qiao_001,8452,282.015349,3840,2160,14,8452
cao_qiao_001,8453,282.048715,3840,2160,13,8453
cao_qiao_001,8454,282.082082,3840,2160,13,8454
cao_qiao_001,8455,282.115449,3840,2160,12,8455
cao_qiao_001,8456,282.148815,3840,2160,12,8456
cao_qiao_001,8457,282.182182,3840,2160,12,8457
cao_qiao_001,8458,282.215549,3840,2160,12,8458
cao_qiao_001,8459,282.248916,3840,2160,12,8459
cao_qiao_001,8460,282.282282,3840,2160,12,8460
cao_qiao_001,8461,282.315649,3840,2160,12,8461
cao_qiao_001,8462,282.349016,3840,2160,12,8462
cao_qiao_001,8463,282.382382,3840,2160,12,8463
cao_qiao_001,8464,282.415749,3840,2160,13,8464
cao_qiao_001,8465,282.449116,3840,2160,13,8465
cao_qiao_001,8466,282.482482,3840,2160,13,8466
cao_qiao_001,8467,282.515849,3840,2160,13,8467
cao_qiao_001,8468,282.549216,3840,2160,13,8468
cao_qiao_001,8469,282.582583,3840,2160,13,8469
cao_qiao_001,8470,282.615949,3840,2160,13,8470
cao_qiao_001,8471,282.649316,3840,2160,13,8471
cao_qiao_001,8472,282.682683,3840,2160,13,8472
cao_qiao_001,8473,282.716049,3840,2160,12,8473
cao_qiao_001,8474,282.749416,3840,2160,12,8474
cao_qiao_001,8475,282.782783,3840,2160,11,8475
cao_qiao_001,8476,282.816149,3840,2160,11,8476
cao_qiao_001,8477,282.849516,3840,2160,11,8477
cao_qiao_001,8478,282.882883,3840,2160,11,8478
cao_qiao_001,8479,282.916250,3840,2160,11,8479
cao_qiao_001,8480,282.949616,3840,2160,11,8480
cao_qiao_001,8481,282.982983,3840,2160,11,8481
cao_qiao_001,8482,283.016350,3840,2160,12,8482
cao_qiao_001,8483,283.049716,3840,2160,12,8483
cao_qiao_001,8484,283.083083,3840,2160,12,8484
cao_qiao_001,8485,283.116450,3840,2160,12,8485
cao_qiao_001,8486,283.149816,3840,2160,12,8486
cao_qiao_001,8487,283.183183,3840,2160,12,8487
cao_qiao_001,8488,283.216550,3840,2160,12,8488
cao_qiao_001,8489,283.249917,3840,2160,13,8489
cao_qiao_001,8490,283.283283,3840,2160,13,8490
cao_qiao_001,8491,283.316650,3840,2160,13,8491
cao_qiao_001,8492,283.350017,3840,2160,12,8492
cao_qiao_001,8493,283.383383,3840,2160,12,8493
cao_qiao_001,8494,283.416750,3840,2160,12,8494
cao_qiao_001,8495,283.450117,3840,2160,12,8495
cao_qiao_001,8496,283.483483,3840,2160,12,8496
cao_qiao_001,8497,283.516850,3840,2160,12,8497
cao_qiao_001,8498,283.550217,3840,2160,13,8498
cao_qiao_001,8499,283.583584,3840,2160,13,8499
cao_qiao_001,8500,283.616950,3840,2160,13,8500
cao_qiao_001,8501,283.650317,3840,2160,14,8501
cao_qiao_001,8502,283.683684,3840,2160,14,8502
cao_qiao_001,8503,283.717050,3840,2160,13,8503
cao_qiao_001,8504,283.750417,3840,2160,13,8504
cao_qiao_001,8505,283.783784,3840,2160,13,8505
cao_qiao_001,8506,283.817150,3840,2160,12,8506
cao_qiao_001,8507,283.850517,3840,2160,12,8507
cao_qiao_001,8508,283.883884,3840,2160,12,8508
cao_qiao_001,8509,283.917251,3840,2160,13,8509
cao_qiao_001,8510,283.950617,3840,2160,13,8510
cao_qiao_001,8511,283.983984,3840,2160,13,8511
cao_qiao_001,8512,284.017351,3840,2160,13,8512
cao_qiao_001,8513,284.050717,3840,2160,12,8513
cao_qiao_001,8514,284.084084,3840,2160,12,8514
cao_qiao_001,8515,284.117451,3840,2160,12,8515
cao_qiao_001,8516,284.150817,3840,2160,12,8516
cao_qiao_001,8517,284.184184,3840,2160,12,8517
cao_qiao_001,8518,284.217551,3840,2160,12,8518
cao_qiao_001,8519,284.250918,3840,2160,13,8519
cao_qiao_001,8520,284.284284,3840,2160,12,8520
cao_qiao_001,8521,284.317651,3840,2160,12,8521
cao_qiao_001,8522,284.351018,3840,2160,12,8522
cao_qiao_001,8523,284.384384,3840,2160,12,8523
cao_qiao_001,8524,284.417751,3840,2160,11,8524
cao_qiao_001,8525,284.451118,3840,2160,11,8525
cao_qiao_001,8526,284.484484,3840,2160,11,8526
cao_qiao_001,8527,284.517851,3840,2160,12,8527
cao_qiao_001,8528,284.551218,3840,2160,13,8528
cao_qiao_001,8529,284.584585,3840,2160,13,8529
cao_qiao_001,8530,284.617951,3840,2160,13,8530
cao_qiao_001,8531,284.651318,3840,2160,13,8531
cao_qiao_001,8532,284.684685,3840,2160,13,8532
cao_qiao_001,8533,284.718051,3840,2160,13,8533
cao_qiao_001,8534,284.751418,3840,2160,12,8534
cao_qiao_001,8535,284.784785,3840,2160,12,8535
cao_qiao_001,8536,284.818151,3840,2160,12,8536
cao_qiao_001,8537,284.851518,3840,2160,12,8537
cao_qiao_001,8538,284.884885,3840,2160,12,8538
cao_qiao_001,8539,284.918252,3840,2160,12,8539
cao_qiao_001,8540,284.951618,3840,2160,12,8540
cao_qiao_001,8541,284.984985,3840,2160,12,8541
cao_qiao_001,8542,285.018352,3840,2160,12,8542
cao_qiao_001,8543,285.051718,3840,2160,12,8543
cao_qiao_001,8544,285.085085,3840,2160,12,8544
cao_qiao_001,8545,285.118452,3840,2160,12,8545
cao_qiao_001,8546,285.151818,3840,2160,12,8546
cao_qiao_001,8547,285.185185,3840,2160,12,8547
cao_qiao_001,8548,285.218552,3840,2160,12,8548
cao_qiao_001,8549,285.251919,3840,2160,12,8549
cao_qiao_001,8550,285.285285,3840,2160,12,8550
cao_qiao_001,8551,285.318652,3840,2160,12,8551
cao_qiao_001,8552,285.352019,3840,2160,12,8552
cao_qiao_001,8553,285.385385,3840,2160,12,8553
cao_qiao_001,8554,285.418752,3840,2160,12,8554
cao_qiao_001,8555,285.452119,3840,2160,12,8555
cao_qiao_001,8556,285.485485,3840,2160,12,8556
cao_qiao_001,8557,285.518852,3840,2160,12,8557
cao_qiao_001,8558,285.552219,3840,2160,12,8558
cao_qiao_001,8559,285.585586,3840,2160,12,8559
cao_qiao_001,8560,285.618952,3840,2160,13,8560
cao_qiao_001,8561,285.652319,3840,2160,12,8561
cao_qiao_001,8562,285.685686,3840,2160,12,8562
cao_qiao_001,8563,285.719052,3840,2160,12,8563
cao_qiao_001,8564,285.752419,3840,2160,12,8564
cao_qiao_001,8565,285.785786,3840,2160,12,8565
cao_qiao_001,8566,285.819152,3840,2160,12,8566
cao_qiao_001,8567,285.852519,3840,2160,13,8567
cao_qiao_001,8568,285.885886,3840,2160,13,8568
cao_qiao_001,8569,285.919253,3840,2160,13,8569
cao_qiao_001,8570,285.952619,3840,2160,13,8570
cao_qiao_001,8571,285.985986,3840,2160,13,8571
cao_qiao_001,8572,286.019353,3840,2160,13,8572
cao_qiao_001,8573,286.052719,3840,2160,13,8573
cao_qiao_001,8574,286.086086,3840,2160,13,8574
cao_qiao_001,8575,286.119453,3840,2160,13,8575
cao_qiao_001,8576,286.152819,3840,2160,13,8576
cao_qiao_001,8577,286.186186,3840,2160,12,8577
cao_qiao_001,8578,286.219553,3840,2160,11,8578
cao_qiao_001,8579,286.252920,3840,2160,11,8579
cao_qiao_001,8580,286.286286,3840,2160,11,8580
cao_qiao_001,8581,286.319653,3840,2160,11,8581
cao_qiao_001,8582,286.353020,3840,2160,12,8582
cao_qiao_001,8583,286.386386,3840,2160,12,8583
cao_qiao_001,8584,286.419753,3840,2160,13,8584
cao_qiao_001,8585,286.453120,3840,2160,13,8585
cao_qiao_001,8586,286.486486,3840,2160,12,8586
cao_qiao_001,8587,286.519853,3840,2160,11,8587
cao_qiao_001,8588,286.553220,3840,2160,11,8588
cao_qiao_001,8589,286.586587,3840,2160,11,8589
cao_qiao_001,8590,286.619953,3840,2160,12,8590
cao_qiao_001,8591,286.653320,3840,2160,13,8591
cao_qiao_001,8592,286.686687,3840,2160,12,8592
cao_qiao_001,8593,286.720053,3840,2160,11,8593
cao_qiao_001,8594,286.753420,3840,2160,11,8594
cao_qiao_001,8595,286.786787,3840,2160,11,8595
cao_qiao_001,8596,286.820153,3840,2160,12,8596
cao_qiao_001,8597,286.853520,3840,2160,13,8597
cao_qiao_001,8598,286.886887,3840,2160,13,8598
cao_qiao_001,8599,286.920254,3840,2160,12,8599
cao_qiao_001,8600,286.953620,3840,2160,12,8600
cao_qiao_001,8601,286.986987,3840,2160,12,8601
cao_qiao_001,8602,287.020354,3840,2160,12,8602
cao_qiao_001,8603,287.053720,3840,2160,12,8603
cao_qiao_001,8604,287.087087,3840,2160,12,8604
cao_qiao_001,8605,287.120454,3840,2160,11,8605
cao_qiao_001,8606,287.153820,3840,2160,11,8606
cao_qiao_001,8607,287.187187,3840,2160,11,8607
cao_qiao_001,8608,287.220554,3840,2160,12,8608
cao_qiao_001,8609,287.253921,3840,2160,11,8609
cao_qiao_001,8610,287.287287,3840,2160,10,8610
cao_qiao_001,8611,287.320654,3840,2160,10,8611
cao_qiao_001,8612,287.354021,3840,2160,10,8612
cao_qiao_001,8613,287.387387,3840,2160,10,8613
cao_qiao_001,8614,287.420754,3840,2160,10,8614
cao_qiao_001,8615,287.454121,3840,2160,10,8615
cao_qiao_001,8616,287.487487,3840,2160,10,8616
cao_qiao_001,8617,287.520854,3840,2160,10,8617
cao_qiao_001,8618,287.554221,3840,2160,9,8618
cao_qiao_001,8619,287.587588,3840,2160,9,8619
cao_qiao_001,8620,287.620954,3840,2160,9,8620
cao_qiao_001,8621,287.654321,3840,2160,9,8621
cao_qiao_001,8622,287.687688,3840,2160,10,8622
cao_qiao_001,8623,287.721054,3840,2160,11,8623
cao_qiao_001,8624,287.754421,3840,2160,11,8624
cao_qiao_001,8625,287.787788,3840,2160,11,8625
cao_qiao_001,8626,287.821154,3840,2160,12,8626
cao_qiao_001,8627,287.854521,3840,2160,12,8627
cao_qiao_001,8628,287.887888,3840,2160,12,8628
cao_qiao_001,8629,287.921255,3840,2160,11,8629
cao_qiao_001,8630,287.954621,3840,2160,11,8630
cao_qiao_001,8631,287.987988,3840,2160,11,8631
cao_qiao_001,8632,288.021355,3840,2160,11,8632
cao_qiao_001,8633,288.054721,3840,2160,11,8633
cao_qiao_001,8634,288.088088,3840,2160,11,8634
cao_qiao_001,8635,288.121455,3840,2160,10,8635
cao_qiao_001,8636,288.154821,3840,2160,9,8636
cao_qiao_001,8637,288.188188,3840,2160,9,8637
cao_qiao_001,8638,288.221555,3840,2160,9,8638
cao_qiao_001,8639,288.254922,3840,2160,10,8639
cao_qiao_001,8640,288.288288,3840,2160,10,8640
cao_qiao_001,8641,288.321655,3840,2160,10,8641
cao_qiao_001,8642,288.355022,3840,2160,10,8642
cao_qiao_001,8643,288.388388,3840,2160,10,8643
cao_qiao_001,8644,288.421755,3840,2160,10,8644
cao_qiao_001,8645,288.455122,3840,2160,10,8645
cao_qiao_001,8646,288.488488,3840,2160,10,8646
cao_qiao_001,8647,288.521855,3840,2160,10,8647
cao_qiao_001,8648,288.555222,3840,2160,10,8648
cao_qiao_001,8649,288.588589,3840,2160,10,8649
cao_qiao_001,8650,288.621955,3840,2160,10,8650
cao_qiao_001,8651,288.655322,3840,2160,11,8651
cao_qiao_001,8652,288.688689,3840,2160,11,8652
cao_qiao_001,8653,288.722055,3840,2160,11,8653
cao_qiao_001,8654,288.755422,3840,2160,10,8654
cao_qiao_001,8655,288.788789,3840,2160,10,8655
cao_qiao_001,8656,288.822155,3840,2160,10,8656
cao_qiao_001,8657,288.855522,3840,2160,11,8657
cao_qiao_001,8658,288.888889,3840,2160,11,8658
cao_qiao_001,8659,288.922256,3840,2160,12,8659
cao_qiao_001,8660,288.955622,3840,2160,11,8660
cao_qiao_001,8661,288.988989,3840,2160,11,8661
cao_qiao_001,8662,289.022356,3840,2160,11,8662
cao_qiao_001,8663,289.055722,3840,2160,10,8663
cao_qiao_001,8664,289.089089,3840,2160,10,8664
cao_qiao_001,8665,289.122456,3840,2160,10,8665
cao_qiao_001,8666,289.155822,3840,2160,10,8666
cao_qiao_001,8667,289.189189,3840,2160,10,8667
cao_qiao_001,8668,289.222556,3840,2160,10,8668
cao_qiao_001,8669,289.255923,3840,2160,10,8669
cao_qiao_001,8670,289.289289,3840,2160,10,8670
cao_qiao_001,8671,289.322656,3840,2160,10,8671
cao_qiao_001,8672,289.356023,3840,2160,11,8672
cao_qiao_001,8673,289.389389,3840,2160,11,8673
cao_qiao_001,8674,289.422756,3840,2160,11,8674
cao_qiao_001,8675,289.456123,3840,2160,9,8675
cao_qiao_001,8676,289.489489,3840,2160,9,8676
cao_qiao_001,8677,289.522856,3840,2160,9,8677
cao_qiao_001,8678,289.556223,3840,2160,9,8678
cao_qiao_001,8679,289.589590,3840,2160,9,8679
cao_qiao_001,8680,289.622956,3840,2160,9,8680
cao_qiao_001,8681,289.656323,3840,2160,9,8681
cao_qiao_001,8682,289.689690,3840,2160,9,8682
cao_qiao_001,8683,289.723056,3840,2160,9,8683
cao_qiao_001,8684,289.756423,3840,2160,11,8684
cao_qiao_001,8685,289.789790,3840,2160,11,8685
cao_qiao_001,8686,289.823156,3840,2160,10,8686
cao_qiao_001,8687,289.856523,3840,2160,10,8687
cao_qiao_001,8688,289.889890,3840,2160,10,8688
cao_qiao_001,8689,289.923257,3840,2160,11,8689
cao_qiao_001,8690,289.956623,3840,2160,10,8690
cao_qiao_001,8691,289.989990,3840,2160,11,8691
cao_qiao_001,8692,290.023357,3840,2160,10,8692
cao_qiao_001,8693,290.056723,3840,2160,10,8693
cao_qiao_001,8694,290.090090,3840,2160,10,8694
cao_qiao_001,8695,290.123457,3840,2160,12,8695
cao_qiao_001,8696,290.156823,3840,2160,12,8696
cao_qiao_001,8697,290.190190,3840,2160,11,8697
cao_qiao_001,8698,290.223557,3840,2160,11,8698
cao_qiao_001,8699,290.256924,3840,2160,11,8699
cao_qiao_001,8700,290.290290,3840,2160,11,8700
cao_qiao_001,8701,290.323657,3840,2160,11,8701
cao_qiao_001,8702,290.357024,3840,2160,11,8702
cao_qiao_001,8703,290.390390,3840,2160,10,8703
cao_qiao_001,8704,290.423757,3840,2160,10,8704
cao_qiao_001,8705,290.457124,3840,2160,10,8705
cao_qiao_001,8706,290.490490,3840,2160,10,8706
cao_qiao_001,8707,290.523857,3840,2160,10,8707
cao_qiao_001,8708,290.557224,3840,2160,11,8708
cao_qiao_001,8709,290.590591,3840,2160,10,8709
cao_qiao_001,8710,290.623957,3840,2160,9,8710
cao_qiao_001,8711,290.657324,3840,2160,8,8711
cao_qiao_001,8712,290.690691,3840,2160,9,8712
cao_qiao_001,8713,290.724057,3840,2160,9,8713
cao_qiao_001,8714,290.757424,3840,2160,9,8714
cao_qiao_001,8715,290.790791,3840,2160,9,8715
cao_qiao_001,8716,290.824157,3840,2160,9,8716
cao_qiao_001,8717,290.857524,3840,2160,9,8717
cao_qiao_001,8718,290.890891,3840,2160,9,8718
cao_qiao_001,8719,290.924258,3840,2160,10,8719
cao_qiao_001,8720,290.957624,3840,2160,8,8720
cao_qiao_001,8721,290.990991,3840,2160,8,8721
cao_qiao_001,8722,291.024358,3840,2160,7,8722
cao_qiao_001,8723,291.057724,3840,2160,9,8723
cao_qiao_001,8724,291.091091,3840,2160,9,8724
cao_qiao_001,8725,291.124458,3840,2160,9,8725
cao_qiao_001,8726,291.157824,3840,2160,9,8726
cao_qiao_001,8727,291.191191,3840,2160,9,8727
cao_qiao_001,8728,291.224558,3840,2160,9,8728
cao_qiao_001,8729,291.257925,3840,2160,9,8729
cao_qiao_001,8730,291.291291,3840,2160,8,8730
cao_qiao_001,8731,291.324658,3840,2160,8,8731
cao_qiao_001,8732,291.358025,3840,2160,10,8732
cao_qiao_001,8733,291.391391,3840,2160,11,8733
cao_qiao_001,8734,291.424758,3840,2160,11,8734
cao_qiao_001,8735,291.458125,3840,2160,11,8735
cao_qiao_001,8736,291.491491,3840,2160,10,8736
cao_qiao_001,8737,291.524858,3840,2160,10,8737
cao_qiao_001,8738,291.558225,3840,2160,10,8738
cao_qiao_001,8739,291.591592,3840,2160,10,8739
cao_qiao_001,8740,291.624958,3840,2160,10,8740
cao_qiao_001,8741,291.658325,3840,2160,9,8741
cao_qiao_001,8742,291.691692,3840,2160,8,8742
cao_qiao_001,8743,291.725058,3840,2160,8,8743
cao_qiao_001,8744,291.758425,3840,2160,8,8744
cao_qiao_001,8745,291.791792,3840,2160,9,8745
cao_qiao_001,8746,291.825158,3840,2160,8,8746
cao_qiao_001,8747,291.858525,3840,2160,8,8747
cao_qiao_001,8748,291.891892,3840,2160,8,8748
cao_qiao_001,8749,291.925259,3840,2160,8,8749
cao_qiao_001,8750,291.958625,3840,2160,8,8750
cao_qiao_001,8751,291.991992,3840,2160,8,8751
cao_qiao_001,8752,292.025359,3840,2160,8,8752
cao_qiao_001,8753,292.058725,3840,2160,9,8753
cao_qiao_001,8754,292.092092,3840,2160,8,8754
cao_qiao_001,8755,292.125459,3840,2160,8,8755
cao_qiao_001,8756,292.158825,3840,2160,7,8756
cao_qiao_001,8757,292.192192,3840,2160,7,8757
cao_qiao_001,8758,292.225559,3840,2160,7,8758
cao_qiao_001,8759,292.258926,3840,2160,7,8759
cao_qiao_001,8760,292.292292,3840,2160,7,8760
cao_qiao_001,8761,292.325659,3840,2160,7,8761
cao_qiao_001,8762,292.359026,3840,2160,7,8762
cao_qiao_001,8763,292.392392,3840,2160,7,8763
cao_qiao_001,8764,292.425759,3840,2160,7,8764
cao_qiao_001,8765,292.459126,3840,2160,7,8765
cao_qiao_001,8766,292.492492,3840,2160,8,8766
cao_qiao_001,8767,292.525859,3840,2160,8,8767
cao_qiao_001,8768,292.559226,3840,2160,8,8768
cao_qiao_001,8769,292.592593,3840,2160,8,8769
cao_qiao_001,8770,292.625959,3840,2160,8,8770
cao_qiao_001,8771,292.659326,3840,2160,9,8771
cao_qiao_001,8772,292.692693,3840,2160,9,8772
cao_qiao_001,8773,292.726059,3840,2160,8,8773
cao_qiao_001,8774,292.759426,3840,2160,8,8774
cao_qiao_001,8775,292.792793,3840,2160,8,8775
cao_qiao_001,8776,292.826159,3840,2160,8,8776
cao_qiao_001,8777,292.859526,3840,2160,8,8777
cao_qiao_001,8778,292.892893,3840,2160,8,8778
cao_qiao_001,8779,292.926260,3840,2160,8,8779
cao_qiao_001,8780,292.959626,3840,2160,8,8780
cao_qiao_001,8781,292.992993,3840,2160,8,8781
cao_qiao_001,8782,293.026360,3840,2160,8,8782
cao_qiao_001,8783,293.059726,3840,2160,8,8783
cao_qiao_001,8784,293.093093,3840,2160,8,8784
cao_qiao_001,8785,293.126460,3840,2160,8,8785
cao_qiao_001,8786,293.159826,3840,2160,8,8786
cao_qiao_001,8787,293.193193,3840,2160,9,8787
cao_qiao_001,8788,293.226560,3840,2160,9,8788
cao_qiao_001,8789,293.259927,3840,2160,9,8789
cao_qiao_001,8790,293.293293,3840,2160,9,8790
cao_qiao_001,8791,293.326660,3840,2160,11,8791
cao_qiao_001,8792,293.360027,3840,2160,12,8792
cao_qiao_001,8793,293.393393,3840,2160,11,8793
cao_qiao_001,8794,293.426760,3840,2160,10,8794
cao_qiao_001,8795,293.460127,3840,2160,10,8795
cao_qiao_001,8796,293.493493,3840,2160,10,8796
cao_qiao_001,8797,293.526860,3840,2160,10,8797
cao_qiao_001,8798,293.560227,3840,2160,11,8798
cao_qiao_001,8799,293.593594,3840,2160,11,8799
cao_qiao_001,8800,293.626960,3840,2160,10,8800
cao_qiao_001,8801,293.660327,3840,2160,10,8801
cao_qiao_001,8802,293.693694,3840,2160,11,8802
cao_qiao_001,8803,293.727060,3840,2160,9,8803
cao_qiao_001,8804,293.760427,3840,2160,9,8804
cao_qiao_001,8805,293.793794,3840,2160,9,8805
cao_qiao_001,8806,293.827160,3840,2160,10,8806
cao_qiao_001,8807,293.860527,3840,2160,10,8807
cao_qiao_001,8808,293.893894,3840,2160,10,8808
cao_qiao_001,8809,293.927261,3840,2160,12,8809
cao_qiao_001,8810,293.960627,3840,2160,11,8810
cao_qiao_001,8811,293.993994,3840,2160,10,8811
cao_qiao_001,8812,294.027361,3840,2160,10,8812
cao_qiao_001,8813,294.060727,3840,2160,10,8813
cao_qiao_001,8814,294.094094,3840,2160,12,8814
cao_qiao_001,8815,294.127461,3840,2160,11,8815
cao_qiao_001,8816,294.160827,3840,2160,11,8816
cao_qiao_001,8817,294.194194,3840,2160,10,8817
cao_qiao_001,8818,294.227561,3840,2160,9,8818
cao_qiao_001,8819,294.260928,3840,2160,8,8819
cao_qiao_001,8820,294.294294,3840,2160,9,8820
cao_qiao_001,8821,294.327661,3840,2160,10,8821
cao_qiao_001,8822,294.361028,3840,2160,10,8822
cao_qiao_001,8823,294.394394,3840,2160,10,8823
cao_qiao_001,8824,294.427761,3840,2160,10,8824
cao_qiao_001,8825,294.461128,3840,2160,10,8825
cao_qiao_001,8826,294.494494,3840,2160,11,8826
cao_qiao_001,8827,294.527861,3840,2160,11,8827
cao_qiao_001,8828,294.561228,3840,2160,11,8828
cao_qiao_001,8829,294.594595,3840,2160,11,8829
cao_qiao_001,8830,294.627961,3840,2160,11,8830
cao_qiao_001,8831,294.661328,3840,2160,11,8831
cao_qiao_001,8832,294.694695,3840,2160,10,8832
cao_qiao_001,8833,294.728061,3840,2160,10,8833
cao_qiao_001,8834,294.761428,3840,2160,8,8834
cao_qiao_001,8835,294.794795,3840,2160,8,8835
cao_qiao_001,8836,294.828161,3840,2160,8,8836
cao_qiao_001,8837,294.861528,3840,2160,9,8837
cao_qiao_001,8838,294.894895,3840,2160,9,8838
cao_qiao_001,8839,294.928262,3840,2160,10,8839
cao_qiao_001,8840,294.961628,3840,2160,10,8840
cao_qiao_001,8841,294.994995,3840,2160,10,8841
cao_qiao_001,8842,295.028362,3840,2160,10,8842
cao_qiao_001,8843,295.061728,3840,2160,10,8843
cao_qiao_001,8844,295.095095,3840,2160,10,8844
cao_qiao_001,8845,295.128462,3840,2160,10,8845
cao_qiao_001,8846,295.161828,3840,2160,9,8846
cao_qiao_001,8847,295.195195,3840,2160,9,8847
cao_qiao_001,8848,295.228562,3840,2160,9,8848
cao_qiao_001,8849,295.261929,3840,2160,10,8849
cao_qiao_001,8850,295.295295,3840,2160,9,8850
cao_qiao_001,8851,295.328662,3840,2160,9,8851
cao_qiao_001,8852,295.362029,3840,2160,9,8852
cao_qiao_001,8853,295.395395,3840,2160,10,8853
cao_qiao_001,8854,295.428762,3840,2160,9,8854
cao_qiao_001,8855,295.462129,3840,2160,10,8855
cao_qiao_001,8856,295.495495,3840,2160,10,8856
cao_qiao_001,8857,295.528862,3840,2160,10,8857
cao_qiao_001,8858,295.562229,3840,2160,10,8858
cao_qiao_001,8859,295.595596,3840,2160,10,8859
cao_qiao_001,8860,295.628962,3840,2160,10,8860
cao_qiao_001,8861,295.662329,3840,2160,11,8861
cao_qiao_001,8862,295.695696,3840,2160,10,8862
cao_qiao_001,8863,295.729062,3840,2160,10,8863
cao_qiao_001,8864,295.762429,3840,2160,9,8864
cao_qiao_001,8865,295.795796,3840,2160,9,8865
cao_qiao_001,8866,295.829162,3840,2160,9,8866
cao_qiao_001,8867,295.862529,3840,2160,10,8867
cao_qiao_001,8868,295.895896,3840,2160,9,8868
cao_qiao_001,8869,295.929263,3840,2160,9,8869
cao_qiao_001,8870,295.962629,3840,2160,9,8870
cao_qiao_001,8871,295.995996,3840,2160,11,8871
cao_qiao_001,8872,296.029363,3840,2160,10,8872
cao_qiao_001,8873,296.062729,3840,2160,10,8873
cao_qiao_001,8874,296.096096,3840,2160,10,8874
cao_qiao_001,8875,296.129463,3840,2160,10,8875
cao_qiao_001,8876,296.162829,3840,2160,9,8876
cao_qiao_001,8877,296.196196,3840,2160,9,8877
cao_qiao_001,8878,296.229563,3840,2160,10,8878
cao_qiao_001,8879,296.262930,3840,2160,11,8879
cao_qiao_001,8880,296.296296,3840,2160,12,8880
cao_qiao_001,8881,296.329663,3840,2160,12,8881
cao_qiao_001,8882,296.363030,3840,2160,12,8882
cao_qiao_001,8883,296.396396,3840,2160,12,8883
cao_qiao_001,8884,296.429763,3840,2160,12,8884
cao_qiao_001,8885,296.463130,3840,2160,11,8885
cao_qiao_001,8886,296.496496,3840,2160,12,8886
cao_qiao_001,8887,296.529863,3840,2160,12,8887
cao_qiao_001,8888,296.563230,3840,2160,11,8888
cao_qiao_001,8889,296.596597,3840,2160,11,8889
cao_qiao_001,8890,296.629963,3840,2160,11,8890
cao_qiao_001,8891,296.663330,3840,2160,10,8891
cao_qiao_001,8892,296.696697,3840,2160,10,8892
cao_qiao_001,8893,296.730063,3840,2160,11,8893
cao_qiao_001,8894,296.763430,3840,2160,11,8894
cao_qiao_001,8895,296.796797,3840,2160,10,8895
cao_qiao_001,8896,296.830163,3840,2160,10,8896
cao_qiao_001,8897,296.863530,3840,2160,11,8897
cao_qiao_001,8898,296.896897,3840,2160,11,8898
cao_qiao_001,8899,296.930264,3840,2160,12,8899
cao_qiao_001,8900,296.963630,3840,2160,13,8900
cao_qiao_001,8901,296.996997,3840,2160,12,8901
cao_qiao_001,8902,297.030364,3840,2160,12,8902
cao_qiao_001,8903,297.063730,3840,2160,12,8903
cao_qiao_001,8904,297.097097,3840,2160,12,8904
cao_qiao_001,8905,297.130464,3840,2160,11,8905
cao_qiao_001,8906,297.163830,3840,2160,11,8906
cao_qiao_001,8907,297.197197,3840,2160,11,8907
cao_qiao_001,8908,297.230564,3840,2160,12,8908
cao_qiao_001,8909,297.263931,3840,2160,11,8909
cao_qiao_001,8910,297.297297,3840,2160,12,8910
cao_qiao_001,8911,297.330664,3840,2160,11,8911
cao_qiao_001,8912,297.364031,3840,2160,13,8912
cao_qiao_001,8913,297.397397,3840,2160,12,8913
cao_qiao_001,8914,297.430764,3840,2160,11,8914
cao_qiao_001,8915,297.464131,3840,2160,12,8915
cao_qiao_001,8916,297.497497,3840,2160,12,8916
cao_qiao_001,8917,297.530864,3840,2160,11,8917
cao_qiao_001,8918,297.564231,3840,2160,11,8918
cao_qiao_001,8919,297.597598,3840,2160,11,8919
cao_qiao_001,8920,297.630964,3840,2160,11,8920
cao_qiao_001,8921,297.664331,3840,2160,12,8921
cao_qiao_001,8922,297.697698,3840,2160,11,8922
cao_qiao_001,8923,297.731064,3840,2160,11,8923
cao_qiao_001,8924,297.764431,3840,2160,11,8924
cao_qiao_001,8925,297.797798,3840,2160,11,8925
cao_qiao_001,8926,297.831164,3840,2160,11,8926
cao_qiao_001,8927,297.864531,3840,2160,11,8927
cao_qiao_001,8928,297.897898,3840,2160,11,8928
cao_qiao_001,8929,297.931265,3840,2160,11,8929
cao_qiao_001,8930,297.964631,3840,2160,10,8930
cao_qiao_001,8931,297.997998,3840,2160,10,8931
cao_qiao_001,8932,298.031365,3840,2160,10,8932
cao_qiao_001,8933,298.064731,3840,2160,11,8933
cao_qiao_001,8934,298.098098,3840,2160,10,8934
cao_qiao_001,8935,298.131465,3840,2160,10,8935
cao_qiao_001,8936,298.164831,3840,2160,10,8936
cao_qiao_001,8937,298.198198,3840,2160,10,8937
cao_qiao_001,8938,298.231565,3840,2160,10,8938
cao_qiao_001,8939,298.264932,3840,2160,10,8939
cao_qiao_001,8940,298.298298,3840,2160,10,8940
cao_qiao_001,8941,298.331665,3840,2160,10,8941
cao_qiao_001,8942,298.365032,3840,2160,10,8942
cao_qiao_001,8943,298.398398,3840,2160,10,8943
cao_qiao_001,8944,298.431765,3840,2160,10,8944
cao_qiao_001,8945,298.465132,3840,2160,10,8945
cao_qiao_001,8946,298.498498,3840,2160,10,8946
cao_qiao_001,8947,298.531865,3840,2160,9,8947
cao_qiao_001,8948,298.565232,3840,2160,9,8948
cao_qiao_001,8949,298.598599,3840,2160,10,8949
cao_qiao_001,8950,298.631965,3840,2160,9,8950
cao_qiao_001,8951,298.665332,3840,2160,9,8951
cao_qiao_001,8952,298.698699,3840,2160,9,8952
cao_qiao_001,8953,298.732065,3840,2160,9,8953
cao_qiao_001,8954,298.765432,3840,2160,9,8954
cao_qiao_001,8955,298.798799,3840,2160,9,8955
cao_qiao_001,8956,298.832165,3840,2160,10,8956
cao_qiao_001,8957,298.865532,3840,2160,9,8957
cao_qiao_001,8958,298.898899,3840,2160,9,8958
cao_qiao_001,8959,298.932266,3840,2160,9,8959
cao_qiao_001,8960,298.965632,3840,2160,9,8960
cao_qiao_001,8961,298.998999,3840,2160,9,8961
cao_qiao_001,8962,299.032366,3840,2160,9,8962
cao_qiao_001,8963,299.065732,3840,2160,9,8963
cao_qiao_001,8964,299.099099,3840,2160,10,8964
cao_qiao_001,8965,299.132466,3840,2160,9,8965
cao_qiao_001,8966,299.165832,3840,2160,9,8966
cao_qiao_001,8967,299.199199,3840,2160,10,8967
cao_qiao_001,8968,299.232566,3840,2160,9,8968
cao_qiao_001,8969,299.265933,3840,2160,9,8969
cao_qiao_001,8970,299.299299,3840,2160,9,8970
cao_qiao_001,8971,299.332666,3840,2160,9,8971
cao_qiao_001,8972,299.366033,3840,2160,10,8972
cao_qiao_001,8973,299.399399,3840,2160,10,8973
cao_qiao_001,8974,299.432766,3840,2160,10,8974
cao_qiao_001,8975,299.466133,3840,2160,10,8975
cao_qiao_001,8976,299.499499,3840,2160,9,8976
cao_qiao_001,8977,299.532866,3840,2160,9,8977
cao_qiao_001,8978,299.566233,3840,2160,9,8978
cao_qiao_001,8979,299.599600,3840,2160,9,8979
cao_qiao_001,8980,299.632966,3840,2160,10,8980
cao_qiao_001,8981,299.666333,3840,2160,10,8981
cao_qiao_001,8982,299.699700,3840,2160,10,8982
cao_qiao_001,8983,299.733066,3840,2160,10,8983
cao_qiao_001,8984,299.766433,3840,2160,10,8984
cao_qiao_001,8985,299.799800,3840,2160,9,8985
cao_qiao_001,8986,299.833166,3840,2160,9,8986
cao_qiao_001,8987,299.866533,3840,2160,9,8987
cao_qiao_001,8988,299.899900,3840,2160,8,8988
cao_qiao_001,8989,299.933267,3840,2160,8,8989
cao_qiao_001,8990,299.966633,3840,2160,9,8990
cao_qiao_001,8991,300.000000,3840,2160,9,8991
cao_qiao_001,8992,300.033367,3840,2160,9,8992
cao_qiao_001,8993,300.066733,3840,2160,9,8993
cao_qiao_001,8994,300.100100,3840,2160,9,8994
cao_qiao_001,8995,300.133467,3840,2160,9,8995
cao_qiao_001,8996,300.166834,3840,2160,9,8996
cao_qiao_001,8997,300.200200,3840,2160,9,8997
cao_qiao_001,8998,300.233567,3840,2160,10,8998
cao_qiao_001,8999,300.266934,3840,2160,10,8999
cao_qiao_001,9000,300.300300,3840,2160,10,9000
cao_qiao_001,9001,300.333667,3840,2160,10,9001
cao_qiao_001,9002,300.367034,3840,2160,9,9002
cao_qiao_001,9003,300.400400,3840,2160,9,9003
cao_qiao_001,9004,300.433767,3840,2160,9,9004
cao_qiao_001,9005,300.467134,3840,2160,8,9005
cao_qiao_001,9006,300.500501,3840,2160,8,9006
cao_qiao_001,9007,300.533867,3840,2160,8,9007
cao_qiao_001,9008,300.567234,3840,2160,8,9008
cao_qiao_001,9009,300.600601,3840,2160,10,9009
cao_qiao_001,9010,300.633967,3840,2160,11,9010
cao_qiao_001,9011,300.667334,3840,2160,11,9011
cao_qiao_001,9012,300.700701,3840,2160,11,9012
cao_qiao_001,9013,300.734067,3840,2160,11,9013
cao_qiao_001,9014,300.767434,3840,2160,11,9014
cao_qiao_001,9015,300.800801,3840,2160,11,9015
cao_qiao_001,9016,300.834168,3840,2160,10,9016
cao_qiao_001,9017,300.867534,3840,2160,9,9017
cao_qiao_001,9018,300.900901,3840,2160,9,9018
cao_qiao_001,9019,300.934268,3840,2160,9,9019
cao_qiao_001,9020,300.967634,3840,2160,9,9020
cao_qiao_001,9021,301.001001,3840,2160,9,9021
